condition,seed,method,width,cov
api99_n3,70032,usual,77.22449072669527,0.9619047619047619
api99_n3,70032,ours: Gaussian,77.22449072669527,0.9619047619047619
api99_n3,70032,ours: symmetric unimodal,77.22449072669527,0.9619047619047619
api99_n3,70032,ours: mean-zero log-concave,77.22449072669527,0.9619047619047619
api99_n3,70032,"no shape, median-zero",121.2215577311722,1.0
api99_n3,70032,fay_herriot (plug-in D),59.827137352612596,0.9238095238095239
api99_n3,70032,latentcp (plug-in D),86.53608191624193,0.9714285714285714
api99_n3,70032,shape_free (plug-in D),104.80947081289723,1.0
api99_n3,70033,usual,72.55861035448099,0.9809523809523809
api99_n3,70033,ours: Gaussian,72.55861035448099,0.9809523809523809
api99_n3,70033,ours: symmetric unimodal,72.55861035448099,0.9809523809523809
api99_n3,70033,ours: mean-zero log-concave,72.55861035448099,0.9809523809523809
api99_n3,70033,"no shape, median-zero",81.75703151500966,0.9904761904761905
api99_n3,70033,fay_herriot (plug-in D),55.30519136818833,0.9428571428571428
api99_n3,70033,latentcp (plug-in D),72.90610749010136,0.9809523809523809
api99_n3,70033,shape_free (plug-in D),79.73407491583995,0.9904761904761905
api99_n3,70046,usual,69.55199673193283,0.9714285714285714
api99_n3,70046,ours: Gaussian,69.55199673193283,0.9714285714285714
api99_n3,70046,ours: symmetric unimodal,69.55199673193283,0.9714285714285714
api99_n3,70046,ours: mean-zero log-concave,69.55199673193283,0.9714285714285714
api99_n3,70046,"no shape, median-zero",73.90016416208216,0.9904761904761905
api99_n3,70046,fay_herriot (plug-in D),51.21823172929362,0.9047619047619048
api99_n3,70046,latentcp (plug-in D),71.43450690366289,0.9904761904761905
api99_n3,70046,shape_free (plug-in D),74.87611867636798,0.9904761904761905
api99_n3,70047,usual,77.10483466616945,1.0
api99_n3,70047,ours: Gaussian,77.10483466616945,1.0
api99_n3,70047,ours: symmetric unimodal,77.10483466616945,1.0
api99_n3,70047,ours: mean-zero log-concave,77.10483466616945,1.0
api99_n3,70047,"no shape, median-zero",92.19056024998675,1.0
api99_n3,70047,fay_herriot (plug-in D),69.2982433290022,0.9904761904761905
api99_n3,70047,latentcp (plug-in D),84.96597187146837,1.0
api99_n3,70047,shape_free (plug-in D),91.50552794390542,1.0
api99_n3,70092,usual,83.24287686552339,0.9904761904761905
api99_n3,70092,ours: Gaussian,83.24287686552339,0.9904761904761905
api99_n3,70092,ours: symmetric unimodal,83.24287686552339,0.9904761904761905
api99_n3,70092,ours: mean-zero log-concave,83.24287686552339,0.9904761904761905
api99_n3,70092,"no shape, median-zero",95.8902006426844,1.0
api99_n3,70092,fay_herriot (plug-in D),65.65409275314018,0.9904761904761905
api99_n3,70092,latentcp (plug-in D),89.87717442498986,0.9904761904761905
api99_n3,70092,shape_free (plug-in D),96.67435199873583,1.0
api99_n3,70093,usual,70.64190377644763,1.0
api99_n3,70093,ours: Gaussian,70.64190377644763,1.0
api99_n3,70093,ours: symmetric unimodal,70.64190377644763,1.0
api99_n3,70093,ours: mean-zero log-concave,70.64190377644763,1.0
api99_n3,70093,"no shape, median-zero",106.64530760606453,1.0
api99_n3,70093,fay_herriot (plug-in D),65.02282980188001,0.9904761904761905
api99_n3,70093,latentcp (plug-in D),82.99090654525274,1.0
api99_n3,70093,shape_free (plug-in D),94.27795824381886,1.0
api99_n3,70084,usual,69.13446366966578,0.9904761904761905
api99_n3,70084,ours: Gaussian,69.13446366966578,0.9904761904761905
api99_n3,70084,ours: symmetric unimodal,69.13446366966578,0.9904761904761905
api99_n3,70084,ours: mean-zero log-concave,69.13446366966578,0.9904761904761905
api99_n3,70084,"no shape, median-zero",81.97276110272215,1.0
api99_n3,70084,fay_herriot (plug-in D),54.65189812278054,0.8857142857142857
api99_n3,70084,latentcp (plug-in D),70.4414585001279,0.9904761904761905
api99_n3,70084,shape_free (plug-in D),81.74723019608761,1.0
api99_n3,70085,usual,81.81887218917852,1.0
api99_n3,70085,ours: Gaussian,81.81887218917852,1.0
api99_n3,70085,ours: symmetric unimodal,81.81887218917852,1.0
api99_n3,70085,ours: mean-zero log-concave,81.81887218917852,1.0
api99_n3,70085,"no shape, median-zero",96.44209111135706,1.0
api99_n3,70085,fay_herriot (plug-in D),64.15221003450608,0.9714285714285714
api99_n3,70085,latentcp (plug-in D),82.66260246020906,1.0
api99_n3,70085,shape_free (plug-in D),87.02077427622956,1.0
api99_n3,70068,usual,80.92849491032693,0.9809523809523809
api99_n3,70068,ours: Gaussian,80.92849491032693,0.9809523809523809
api99_n3,70068,ours: symmetric unimodal,80.92849491032693,0.9809523809523809
api99_n3,70068,ours: mean-zero log-concave,80.92849491032693,0.9809523809523809
api99_n3,70068,"no shape, median-zero",122.24179207264153,1.0
api99_n3,70068,fay_herriot (plug-in D),63.50322674649529,0.9523809523809523
api99_n3,70068,latentcp (plug-in D),88.68757747160515,1.0
api99_n3,70068,shape_free (plug-in D),95.98006326210364,1.0
api99_n3,70069,usual,66.27394791079708,0.9809523809523809
api99_n3,70069,ours: Gaussian,66.27394791079708,0.9809523809523809
api99_n3,70069,ours: symmetric unimodal,66.27394791079708,0.9809523809523809
api99_n3,70069,ours: mean-zero log-concave,66.27394791079708,0.9809523809523809
api99_n3,70069,"no shape, median-zero",82.04191872601336,0.9904761904761905
api99_n3,70069,fay_herriot (plug-in D),60.96381431823918,0.9714285714285714
api99_n3,70069,latentcp (plug-in D),67.58365671457463,0.9809523809523809
api99_n3,70069,shape_free (plug-in D),79.01650388260626,0.9904761904761905
api99_n3,70004,usual,77.8930539833829,0.9809523809523809
api99_n3,70004,ours: Gaussian,77.8930539833829,0.9809523809523809
api99_n3,70004,ours: symmetric unimodal,77.8930539833829,0.9809523809523809
api99_n3,70004,ours: mean-zero log-concave,77.8930539833829,0.9809523809523809
api99_n3,70004,"no shape, median-zero",98.60720192990031,0.9904761904761905
api99_n3,70004,fay_herriot (plug-in D),57.013754945709046,0.9523809523809523
api99_n3,70004,latentcp (plug-in D),87.2636422577537,0.9809523809523809
api99_n3,70004,shape_free (plug-in D),93.91532757348904,0.9904761904761905
api99_n3,70005,usual,79.87523639901569,0.9904761904761905
api99_n3,70005,ours: Gaussian,79.87523639901569,0.9904761904761905
api99_n3,70005,ours: symmetric unimodal,79.87523639901569,0.9904761904761905
api99_n3,70005,ours: mean-zero log-concave,79.87523639901569,0.9904761904761905
api99_n3,70005,"no shape, median-zero",84.94754217380834,1.0
api99_n3,70005,fay_herriot (plug-in D),53.1584383612761,0.9142857142857143
api99_n3,70005,latentcp (plug-in D),80.785848451365,0.9904761904761905
api99_n3,70005,shape_free (plug-in D),85.50293254272005,1.0
api99_n3,70006,usual,66.78259651963815,0.9809523809523809
api99_n3,70006,ours: Gaussian,66.78259651963815,0.9809523809523809
api99_n3,70006,ours: symmetric unimodal,66.78259651963815,0.9809523809523809
api99_n3,70006,ours: mean-zero log-concave,66.78259651963815,0.9809523809523809
api99_n3,70006,"no shape, median-zero",75.9627327613266,1.0
api99_n3,70006,fay_herriot (plug-in D),54.058269054478664,0.9142857142857143
api99_n3,70006,latentcp (plug-in D),66.7859926507456,0.9808571428571429
api99_n3,70006,shape_free (plug-in D),73.45529592364703,1.0
api99_n3,70007,usual,70.79472668922669,0.9904761904761905
api99_n3,70007,ours: Gaussian,70.79472668922669,0.9904761904761905
api99_n3,70007,ours: symmetric unimodal,70.79472668922669,0.9904761904761905
api99_n3,70007,ours: mean-zero log-concave,70.79472668922669,0.9904761904761905
api99_n3,70007,"no shape, median-zero",110.79506082789915,1.0
api99_n3,70007,fay_herriot (plug-in D),61.328947561779145,0.9619047619047619
api99_n3,70007,latentcp (plug-in D),73.85705778160252,0.9904761904761905
api99_n3,70007,shape_free (plug-in D),80.0565233864715,0.9904761904761905
api99_n3,70034,usual,74.64547785939783,1.0
api99_n3,70034,ours: Gaussian,74.64547785939783,1.0
api99_n3,70034,ours: symmetric unimodal,74.64547785939783,1.0
api99_n3,70034,ours: mean-zero log-concave,74.64547785939783,1.0
api99_n3,70034,"no shape, median-zero",97.24516272822348,1.0
api99_n3,70034,fay_herriot (plug-in D),61.15436066364037,0.9904761904761905
api99_n3,70034,latentcp (plug-in D),86.04678510620404,1.0
api99_n3,70034,shape_free (plug-in D),96.56831515089146,1.0
api99_n3,70035,usual,70.77914375874396,0.9619047619047619
api99_n3,70035,ours: Gaussian,70.77914375874396,0.9619047619047619
api99_n3,70035,ours: symmetric unimodal,70.77914375874396,0.9619047619047619
api99_n3,70035,ours: mean-zero log-concave,70.77914375874396,0.9619047619047619
api99_n3,70035,"no shape, median-zero",77.47452851735837,0.9809523809523809
api99_n3,70035,fay_herriot (plug-in D),50.608715934407364,0.8761904761904762
api99_n3,70035,latentcp (plug-in D),72.07736243825987,0.9619047619047619
api99_n3,70035,shape_free (plug-in D),74.57141182714162,0.9714285714285714
api99_n3,70012,usual,68.8225446877769,0.9714285714285714
api99_n3,70012,ours: Gaussian,68.8225446877769,0.9714285714285714
api99_n3,70012,ours: symmetric unimodal,68.8225446877769,0.9714285714285714
api99_n3,70012,ours: mean-zero log-concave,68.8225446877769,0.9714285714285714
api99_n3,70012,"no shape, median-zero",87.16680847488927,0.9904761904761905
api99_n3,70012,fay_herriot (plug-in D),52.418106114856954,0.9142857142857143
api99_n3,70012,latentcp (plug-in D),68.93745017703581,0.9714285714285714
api99_n3,70012,shape_free (plug-in D),75.52691825720186,0.9809523809523809
api99_n3,70013,usual,79.49158004961062,1.0
api99_n3,70013,ours: Gaussian,79.49158004961062,1.0
api99_n3,70013,ours: symmetric unimodal,79.49158004961062,1.0
api99_n3,70013,ours: mean-zero log-concave,79.49158004961062,1.0
api99_n3,70013,"no shape, median-zero",87.14813179401828,1.0
api99_n3,70013,fay_herriot (plug-in D),59.134762488528246,0.9619047619047619
api99_n3,70013,latentcp (plug-in D),83.15090400357344,1.0
api99_n3,70013,shape_free (plug-in D),88.6837961491518,1.0
api99_n3,70094,usual,79.22277620229859,1.0
api99_n3,70094,ours: Gaussian,79.22277620229859,1.0
api99_n3,70094,ours: symmetric unimodal,79.22277620229859,1.0
api99_n3,70094,ours: mean-zero log-concave,79.22277620229859,1.0
api99_n3,70094,"no shape, median-zero",94.86943896008877,1.0
api99_n3,70094,fay_herriot (plug-in D),58.16843851428694,0.9619047619047619
api99_n3,70094,latentcp (plug-in D),80.0354537176068,1.0
api99_n3,70094,shape_free (plug-in D),84.4036435108774,1.0
api99_n3,70095,usual,72.95233271649795,0.9809523809523809
api99_n3,70095,ours: Gaussian,72.95233271649795,0.9809523809523809
api99_n3,70095,ours: symmetric unimodal,72.95233271649795,0.9809523809523809
api99_n3,70095,ours: mean-zero log-concave,72.95233271649795,0.9809523809523809
api99_n3,70095,"no shape, median-zero",95.02377070990808,1.0
api99_n3,70095,fay_herriot (plug-in D),66.18040897212384,0.9619047619047619
api99_n3,70095,latentcp (plug-in D),74.50197453687639,0.9809523809523809
api99_n3,70095,shape_free (plug-in D),77.62650291852142,0.9809523809523809
api99_n3,70070,usual,68.23759242218587,0.9619047619047619
api99_n3,70070,ours: Gaussian,68.23759242218587,0.9619047619047619
api99_n3,70070,ours: symmetric unimodal,68.23759242218587,0.9619047619047619
api99_n3,70070,ours: mean-zero log-concave,68.23759242218587,0.9619047619047619
api99_n3,70070,"no shape, median-zero",81.6185173541174,0.9809523809523809
api99_n3,70070,fay_herriot (plug-in D),53.79678826095427,0.9142857142857143
api99_n3,70070,latentcp (plug-in D),75.37357128715492,0.9619047619047619
api99_n3,70070,shape_free (plug-in D),78.464786539378,0.9619047619047619
api99_n3,70071,usual,79.44181288403077,0.9904761904761905
api99_n3,70071,ours: Gaussian,79.44181288403077,0.9904761904761905
api99_n3,70071,ours: symmetric unimodal,79.44181288403077,0.9904761904761905
api99_n3,70071,ours: mean-zero log-concave,79.44181288403077,0.9904761904761905
api99_n3,70071,"no shape, median-zero",87.6013296920944,1.0
api99_n3,70071,fay_herriot (plug-in D),54.48880915511399,0.9428571428571428
api99_n3,70071,latentcp (plug-in D),81.07847276897255,0.9904761904761905
api99_n3,70071,shape_free (plug-in D),86.95638670122824,1.0
api99_n3,70000,usual,79.10296224947449,1.0
api99_n3,70000,ours: Gaussian,79.10296224947449,1.0
api99_n3,70000,ours: symmetric unimodal,79.10296224947449,1.0
api99_n3,70000,ours: mean-zero log-concave,79.10296224947449,1.0
api99_n3,70000,"no shape, median-zero",93.99364010942968,1.0
api99_n3,70000,fay_herriot (plug-in D),61.49162297541408,0.9619047619047619
api99_n3,70000,latentcp (plug-in D),79.44566014716983,1.0
api99_n3,70000,shape_free (plug-in D),84.50084235585436,1.0
api99_n3,70001,usual,70.0020141541632,0.9904761904761905
api99_n3,70001,ours: Gaussian,70.0020141541632,0.9904761904761905
api99_n3,70001,ours: symmetric unimodal,70.0020141541632,0.9904761904761905
api99_n3,70001,ours: mean-zero log-concave,70.0020141541632,0.9904761904761905
api99_n3,70001,"no shape, median-zero",83.06873133523852,1.0
api99_n3,70001,fay_herriot (plug-in D),55.30872176595082,0.9428571428571428
api99_n3,70001,latentcp (plug-in D),75.32456434973267,1.0
api99_n3,70001,shape_free (plug-in D),80.07371626436905,1.0
api99_n3,70036,usual,64.46526471113089,0.9619047619047619
api99_n3,70036,ours: Gaussian,64.46526471113089,0.9619047619047619
api99_n3,70036,ours: symmetric unimodal,64.46526471113089,0.9619047619047619
api99_n3,70036,ours: mean-zero log-concave,64.46526471113089,0.9619047619047619
api99_n3,70036,"no shape, median-zero",118.35534888900513,1.0
api99_n3,70036,fay_herriot (plug-in D),49.01016573639139,0.8761904761904762
api99_n3,70036,latentcp (plug-in D),68.74514647912208,0.9714285714285714
api99_n3,70036,shape_free (plug-in D),78.43188881756014,1.0
api99_n3,70037,usual,70.5669965148242,0.9809523809523809
api99_n3,70037,ours: Gaussian,70.5669965148242,0.9809523809523809
api99_n3,70037,ours: symmetric unimodal,70.5669965148242,0.9809523809523809
api99_n3,70037,ours: mean-zero log-concave,70.5669965148242,0.9809523809523809
api99_n3,70037,"no shape, median-zero",84.82319983183577,1.0
api99_n3,70037,fay_herriot (plug-in D),56.736309536335554,0.9428571428571428
api99_n3,70037,latentcp (plug-in D),74.29346303310271,0.9903333333333333
api99_n3,70037,shape_free (plug-in D),84.71447540856806,1.0
api99_n3,70096,usual,73.7644959574518,0.9904761904761905
api99_n3,70096,ours: Gaussian,73.7644959574518,0.9904761904761905
api99_n3,70096,ours: symmetric unimodal,73.7644959574518,0.9904761904761905
api99_n3,70096,ours: mean-zero log-concave,73.7644959574518,0.9904761904761905
api99_n3,70096,"no shape, median-zero",91.79036601124024,1.0
api99_n3,70096,fay_herriot (plug-in D),57.74572324464075,0.9714285714285714
api99_n3,70096,latentcp (plug-in D),74.26497529603107,0.9904761904761905
api99_n3,70096,shape_free (plug-in D),81.72522410153961,0.9904761904761905
api99_n3,70097,usual,69.13422186238024,0.9809523809523809
api99_n3,70097,ours: Gaussian,69.13422186238024,0.9809523809523809
api99_n3,70097,ours: symmetric unimodal,69.13422186238024,0.9809523809523809
api99_n3,70097,ours: mean-zero log-concave,69.13422186238024,0.9809523809523809
api99_n3,70097,"no shape, median-zero",96.26020380636858,0.9904761904761905
api99_n3,70097,fay_herriot (plug-in D),54.337108187789404,0.9238095238095239
api99_n3,70097,latentcp (plug-in D),73.48719338954075,0.9809523809523809
api99_n3,70097,shape_free (plug-in D),82.49959083692056,0.9904761904761905
api99_n3,70008,usual,77.92451220180594,1.0
api99_n3,70008,ours: Gaussian,77.92451220180594,1.0
api99_n3,70008,ours: symmetric unimodal,77.92451220180594,1.0
api99_n3,70008,ours: mean-zero log-concave,77.92451220180594,1.0
api99_n3,70008,"no shape, median-zero",94.10224603797148,1.0
api99_n3,70008,fay_herriot (plug-in D),59.882289710866594,0.9523809523809523
api99_n3,70008,latentcp (plug-in D),85.05855773688091,1.0
api99_n3,70008,shape_free (plug-in D),90.80959404574995,1.0
api99_n3,70009,usual,70.15716522108755,0.9714285714285714
api99_n3,70009,ours: Gaussian,70.15716522108755,0.9714285714285714
api99_n3,70009,ours: symmetric unimodal,70.15716522108755,0.9714285714285714
api99_n3,70009,ours: mean-zero log-concave,70.15716522108755,0.9714285714285714
api99_n3,70009,"no shape, median-zero",94.52103446034592,1.0
api99_n3,70009,fay_herriot (plug-in D),58.24580137830861,0.9523809523809523
api99_n3,70009,latentcp (plug-in D),79.6916537294792,0.9904761904761905
api99_n3,70009,shape_free (plug-in D),90.70181517765528,1.0
api99_n3,70100,usual,62.8023161642274,0.9619047619047619
api99_n3,70100,ours: Gaussian,62.8023161642274,0.9619047619047619
api99_n3,70100,ours: symmetric unimodal,62.8023161642274,0.9619047619047619
api99_n3,70100,ours: mean-zero log-concave,62.8023161642274,0.9619047619047619
api99_n3,70100,"no shape, median-zero",82.35088557520514,0.9809523809523809
api99_n3,70100,fay_herriot (plug-in D),50.78486015197284,0.9142857142857143
api99_n3,70100,latentcp (plug-in D),62.476780880988116,0.9606666666666667
api99_n3,70100,shape_free (plug-in D),66.39211440394425,0.9714285714285714
api99_n3,70101,usual,61.81768171422747,0.9523809523809523
api99_n3,70101,ours: Gaussian,61.81768171422747,0.9523809523809523
api99_n3,70101,ours: symmetric unimodal,61.81768171422747,0.9523809523809523
api99_n3,70101,ours: mean-zero log-concave,61.81768171422747,0.9523809523809523
api99_n3,70101,"no shape, median-zero",77.9386434579875,0.9904761904761905
api99_n3,70101,fay_herriot (plug-in D),55.698973798359226,0.9238095238095239
api99_n3,70101,latentcp (plug-in D),62.81264149891872,0.9523809523809524
api99_n3,70101,shape_free (plug-in D),61.84637259100278,0.9523809523809523
api99_n3,70018,usual,72.1792800425364,0.9904761904761905
api99_n3,70018,ours: Gaussian,72.1792800425364,0.9904761904761905
api99_n3,70018,ours: symmetric unimodal,72.1792800425364,0.9904761904761905
api99_n3,70018,ours: mean-zero log-concave,72.1792800425364,0.9904761904761905
api99_n3,70018,"no shape, median-zero",98.55324254514078,1.0
api99_n3,70018,fay_herriot (plug-in D),61.60631168950019,0.9619047619047619
api99_n3,70018,latentcp (plug-in D),78.44270081947761,0.9904761904761905
api99_n3,70018,shape_free (plug-in D),82.927096110549,1.0
api99_n3,70019,usual,59.65443853944456,0.9142857142857143
api99_n3,70019,ours: Gaussian,59.65443853944456,0.9142857142857143
api99_n3,70019,ours: symmetric unimodal,59.65443853944456,0.9142857142857143
api99_n3,70019,ours: mean-zero log-concave,59.65443853944456,0.9142857142857143
api99_n3,70019,"no shape, median-zero",79.53033687289265,0.9904761904761905
api99_n3,70019,fay_herriot (plug-in D),54.68983698935314,0.8952380952380953
api99_n3,70019,latentcp (plug-in D),70.97277550063598,0.9802857142857142
api99_n3,70019,shape_free (plug-in D),73.722269534744,0.9809523809523809
api99_n3,70082,usual,62.79179186724688,0.9619047619047619
api99_n3,70082,ours: Gaussian,62.79179186724688,0.9619047619047619
api99_n3,70082,ours: symmetric unimodal,62.79179186724688,0.9619047619047619
api99_n3,70082,ours: mean-zero log-concave,62.79179186724688,0.9619047619047619
api99_n3,70082,"no shape, median-zero",101.73453942987551,1.0
api99_n3,70082,fay_herriot (plug-in D),58.723942016113625,0.9619047619047619
api99_n3,70082,latentcp (plug-in D),66.17947521183206,0.9804285714285713
api99_n3,70082,shape_free (plug-in D),76.8502722214713,0.9904761904761905
api99_n3,70083,usual,79.0875848930391,1.0
api99_n3,70083,ours: Gaussian,79.0875848930391,1.0
api99_n3,70083,ours: symmetric unimodal,79.0875848930391,1.0
api99_n3,70083,ours: mean-zero log-concave,79.0875848930391,1.0
api99_n3,70083,"no shape, median-zero",94.74350437523663,1.0
api99_n3,70083,fay_herriot (plug-in D),58.92050385080611,0.9714285714285714
api99_n3,70083,latentcp (plug-in D),79.77630698905793,1.0
api99_n3,70083,shape_free (plug-in D),94.13006512925826,1.0
api99_n3,70064,usual,70.42936489265314,0.9904761904761905
api99_n3,70064,ours: Gaussian,70.42936489265314,0.9904761904761905
api99_n3,70064,ours: symmetric unimodal,70.42936489265314,0.9904761904761905
api99_n3,70064,ours: mean-zero log-concave,70.42936489265314,0.9904761904761905
api99_n3,70064,"no shape, median-zero",102.18847748140463,1.0
api99_n3,70064,fay_herriot (plug-in D),59.75471480041444,0.9428571428571428
api99_n3,70064,latentcp (plug-in D),73.67694083141092,0.999857142857143
api99_n3,70064,shape_free (plug-in D),102.32175961533073,1.0
api99_n3,70065,usual,63.931272187057324,0.9714285714285714
api99_n3,70065,ours: Gaussian,63.931272187057324,0.9714285714285714
api99_n3,70065,ours: symmetric unimodal,63.931272187057324,0.9714285714285714
api99_n3,70065,ours: mean-zero log-concave,63.931272187057324,0.9714285714285714
api99_n3,70065,"no shape, median-zero",100.92743576764413,1.0
api99_n3,70065,fay_herriot (plug-in D),60.786479079709615,0.9714285714285714
api99_n3,70065,latentcp (plug-in D),66.09048762603443,0.9809523809523809
api99_n3,70065,shape_free (plug-in D),71.36974499263063,0.9904761904761905
api99_n3,70048,usual,75.36987211890657,0.9714285714285714
api99_n3,70048,ours: Gaussian,75.36987211890657,0.9714285714285714
api99_n3,70048,ours: symmetric unimodal,75.36987211890657,0.9714285714285714
api99_n3,70048,ours: mean-zero log-concave,75.36987211890657,0.9714285714285714
api99_n3,70048,"no shape, median-zero",99.4288880888226,1.0
api99_n3,70048,fay_herriot (plug-in D),60.90946376138518,0.9523809523809523
api99_n3,70048,latentcp (plug-in D),75.96572226458464,0.9714285714285714
api99_n3,70048,shape_free (plug-in D),83.35390554679635,0.9714285714285714
api99_n3,70049,usual,70.72097886543322,0.9714285714285714
api99_n3,70049,ours: Gaussian,70.72097886543322,0.9714285714285714
api99_n3,70049,ours: symmetric unimodal,70.72097886543322,0.9714285714285714
api99_n3,70049,ours: mean-zero log-concave,70.72097886543322,0.9714285714285714
api99_n3,70049,"no shape, median-zero",90.91238167099118,0.9904761904761905
api99_n3,70049,fay_herriot (plug-in D),54.119529013750814,0.9238095238095239
api99_n3,70049,latentcp (plug-in D),77.2390924231059,0.9714285714285714
api99_n3,70049,shape_free (plug-in D),85.57070228456664,0.9904761904761905
api99_n3,70076,usual,74.97461699216713,0.9904761904761905
api99_n3,70076,ours: Gaussian,74.97461699216713,0.9904761904761905
api99_n3,70076,ours: symmetric unimodal,74.97461699216713,0.9904761904761905
api99_n3,70076,ours: mean-zero log-concave,74.97461699216713,0.9904761904761905
api99_n3,70076,"no shape, median-zero",111.75277131010868,1.0
api99_n3,70076,fay_herriot (plug-in D),68.91682432991303,0.9714285714285714
api99_n3,70076,latentcp (plug-in D),75.4928415420493,0.9904761904761905
api99_n3,70076,shape_free (plug-in D),84.0870897499034,1.0
api99_n3,70077,usual,66.66842273497802,0.9523809523809523
api99_n3,70077,ours: Gaussian,66.66842273497802,0.9523809523809523
api99_n3,70077,ours: symmetric unimodal,66.66842273497802,0.9523809523809523
api99_n3,70077,ours: mean-zero log-concave,66.66842273497802,0.9523809523809523
api99_n3,70077,"no shape, median-zero",78.79170952196387,0.9904761904761905
api99_n3,70077,fay_herriot (plug-in D),58.55011833384066,0.9333333333333333
api99_n3,70077,latentcp (plug-in D),66.69903381123926,0.9523809523809524
api99_n3,70077,shape_free (plug-in D),70.04443613550157,0.9619047619047619
api99_n3,70074,usual,68.65766407491469,0.9523809523809523
api99_n3,70074,ours: Gaussian,68.65766407491469,0.9523809523809523
api99_n3,70074,ours: symmetric unimodal,68.65766407491469,0.9523809523809523
api99_n3,70074,ours: mean-zero log-concave,68.65766407491469,0.9523809523809523
api99_n3,70074,"no shape, median-zero",90.03139830586808,0.9809523809523809
api99_n3,70074,fay_herriot (plug-in D),56.46523668910355,0.9238095238095239
api99_n3,70074,latentcp (plug-in D),70.9436023798793,0.970952380952381
api99_n3,70074,shape_free (plug-in D),92.62901728768327,0.9809523809523809
api99_n3,70075,usual,73.979305802448,0.9904761904761905
api99_n3,70075,ours: Gaussian,73.979305802448,0.9904761904761905
api99_n3,70075,ours: symmetric unimodal,73.979305802448,0.9904761904761905
api99_n3,70075,ours: mean-zero log-concave,73.979305802448,0.9904761904761905
api99_n3,70075,"no shape, median-zero",84.60807152314912,0.9904761904761905
api99_n3,70075,fay_herriot (plug-in D),61.69575512747149,0.9714285714285714
api99_n3,70075,latentcp (plug-in D),75.1694414934379,0.9904761904761905
api99_n3,70075,shape_free (plug-in D),80.96258260869294,0.9904761904761905
api99_n3,70090,usual,71.80396235956361,0.9904761904761905
api99_n3,70090,ours: Gaussian,71.80396235956361,0.9904761904761905
api99_n3,70090,ours: symmetric unimodal,71.80396235956361,0.9904761904761905
api99_n3,70090,ours: mean-zero log-concave,71.80396235956361,0.9904761904761905
api99_n3,70090,"no shape, median-zero",105.94056570923271,1.0
api99_n3,70090,fay_herriot (plug-in D),58.47056728646023,0.9619047619047619
api99_n3,70090,latentcp (plug-in D),75.25616020822596,0.9904761904761905
api99_n3,70090,shape_free (plug-in D),79.4504163930823,0.9904761904761905
api99_n3,70091,usual,65.87231370226944,0.9333333333333333
api99_n3,70091,ours: Gaussian,65.87231370226944,0.9333333333333333
api99_n3,70091,ours: symmetric unimodal,65.87231370226944,0.9333333333333333
api99_n3,70091,ours: mean-zero log-concave,65.87231370226944,0.9333333333333333
api99_n3,70091,"no shape, median-zero",84.28797270488933,1.0
api99_n3,70091,fay_herriot (plug-in D),48.713072325961704,0.8666666666666667
api99_n3,70091,latentcp (plug-in D),69.10727319753995,0.9331904761904763
api99_n3,70091,shape_free (plug-in D),76.4440894389482,0.9809523809523809
api99_n3,70066,usual,72.9006636769396,0.9809523809523809
api99_n3,70066,ours: Gaussian,72.9006636769396,0.9809523809523809
api99_n3,70066,ours: symmetric unimodal,72.9006636769396,0.9809523809523809
api99_n3,70066,ours: mean-zero log-concave,72.9006636769396,0.9809523809523809
api99_n3,70066,"no shape, median-zero",81.6178128756842,0.9904761904761905
api99_n3,70066,fay_herriot (plug-in D),57.17176656763604,0.9523809523809523
api99_n3,70066,latentcp (plug-in D),73.71996785557721,0.9807619047619047
api99_n3,70066,shape_free (plug-in D),76.26543985853844,0.9809523809523809
api99_n3,70067,usual,63.69168822633242,0.9714285714285714
api99_n3,70067,ours: Gaussian,63.69168822633242,0.9714285714285714
api99_n3,70067,ours: symmetric unimodal,63.69168822633242,0.9714285714285714
api99_n3,70067,ours: mean-zero log-concave,63.69168822633242,0.9714285714285714
api99_n3,70067,"no shape, median-zero",77.06976284091441,0.9904761904761905
api99_n3,70067,fay_herriot (plug-in D),58.83868302542356,0.9619047619047619
api99_n3,70067,latentcp (plug-in D),66.63396775386846,0.9809047619047618
api99_n3,70067,shape_free (plug-in D),71.22433441386151,0.9904761904761905
api99_n3,70080,usual,63.08769354742602,0.9904761904761905
api99_n3,70080,ours: Gaussian,63.08769354742602,0.9904761904761905
api99_n3,70080,ours: symmetric unimodal,63.08769354742602,0.9904761904761905
api99_n3,70080,ours: mean-zero log-concave,63.08769354742602,0.9904761904761905
api99_n3,70080,"no shape, median-zero",82.77587024437616,1.0
api99_n3,70080,fay_herriot (plug-in D),52.47810543674101,0.9619047619047619
api99_n3,70080,latentcp (plug-in D),68.77711810080139,0.9904285714285714
api99_n3,70080,shape_free (plug-in D),83.1596130069332,1.0
api99_n3,70081,usual,65.61054665284148,0.9714285714285714
api99_n3,70081,ours: Gaussian,65.61054665284148,0.9714285714285714
api99_n3,70081,ours: symmetric unimodal,65.61054665284148,0.9714285714285714
api99_n3,70081,ours: mean-zero log-concave,65.61054665284148,0.9714285714285714
api99_n3,70081,"no shape, median-zero",102.91179317253273,1.0
api99_n3,70081,fay_herriot (plug-in D),55.438729012523574,0.9333333333333333
api99_n3,70081,latentcp (plug-in D),73.64466767245189,0.9714285714285714
api99_n3,70081,shape_free (plug-in D),87.26005488234985,0.9809523809523809
api99_n3,70020,usual,57.95912250894313,0.9523809523809523
api99_n3,70020,ours: Gaussian,57.95912250894313,0.9523809523809523
api99_n3,70020,ours: symmetric unimodal,57.95912250894313,0.9523809523809523
api99_n3,70020,ours: mean-zero log-concave,57.95912250894313,0.9523809523809523
api99_n3,70020,"no shape, median-zero",79.3325538940345,0.9904761904761905
api99_n3,70020,fay_herriot (plug-in D),53.647715380055104,0.8857142857142857
api99_n3,70020,latentcp (plug-in D),63.91531350858109,0.9577142857142857
api99_n3,70020,shape_free (plug-in D),77.49222072743468,0.9809523809523809
api99_n3,70021,usual,73.4358122730373,0.9809523809523809
api99_n3,70021,ours: Gaussian,73.4358122730373,0.9809523809523809
api99_n3,70021,ours: symmetric unimodal,73.4358122730373,0.9809523809523809
api99_n3,70021,ours: mean-zero log-concave,73.4358122730373,0.9809523809523809
api99_n3,70021,"no shape, median-zero",89.80369119557379,0.9904761904761905
api99_n3,70021,fay_herriot (plug-in D),59.60475872928148,0.9619047619047619
api99_n3,70021,latentcp (plug-in D),78.38693658827995,0.9809523809523809
api99_n3,70021,shape_free (plug-in D),81.81356647769258,0.9904761904761905
api99_n3,70088,usual,74.48916395332678,0.9809523809523809
api99_n3,70088,ours: Gaussian,74.48916395332678,0.9809523809523809
api99_n3,70088,ours: symmetric unimodal,74.48916395332678,0.9809523809523809
api99_n3,70088,ours: mean-zero log-concave,74.48916395332678,0.9809523809523809
api99_n3,70088,"no shape, median-zero",106.3670088819437,1.0
api99_n3,70088,fay_herriot (plug-in D),59.95697896236269,0.9238095238095239
api99_n3,70088,latentcp (plug-in D),91.91758846973603,1.0
api99_n3,70088,shape_free (plug-in D),103.41888590653483,1.0
api99_n3,70089,usual,81.04572224490069,0.9904761904761905
api99_n3,70089,ours: Gaussian,81.04572224490069,0.9904761904761905
api99_n3,70089,ours: symmetric unimodal,81.04572224490069,0.9904761904761905
api99_n3,70089,ours: mean-zero log-concave,81.04572224490069,0.9904761904761905
api99_n3,70089,"no shape, median-zero",90.31220378702471,1.0
api99_n3,70089,fay_herriot (plug-in D),67.71334589364072,0.9809523809523809
api99_n3,70089,latentcp (plug-in D),81.627578482431,0.9904761904761905
api99_n3,70089,shape_free (plug-in D),86.64944476669618,1.0
api99_n3,70050,usual,65.93463646043438,0.9619047619047619
api99_n3,70050,ours: Gaussian,65.93463646043438,0.9619047619047619
api99_n3,70050,ours: symmetric unimodal,65.93463646043438,0.9619047619047619
api99_n3,70050,ours: mean-zero log-concave,65.93463646043438,0.9619047619047619
api99_n3,70050,"no shape, median-zero",77.06096622785851,0.9904761904761905
api99_n3,70050,fay_herriot (plug-in D),50.71756602353107,0.8476190476190476
api99_n3,70050,latentcp (plug-in D),70.2258554168937,0.9809523809523809
api99_n3,70050,shape_free (plug-in D),73.79812803040676,0.9904761904761905
api99_n3,70051,usual,74.86675562381463,0.9809523809523809
api99_n3,70051,ours: Gaussian,74.86675562381463,0.9809523809523809
api99_n3,70051,ours: symmetric unimodal,74.86675562381463,0.9809523809523809
api99_n3,70051,ours: mean-zero log-concave,74.86675562381463,0.9809523809523809
api99_n3,70051,"no shape, median-zero",86.09416652023799,1.0
api99_n3,70051,fay_herriot (plug-in D),60.26156477659682,0.9714285714285714
api99_n3,70051,latentcp (plug-in D),79.57974527238673,0.9997142857142856
api99_n3,70051,shape_free (plug-in D),84.42511582440635,1.0
api99_n3,70002,usual,72.85918323767237,0.9904761904761905
api99_n3,70002,ours: Gaussian,72.85918323767237,0.9904761904761905
api99_n3,70002,ours: symmetric unimodal,72.85918323767237,0.9904761904761905
api99_n3,70002,ours: mean-zero log-concave,72.85918323767237,0.9904761904761905
api99_n3,70002,"no shape, median-zero",88.40154042904608,0.9904761904761905
api99_n3,70002,fay_herriot (plug-in D),61.98263439697075,0.9619047619047619
api99_n3,70002,latentcp (plug-in D),73.63789665028602,0.9904761904761905
api99_n3,70002,shape_free (plug-in D),78.57667078606205,0.9904761904761905
api99_n3,70003,usual,69.39800344620532,0.9714285714285714
api99_n3,70003,ours: Gaussian,69.39800344620532,0.9714285714285714
api99_n3,70003,ours: symmetric unimodal,69.39800344620532,0.9714285714285714
api99_n3,70003,ours: mean-zero log-concave,69.39800344620532,0.9714285714285714
api99_n3,70003,"no shape, median-zero",96.79411035742889,0.9904761904761905
api99_n3,70003,fay_herriot (plug-in D),55.34250590251628,0.8857142857142857
api99_n3,70003,latentcp (plug-in D),72.73196021459131,0.9714285714285714
api99_n3,70003,shape_free (plug-in D),87.3308472605239,0.9809523809523809
api99_n3,70038,usual,68.12014867708702,0.9904761904761905
api99_n3,70038,ours: Gaussian,68.12014867708702,0.9904761904761905
api99_n3,70038,ours: symmetric unimodal,68.12014867708702,0.9904761904761905
api99_n3,70038,ours: mean-zero log-concave,68.12014867708702,0.9904761904761905
api99_n3,70038,"no shape, median-zero",90.30792090370635,1.0
api99_n3,70038,fay_herriot (plug-in D),49.6126185330068,0.9238095238095239
api99_n3,70038,latentcp (plug-in D),68.33534892413155,0.9903809523809524
api99_n3,70038,shape_free (plug-in D),72.27106578120986,0.9904761904761905
api99_n3,70039,usual,87.9378975813044,1.0
api99_n3,70039,ours: Gaussian,87.9378975813044,1.0
api99_n3,70039,ours: symmetric unimodal,87.9378975813044,1.0
api99_n3,70039,ours: mean-zero log-concave,87.9378975813044,1.0
api99_n3,70039,"no shape, median-zero",97.1480772668272,1.0
api99_n3,70039,fay_herriot (plug-in D),65.92406525347205,0.9714285714285714
api99_n3,70039,latentcp (plug-in D),93.5012278867866,1.0
api99_n3,70039,shape_free (plug-in D),100.94840017302344,1.0
api99_n3,70010,usual,59.65211571133394,0.9428571428571428
api99_n3,70010,ours: Gaussian,59.65211571133394,0.9428571428571428
api99_n3,70010,ours: symmetric unimodal,59.65211571133394,0.9428571428571428
api99_n3,70010,ours: mean-zero log-concave,59.65211571133394,0.9428571428571428
api99_n3,70010,"no shape, median-zero",79.10525502988177,1.0
api99_n3,70010,fay_herriot (plug-in D),51.256040337150765,0.9047619047619048
api99_n3,70010,latentcp (plug-in D),63.13528060487435,0.9522380952380953
api99_n3,70010,shape_free (plug-in D),65.60385209097822,0.9809523809523809
api99_n3,70011,usual,72.0682646681593,1.0
api99_n3,70011,ours: Gaussian,72.0682646681593,1.0
api99_n3,70011,ours: symmetric unimodal,72.0682646681593,1.0
api99_n3,70011,ours: mean-zero log-concave,72.0682646681593,1.0
api99_n3,70011,"no shape, median-zero",104.33397297513564,1.0
api99_n3,70011,fay_herriot (plug-in D),66.88535815198917,0.9714285714285714
api99_n3,70011,latentcp (plug-in D),79.4358534271086,1.0
api99_n3,70011,shape_free (plug-in D),86.59808319121223,1.0
api99_n3,70052,usual,72.46124569566753,0.9809523809523809
api99_n3,70052,ours: Gaussian,72.46124569566753,0.9809523809523809
api99_n3,70052,ours: symmetric unimodal,72.46124569566753,0.9809523809523809
api99_n3,70052,ours: mean-zero log-concave,72.46124569566753,0.9809523809523809
api99_n3,70052,"no shape, median-zero",84.31927080912176,0.9904761904761905
api99_n3,70052,fay_herriot (plug-in D),62.47303390102225,0.9142857142857143
api99_n3,70052,latentcp (plug-in D),74.28686611872988,0.9809523809523809
api99_n3,70052,shape_free (plug-in D),80.45528899280114,0.9809523809523809
api99_n3,70053,usual,82.02815242828198,0.9809523809523809
api99_n3,70053,ours: Gaussian,82.02815242828198,0.9809523809523809
api99_n3,70053,ours: symmetric unimodal,82.02815242828198,0.9809523809523809
api99_n3,70053,ours: mean-zero log-concave,82.02815242828198,0.9809523809523809
api99_n3,70053,"no shape, median-zero",99.90486840111821,1.0
api99_n3,70053,fay_herriot (plug-in D),66.37630520179485,0.9619047619047619
api99_n3,70053,latentcp (plug-in D),82.91947746727716,0.9809523809523809
api99_n3,70053,shape_free (plug-in D),98.22097588766569,1.0
api99_n3,70040,usual,78.31119061398567,0.9809523809523809
api99_n3,70040,ours: Gaussian,78.31119061398567,0.9809523809523809
api99_n3,70040,ours: symmetric unimodal,78.31119061398567,0.9809523809523809
api99_n3,70040,ours: mean-zero log-concave,78.31119061398567,0.9809523809523809
api99_n3,70040,"no shape, median-zero",108.96459076928757,1.0
api99_n3,70040,fay_herriot (plug-in D),68.4201776245765,0.9714285714285714
api99_n3,70040,latentcp (plug-in D),80.39055311040623,0.9809523809523809
api99_n3,70040,shape_free (plug-in D),88.02465850431533,0.9904761904761905
api99_n3,70041,usual,72.45660819249899,0.9904761904761905
api99_n3,70041,ours: Gaussian,72.45660819249899,0.9904761904761905
api99_n3,70041,ours: symmetric unimodal,72.45660819249899,0.9904761904761905
api99_n3,70041,ours: mean-zero log-concave,72.45660819249899,0.9904761904761905
api99_n3,70041,"no shape, median-zero",104.25386926232568,1.0
api99_n3,70041,fay_herriot (plug-in D),54.56116816374499,0.9428571428571428
api99_n3,70041,latentcp (plug-in D),74.02403415966492,0.9904761904761905
api99_n3,70041,shape_free (plug-in D),77.14891712580082,0.9904761904761905
api99_n3,70114,usual,70.28411476969654,1.0
api99_n3,70114,ours: Gaussian,70.28411476969654,1.0
api99_n3,70114,ours: symmetric unimodal,70.28411476969654,1.0
api99_n3,70114,ours: mean-zero log-concave,70.28411476969654,1.0
api99_n3,70114,"no shape, median-zero",83.41111059686948,1.0
api99_n3,70114,fay_herriot (plug-in D),62.70743702062919,0.9809523809523809
api99_n3,70114,latentcp (plug-in D),72.36610773958404,1.0
api99_n3,70114,shape_free (plug-in D),78.31567688633423,1.0
api99_n3,70115,usual,73.43326021235082,0.9809523809523809
api99_n3,70115,ours: Gaussian,73.43326021235082,0.9809523809523809
api99_n3,70115,ours: symmetric unimodal,73.43326021235082,0.9809523809523809
api99_n3,70115,ours: mean-zero log-concave,73.43326021235082,0.9809523809523809
api99_n3,70115,"no shape, median-zero",81.48453178278248,0.9809523809523809
api99_n3,70115,fay_herriot (plug-in D),65.98365351698675,0.9428571428571428
api99_n3,70115,latentcp (plug-in D),73.55551149259179,0.9804285714285714
api99_n3,70115,shape_free (plug-in D),81.95425202525837,0.9809523809523809
api99_n2,71000,usual,100.1004266476258,1.0
api99_n2,71000,ours: Gaussian,100.1004266476258,1.0
api99_n2,71000,ours: symmetric unimodal,100.1004266476258,1.0
api99_n2,71000,ours: mean-zero log-concave,100.1004266476258,1.0
api99_n2,71000,"no shape, median-zero",116.37159435775595,1.0
api99_n2,71000,fay_herriot (plug-in D),71.98054119283252,0.9809523809523809
api99_n2,71000,latentcp (plug-in D),107.16386214596747,1.0
api99_n2,71000,shape_free (plug-in D),111.70726397393406,1.0
api99_n2,71001,usual,87.24314061295979,1.0
api99_n2,71001,ours: Gaussian,87.24314061295979,1.0
api99_n2,71001,ours: symmetric unimodal,87.24314061295979,1.0
api99_n2,71001,ours: mean-zero log-concave,87.24314061295979,1.0
api99_n2,71001,"no shape, median-zero",154.27125386283666,1.0
api99_n2,71001,fay_herriot (plug-in D),69.39370172749187,0.9714285714285714
api99_n2,71001,latentcp (plug-in D),88.72825847757181,0.9999047619047619
api99_n2,71001,shape_free (plug-in D),102.70728499495547,1.0
api99_n2,71006,usual,78.63432055066721,0.9809523809523809
api99_n2,71006,ours: Gaussian,78.63432055066721,0.9809523809523809
api99_n2,71006,ours: symmetric unimodal,78.63432055066721,0.9809523809523809
api99_n2,71006,ours: mean-zero log-concave,78.63432055066721,0.9809523809523809
api99_n2,71006,"no shape, median-zero",105.18726165168732,1.0
api99_n2,71006,fay_herriot (plug-in D),67.58108880069395,0.9714285714285714
api99_n2,71006,latentcp (plug-in D),90.53347611276,0.990952380952381
api99_n2,71006,shape_free (plug-in D),100.51071830616048,1.0
api99_n2,71007,usual,76.37551055347456,0.9714285714285714
api99_n2,71007,ours: Gaussian,76.37551055347456,0.9714285714285714
api99_n2,71007,ours: symmetric unimodal,76.37551055347456,0.9714285714285714
api99_n2,71007,ours: mean-zero log-concave,76.37551055347456,0.9714285714285714
api99_n2,71007,"no shape, median-zero",84.57553947431757,0.9904761904761905
api99_n2,71007,fay_herriot (plug-in D),66.71890167743925,0.9714285714285714
api99_n2,71007,latentcp (plug-in D),77.28622261567017,0.9692857142857142
api99_n2,71007,shape_free (plug-in D),80.2420353232726,0.9809523809523809
api99_n2,71008,usual,92.73067639723047,1.0
api99_n2,71008,ours: Gaussian,92.73067639723047,1.0
api99_n2,71008,ours: symmetric unimodal,92.73067639723047,1.0
api99_n2,71008,ours: mean-zero log-concave,92.73067639723047,1.0
api99_n2,71008,"no shape, median-zero",116.27443079983186,1.0
api99_n2,71008,fay_herriot (plug-in D),63.75633685786027,0.9523809523809523
api99_n2,71008,latentcp (plug-in D),98.19788613267069,1.0
api99_n2,71008,shape_free (plug-in D),98.76202663901994,1.0
api99_n2,71009,usual,71.57135718650011,0.9904761904761905
api99_n2,71009,ours: Gaussian,71.57135718650011,0.9904761904761905
api99_n2,71009,ours: symmetric unimodal,71.57135718650011,0.9904761904761905
api99_n2,71009,ours: mean-zero log-concave,71.57135718650011,0.9904761904761905
api99_n2,71009,"no shape, median-zero",114.8216803597565,1.0
api99_n2,71009,fay_herriot (plug-in D),74.81619628886318,0.9904761904761905
api99_n2,71009,latentcp (plug-in D),74.90372109379535,0.9902857142857142
api99_n2,71009,shape_free (plug-in D),91.97539738591735,1.0
api99_n3,70102,usual,77.8559727804239,0.9904761904761905
api99_n3,70102,ours: Gaussian,77.8559727804239,0.9904761904761905
api99_n3,70102,ours: symmetric unimodal,77.8559727804239,0.9904761904761905
api99_n3,70102,ours: mean-zero log-concave,77.8559727804239,0.9904761904761905
api99_n3,70102,"no shape, median-zero",86.37628874836521,1.0
api99_n3,70102,fay_herriot (plug-in D),64.5083760855,0.9809523809523809
api99_n3,70102,latentcp (plug-in D),78.17707269841115,0.9904761904761905
api99_n3,70102,shape_free (plug-in D),82.77329881648079,1.0
api99_n3,70103,usual,77.42010309727159,0.9809523809523809
api99_n3,70103,ours: Gaussian,77.42010309727159,0.9809523809523809
api99_n3,70103,ours: symmetric unimodal,77.42010309727159,0.9809523809523809
api99_n3,70103,ours: mean-zero log-concave,77.42010309727159,0.9809523809523809
api99_n3,70103,"no shape, median-zero",106.6791079204002,1.0
api99_n3,70103,fay_herriot (plug-in D),62.793983785836666,0.9619047619047619
api99_n3,70103,latentcp (plug-in D),81.55418926837991,0.9904761904761905
api99_n3,70103,shape_free (plug-in D),87.03709607712459,0.9904761904761905
api99_n2,71014,usual,98.66245265171017,1.0
api99_n2,71014,ours: Gaussian,98.66245265171017,1.0
api99_n2,71014,ours: symmetric unimodal,98.66245265171017,1.0
api99_n2,71014,ours: mean-zero log-concave,98.66245265171017,1.0
api99_n2,71014,"no shape, median-zero",135.91794610998488,1.0
api99_n2,71014,fay_herriot (plug-in D),74.18477247464713,0.9904761904761905
api99_n2,71014,latentcp (plug-in D),103.12395439992568,1.0
api99_n2,71014,shape_free (plug-in D),105.69892202304256,1.0
api99_n2,71015,usual,96.39956126120501,1.0
api99_n2,71015,ours: Gaussian,96.39956126120501,1.0
api99_n2,71015,ours: symmetric unimodal,96.39956126120501,1.0
api99_n2,71015,ours: mean-zero log-concave,96.39956126120501,1.0
api99_n2,71015,"no shape, median-zero",124.8912477594331,1.0
api99_n2,71015,fay_herriot (plug-in D),67.5432388125519,0.9904761904761905
api99_n2,71015,latentcp (plug-in D),102.7651304126818,1.0
api99_n2,71015,shape_free (plug-in D),104.63888891548936,1.0
api99_n2,71012,usual,76.20023495328508,0.9904761904761905
api99_n2,71012,ours: Gaussian,76.20023495328508,0.9904761904761905
api99_n2,71012,ours: symmetric unimodal,76.20023495328508,0.9904761904761905
api99_n2,71012,ours: mean-zero log-concave,76.20023495328508,0.9904761904761905
api99_n2,71012,"no shape, median-zero",97.70579483750225,1.0
api99_n2,71012,fay_herriot (plug-in D),67.38969820057888,0.9904761904761905
api99_n2,71012,latentcp (plug-in D),78.38179613782961,0.9993809523809525
api99_n2,71012,shape_free (plug-in D),83.4043657595586,1.0
api99_n2,71013,usual,92.79207548568888,0.9904761904761905
api99_n2,71013,ours: Gaussian,92.79207548568888,0.9904761904761905
api99_n2,71013,ours: symmetric unimodal,92.79207548568888,0.9904761904761905
api99_n2,71013,ours: mean-zero log-concave,92.79207548568888,0.9904761904761905
api99_n2,71013,"no shape, median-zero",109.38300125939122,1.0
api99_n2,71013,fay_herriot (plug-in D),68.7372153649639,0.9428571428571428
api99_n2,71013,latentcp (plug-in D),98.24496144030525,0.985
api99_n2,71013,shape_free (plug-in D),104.20379274105017,1.0
api99_n3,70024,usual,65.25605136145766,0.9523809523809523
api99_n3,70024,ours: Gaussian,65.25605136145766,0.9523809523809523
api99_n3,70024,ours: symmetric unimodal,65.25605136145766,0.9523809523809523
api99_n3,70024,ours: mean-zero log-concave,65.25605136145766,0.9523809523809523
api99_n3,70024,"no shape, median-zero",85.29980518573166,0.9809523809523809
api99_n3,70024,fay_herriot (plug-in D),63.20148173193427,0.9523809523809523
api99_n3,70024,latentcp (plug-in D),67.06113471049206,0.9619047619047619
api99_n3,70024,shape_free (plug-in D),89.37567538393029,0.9809523809523809
api99_n3,70025,usual,79.86942111099741,0.9904761904761905
api99_n3,70025,ours: Gaussian,79.86942111099741,0.9904761904761905
api99_n3,70025,ours: symmetric unimodal,79.86942111099741,0.9904761904761905
api99_n3,70025,ours: mean-zero log-concave,79.86942111099741,0.9904761904761905
api99_n3,70025,"no shape, median-zero",103.97376054850808,1.0
api99_n3,70025,fay_herriot (plug-in D),56.36644785725653,0.9523809523809523
api99_n3,70025,latentcp (plug-in D),79.94197644767509,0.9903333333333333
api99_n3,70025,shape_free (plug-in D),84.70275120208213,0.9904761904761905
api99_n3,70104,usual,71.31215232012141,0.9714285714285714
api99_n3,70104,ours: Gaussian,71.31215232012141,0.9714285714285714
api99_n3,70104,ours: symmetric unimodal,71.31215232012141,0.9714285714285714
api99_n3,70104,ours: mean-zero log-concave,71.31215232012141,0.9714285714285714
api99_n3,70104,"no shape, median-zero",95.69635951041012,1.0
api99_n3,70104,fay_herriot (plug-in D),59.48834922728793,0.9428571428571428
api99_n3,70104,latentcp (plug-in D),71.48357728124043,0.9714285714285714
api99_n3,70104,shape_free (plug-in D),75.77330818822723,0.9714285714285714
api99_n3,70105,usual,75.25801839284956,0.9904761904761905
api99_n3,70105,ours: Gaussian,75.25801839284956,0.9904761904761905
api99_n3,70105,ours: symmetric unimodal,75.25801839284956,0.9904761904761905
api99_n3,70105,ours: mean-zero log-concave,75.25801839284956,0.9904761904761905
api99_n3,70105,"no shape, median-zero",87.64146784910447,0.9904761904761905
api99_n3,70105,fay_herriot (plug-in D),57.65647549741318,0.9714285714285714
api99_n3,70105,latentcp (plug-in D),77.52374474713997,0.9904761904761905
api99_n3,70105,shape_free (plug-in D),80.37973072586037,0.9904761904761905
api99_n3,70078,usual,67.67634213609684,0.9714285714285714
api99_n3,70078,ours: Gaussian,67.67634213609684,0.9714285714285714
api99_n3,70078,ours: symmetric unimodal,67.67634213609684,0.9714285714285714
api99_n3,70078,ours: mean-zero log-concave,67.67634213609684,0.9714285714285714
api99_n3,70078,"no shape, median-zero",81.14720203695818,1.0
api99_n3,70078,fay_herriot (plug-in D),53.60789209962661,0.9047619047619048
api99_n3,70078,latentcp (plug-in D),70.00771991814042,0.9809523809523809
api99_n3,70078,shape_free (plug-in D),73.53809487679672,0.9809523809523809
api99_n3,70079,usual,65.4018787198504,0.9809523809523809
api99_n3,70079,ours: Gaussian,65.4018787198504,0.9809523809523809
api99_n3,70079,ours: symmetric unimodal,65.4018787198504,0.9809523809523809
api99_n3,70079,ours: mean-zero log-concave,65.4018787198504,0.9809523809523809
api99_n3,70079,"no shape, median-zero",80.78451596079299,0.9904761904761905
api99_n3,70079,fay_herriot (plug-in D),60.55973617372008,0.9714285714285714
api99_n3,70079,latentcp (plug-in D),66.3016886591975,0.9808571428571429
api99_n3,70079,shape_free (plug-in D),80.77630635303365,0.9904761904761905
api99_n3,70030,usual,56.8441945132594,0.9619047619047619
api99_n3,70030,ours: Gaussian,56.8441945132594,0.9619047619047619
api99_n3,70030,ours: symmetric unimodal,56.8441945132594,0.9619047619047619
api99_n3,70030,ours: mean-zero log-concave,56.8441945132594,0.9619047619047619
api99_n3,70030,"no shape, median-zero",79.40099483392366,0.9809523809523809
api99_n3,70030,fay_herriot (plug-in D),52.38376156125165,0.9333333333333333
api99_n3,70030,latentcp (plug-in D),57.531841462758,0.9616190476190476
api99_n3,70030,shape_free (plug-in D),73.62645635180411,0.9809523809523809
api99_n3,70031,usual,81.56050338198793,0.9904761904761905
api99_n3,70031,ours: Gaussian,81.56050338198793,0.9904761904761905
api99_n3,70031,ours: symmetric unimodal,81.56050338198793,0.9904761904761905
api99_n3,70031,ours: mean-zero log-concave,81.56050338198793,0.9904761904761905
api99_n3,70031,"no shape, median-zero",123.42660595686448,1.0
api99_n3,70031,fay_herriot (plug-in D),58.209926217773635,0.9619047619047619
api99_n3,70031,latentcp (plug-in D),87.73179909267347,0.9904761904761905
api99_n3,70031,shape_free (plug-in D),92.83658437824401,0.9904761904761905
api99_n3,70110,usual,76.643542351156,1.0
api99_n3,70110,ours: Gaussian,76.643542351156,1.0
api99_n3,70110,ours: symmetric unimodal,76.643542351156,1.0
api99_n3,70110,ours: mean-zero log-concave,76.643542351156,1.0
api99_n3,70110,"no shape, median-zero",85.0798131183257,1.0
api99_n3,70110,fay_herriot (plug-in D),56.55130567235485,0.9333333333333333
api99_n3,70110,latentcp (plug-in D),77.22327783497958,0.9999047619047619
api99_n3,70110,shape_free (plug-in D),83.21279711209314,1.0
api99_n3,70111,usual,70.72800775912242,1.0
api99_n3,70111,ours: Gaussian,70.72800775912242,1.0
api99_n3,70111,ours: symmetric unimodal,70.72800775912242,1.0
api99_n3,70111,ours: mean-zero log-concave,70.72800775912242,1.0
api99_n3,70111,"no shape, median-zero",91.07428461376018,1.0
api99_n3,70111,fay_herriot (plug-in D),65.03277894431525,0.9904761904761905
api99_n3,70111,latentcp (plug-in D),76.19023532216247,1.0
api99_n3,70111,shape_free (plug-in D),91.36297768192301,1.0
api99_n3,70026,usual,86.90229871966312,1.0
api99_n3,70026,ours: Gaussian,86.90229871966312,1.0
api99_n3,70026,ours: symmetric unimodal,86.90229871966312,1.0
api99_n3,70026,ours: mean-zero log-concave,86.90229871966312,1.0
api99_n3,70026,"no shape, median-zero",125.82619206904845,1.0
api99_n3,70026,fay_herriot (plug-in D),69.30837537929696,0.9904761904761905
api99_n3,70026,latentcp (plug-in D),87.75528589055368,1.0
api99_n3,70026,shape_free (plug-in D),100.95524255792516,1.0
api99_n3,70027,usual,69.2090967153814,0.9714285714285714
api99_n3,70027,ours: Gaussian,69.2090967153814,0.9714285714285714
api99_n3,70027,ours: symmetric unimodal,69.2090967153814,0.9714285714285714
api99_n3,70027,ours: mean-zero log-concave,69.2090967153814,0.9714285714285714
api99_n3,70027,"no shape, median-zero",98.13851794059174,1.0
api99_n3,70027,fay_herriot (plug-in D),61.148178036034096,0.9619047619047619
api99_n3,70027,latentcp (plug-in D),82.83007326617864,0.9714285714285714
api99_n3,70027,shape_free (plug-in D),88.17974922004296,0.9904761904761905
api99_n3,70106,usual,75.4807542649412,0.9904761904761905
api99_n3,70106,ours: Gaussian,75.4807542649412,0.9904761904761905
api99_n3,70106,ours: symmetric unimodal,75.4807542649412,0.9904761904761905
api99_n3,70106,ours: mean-zero log-concave,75.4807542649412,0.9904761904761905
api99_n3,70106,"no shape, median-zero",88.35538407098109,0.9904761904761905
api99_n3,70106,fay_herriot (plug-in D),58.63952466198006,0.9238095238095239
api99_n3,70106,latentcp (plug-in D),80.84704624077412,0.9904761904761905
api99_n3,70106,shape_free (plug-in D),86.85723489826988,0.9904761904761905
api99_n3,70107,usual,63.527399791474714,0.9904761904761905
api99_n3,70107,ours: Gaussian,63.527399791474714,0.9904761904761905
api99_n3,70107,ours: symmetric unimodal,63.527399791474714,0.9904761904761905
api99_n3,70107,ours: mean-zero log-concave,63.527399791474714,0.9904761904761905
api99_n3,70107,"no shape, median-zero",100.88853538620022,1.0
api99_n3,70107,fay_herriot (plug-in D),56.79311718446045,0.9619047619047619
api99_n3,70107,latentcp (plug-in D),64.04445514458972,0.9904761904761905
api99_n3,70107,shape_free (plug-in D),71.53848532327044,1.0
api99_n3,70086,usual,75.10919746595134,0.9809523809523809
api99_n3,70086,ours: Gaussian,75.10919746595134,0.9809523809523809
api99_n3,70086,ours: symmetric unimodal,75.10919746595134,0.9809523809523809
api99_n3,70086,ours: mean-zero log-concave,75.10919746595134,0.9809523809523809
api99_n3,70086,"no shape, median-zero",94.30517387529578,1.0
api99_n3,70086,fay_herriot (plug-in D),66.75259895693964,0.9714285714285714
api99_n3,70086,latentcp (plug-in D),75.71146551124087,0.9809523809523809
api99_n3,70086,shape_free (plug-in D),89.20260426926139,1.0
api99_n3,70087,usual,70.78358153319839,1.0
api99_n3,70087,ours: Gaussian,70.78358153319839,1.0
api99_n3,70087,ours: symmetric unimodal,70.78358153319839,1.0
api99_n3,70087,ours: mean-zero log-concave,70.78358153319839,1.0
api99_n3,70087,"no shape, median-zero",81.67113574516436,1.0
api99_n3,70087,fay_herriot (plug-in D),60.4388485830376,0.9714285714285714
api99_n3,70087,latentcp (plug-in D),72.8162361811403,1.0
api99_n3,70087,shape_free (plug-in D),77.97353580180291,1.0
api99_n2,71020,usual,78.91024264173097,1.0
api99_n2,71020,ours: Gaussian,78.91024264173097,1.0
api99_n2,71020,ours: symmetric unimodal,78.91024264173097,1.0
api99_n2,71020,ours: mean-zero log-concave,78.91024264173097,1.0
api99_n2,71020,"no shape, median-zero",105.55161366281487,1.0
api99_n2,71020,fay_herriot (plug-in D),60.089142118809974,0.9619047619047619
api99_n2,71020,latentcp (plug-in D),83.24375758493957,0.9993809523809523
api99_n2,71020,shape_free (plug-in D),89.70981412927397,1.0
api99_n2,71021,usual,86.67725272029685,1.0
api99_n2,71021,ours: Gaussian,86.67725272029685,1.0
api99_n2,71021,ours: symmetric unimodal,86.67725272029685,1.0
api99_n2,71021,ours: mean-zero log-concave,86.67725272029685,1.0
api99_n2,71021,"no shape, median-zero",123.88189202760122,1.0
api99_n2,71021,fay_herriot (plug-in D),69.73388626892998,1.0
api99_n2,71021,latentcp (plug-in D),93.51269287201917,1.0
api99_n2,71021,shape_free (plug-in D),99.57325779348118,1.0
api99_n3,70062,usual,73.68181897127806,0.9904761904761905
api99_n3,70062,ours: Gaussian,73.68181897127806,0.9904761904761905
api99_n3,70062,ours: symmetric unimodal,73.68181897127806,0.9904761904761905
api99_n3,70062,ours: mean-zero log-concave,73.68181897127806,0.9904761904761905
api99_n3,70062,"no shape, median-zero",105.23410382181555,1.0
api99_n3,70062,fay_herriot (plug-in D),64.20560341692756,0.9428571428571428
api99_n3,70062,latentcp (plug-in D),78.10604515465533,0.9904761904761905
api99_n3,70062,shape_free (plug-in D),104.91616451939744,1.0
api99_n3,70063,usual,65.43290340604251,0.9904761904761905
api99_n3,70063,ours: Gaussian,65.43290340604251,0.9904761904761905
api99_n3,70063,ours: symmetric unimodal,65.43290340604251,0.9904761904761905
api99_n3,70063,ours: mean-zero log-concave,65.43290340604251,0.9904761904761905
api99_n3,70063,"no shape, median-zero",72.27762266995107,0.9904761904761905
api99_n3,70063,fay_herriot (plug-in D),57.17362218258453,0.9142857142857143
api99_n3,70063,latentcp (plug-in D),66.98516568855858,0.9901428571428571
api99_n3,70063,shape_free (plug-in D),67.36116419487819,0.9904761904761905
api99_n3,70072,usual,77.4797376510769,1.0
api99_n3,70072,ours: Gaussian,77.4797376510769,1.0
api99_n3,70072,ours: symmetric unimodal,77.4797376510769,1.0
api99_n3,70072,ours: mean-zero log-concave,77.4797376510769,1.0
api99_n3,70072,"no shape, median-zero",105.88849653151306,1.0
api99_n3,70072,fay_herriot (plug-in D),64.97582228223058,0.9714285714285714
api99_n3,70072,latentcp (plug-in D),79.08305014013577,1.0
api99_n3,70072,shape_free (plug-in D),89.41991960122657,1.0
api99_n3,70073,usual,69.0921068760302,0.9714285714285714
api99_n3,70073,ours: Gaussian,69.0921068760302,0.9714285714285714
api99_n3,70073,ours: symmetric unimodal,69.0921068760302,0.9714285714285714
api99_n3,70073,ours: mean-zero log-concave,69.0921068760302,0.9714285714285714
api99_n3,70073,"no shape, median-zero",96.58228939821613,1.0
api99_n3,70073,fay_herriot (plug-in D),57.51649662654825,0.9523809523809523
api99_n3,70073,latentcp (plug-in D),74.93383336048736,0.9809047619047618
api99_n3,70073,shape_free (plug-in D),84.39076689910864,0.9904761904761905
api99_n3,70014,usual,76.87287253335141,0.9619047619047619
api99_n3,70014,ours: Gaussian,76.87287253335141,0.9619047619047619
api99_n3,70014,ours: symmetric unimodal,76.87287253335141,0.9619047619047619
api99_n3,70014,ours: mean-zero log-concave,76.87287253335141,0.9619047619047619
api99_n3,70014,"no shape, median-zero",96.39230389097217,0.9809523809523809
api99_n3,70014,fay_herriot (plug-in D),58.12958032193519,0.9619047619047619
api99_n3,70014,latentcp (plug-in D),80.55975530510469,0.9713333333333334
api99_n3,70014,shape_free (plug-in D),94.64485095956056,0.9809523809523809
api99_n3,70015,usual,85.79407782661337,1.0
api99_n3,70015,ours: Gaussian,85.79407782661337,1.0
api99_n3,70015,ours: symmetric unimodal,85.79407782661337,1.0
api99_n3,70015,ours: mean-zero log-concave,85.79407782661337,1.0
api99_n3,70015,"no shape, median-zero",104.5437639892544,1.0
api99_n3,70015,fay_herriot (plug-in D),63.237577654705056,0.9523809523809523
api99_n3,70015,latentcp (plug-in D),91.09758049340822,1.0
api99_n3,70015,shape_free (plug-in D),98.1520000374375,1.0
api99_n3,70108,usual,73.42105813683027,0.9904761904761905
api99_n3,70108,ours: Gaussian,73.42105813683027,0.9904761904761905
api99_n3,70108,ours: symmetric unimodal,73.42105813683027,0.9904761904761905
api99_n3,70108,ours: mean-zero log-concave,73.42105813683027,0.9904761904761905
api99_n3,70108,"no shape, median-zero",82.56473909428503,0.9904761904761905
api99_n3,70108,fay_herriot (plug-in D),55.11075332989809,0.9619047619047619
api99_n3,70108,latentcp (plug-in D),76.0155967464977,0.9900476190476192
api99_n3,70108,shape_free (plug-in D),79.62595966301947,0.9904761904761905
api99_n3,70109,usual,77.51933058883326,0.9809523809523809
api99_n3,70109,ours: Gaussian,77.51933058883326,0.9809523809523809
api99_n3,70109,ours: symmetric unimodal,77.51933058883326,0.9809523809523809
api99_n3,70109,ours: mean-zero log-concave,77.51933058883326,0.9809523809523809
api99_n3,70109,"no shape, median-zero",100.05137049676387,1.0
api99_n3,70109,fay_herriot (plug-in D),64.89065990350976,0.9428571428571428
api99_n3,70109,latentcp (plug-in D),77.99047390585272,0.9809523809523809
api99_n3,70109,shape_free (plug-in D),81.87325557920063,0.9809523809523809
api99_n3,70060,usual,65.5738708193478,0.9619047619047619
api99_n3,70060,ours: Gaussian,65.5738708193478,0.9619047619047619
api99_n3,70060,ours: symmetric unimodal,65.5738708193478,0.9619047619047619
api99_n3,70060,ours: mean-zero log-concave,65.5738708193478,0.9619047619047619
api99_n3,70060,"no shape, median-zero",99.85412014078595,1.0
api99_n3,70060,fay_herriot (plug-in D),58.99664920758076,0.9333333333333333
api99_n3,70060,latentcp (plug-in D),69.03055446194121,0.9706666666666667
api99_n3,70060,shape_free (plug-in D),93.382330834595,1.0
api99_n3,70061,usual,82.19497366938329,0.9904761904761905
api99_n3,70061,ours: Gaussian,82.19497366938329,0.9904761904761905
api99_n3,70061,ours: symmetric unimodal,82.19497366938329,0.9904761904761905
api99_n3,70061,ours: mean-zero log-concave,82.19497366938329,0.9904761904761905
api99_n3,70061,"no shape, median-zero",100.47376038295756,0.9904761904761905
api99_n3,70061,fay_herriot (plug-in D),67.3245610256599,0.9809523809523809
api99_n3,70061,latentcp (plug-in D),83.58568611802573,0.9904761904761905
api99_n3,70061,shape_free (plug-in D),95.35079170546064,0.9904761904761905
api99_n3,70054,usual,70.73350767041802,0.9809523809523809
api99_n3,70054,ours: Gaussian,70.73350767041802,0.9809523809523809
api99_n3,70054,ours: symmetric unimodal,70.73350767041802,0.9809523809523809
api99_n3,70054,ours: mean-zero log-concave,70.73350767041802,0.9809523809523809
api99_n3,70054,"no shape, median-zero",82.14124708388567,1.0
api99_n3,70054,fay_herriot (plug-in D),60.049609580686756,0.9714285714285714
api99_n3,70054,latentcp (plug-in D),78.53934604324616,0.9904761904761905
api99_n3,70054,shape_free (plug-in D),85.39758632075628,1.0
api99_n3,70055,usual,71.49893870839924,0.9809523809523809
api99_n3,70055,ours: Gaussian,71.49893870839924,0.9809523809523809
api99_n3,70055,ours: symmetric unimodal,71.49893870839924,0.9809523809523809
api99_n3,70055,ours: mean-zero log-concave,71.49893870839924,0.9809523809523809
api99_n3,70055,"no shape, median-zero",96.15400887635496,0.9809523809523809
api99_n3,70055,fay_herriot (plug-in D),52.46041896997199,0.9428571428571428
api99_n3,70055,latentcp (plug-in D),82.74369883130777,0.9809523809523809
api99_n3,70055,shape_free (plug-in D),87.92340314726809,0.9809523809523809
api99_n3,70056,usual,76.20217893137063,0.9809523809523809
api99_n3,70056,ours: Gaussian,76.20217893137063,0.9809523809523809
api99_n3,70056,ours: symmetric unimodal,76.20217893137063,0.9809523809523809
api99_n3,70056,ours: mean-zero log-concave,76.20217893137063,0.9809523809523809
api99_n3,70056,"no shape, median-zero",106.05167630218034,1.0
api99_n3,70056,fay_herriot (plug-in D),60.31980786702641,0.9523809523809523
api99_n3,70056,latentcp (plug-in D),90.69612060141345,1.0
api99_n3,70056,shape_free (plug-in D),97.70825818957447,1.0
api99_n3,70057,usual,67.49814843274756,0.9523809523809523
api99_n3,70057,ours: Gaussian,67.49814843274756,0.9523809523809523
api99_n3,70057,ours: symmetric unimodal,67.49814843274756,0.9523809523809523
api99_n3,70057,ours: mean-zero log-concave,67.49814843274756,0.9523809523809523
api99_n3,70057,"no shape, median-zero",96.53278770533386,1.0
api99_n3,70057,fay_herriot (plug-in D),56.93460586357216,0.9142857142857143
api99_n3,70057,latentcp (plug-in D),70.75172706549992,0.9619047619047619
api99_n3,70057,shape_free (plug-in D),76.14474234255086,0.9714285714285714
api99_n3,70098,usual,80.10891748049637,1.0
api99_n3,70098,ours: Gaussian,80.10891748049637,1.0
api99_n3,70098,ours: symmetric unimodal,80.10891748049637,1.0
api99_n3,70098,ours: mean-zero log-concave,80.10891748049637,1.0
api99_n3,70098,"no shape, median-zero",101.95653491251501,1.0
api99_n3,70098,fay_herriot (plug-in D),57.65268239372704,0.9619047619047619
api99_n3,70098,latentcp (plug-in D),81.71768848552017,1.0
api99_n3,70098,shape_free (plug-in D),102.95748757648317,1.0
api99_n3,70099,usual,65.79150532319068,0.9809523809523809
api99_n3,70099,ours: Gaussian,65.79150532319068,0.9809523809523809
api99_n3,70099,ours: symmetric unimodal,65.79150532319068,0.9809523809523809
api99_n3,70099,ours: mean-zero log-concave,65.79150532319068,0.9809523809523809
api99_n3,70099,"no shape, median-zero",88.74940000528773,1.0
api99_n3,70099,fay_herriot (plug-in D),59.47916310070366,0.9619047619047619
api99_n3,70099,latentcp (plug-in D),66.13886678037302,0.9809523809523809
api99_n3,70099,shape_free (plug-in D),78.23603253658075,0.9904761904761905
api99_n3,70058,usual,93.26055473324868,1.0
api99_n3,70058,ours: Gaussian,93.26055473324868,1.0
api99_n3,70058,ours: symmetric unimodal,93.26055473324868,1.0
api99_n3,70058,ours: mean-zero log-concave,93.26055473324868,1.0
api99_n3,70058,"no shape, median-zero",142.18345887883288,1.0
api99_n3,70058,fay_herriot (plug-in D),57.59119523482205,0.9714285714285714
api99_n3,70058,latentcp (plug-in D),93.64700335453857,1.0
api99_n3,70058,shape_free (plug-in D),102.53983914479647,1.0
api99_n3,70059,usual,69.88298040902525,0.9714285714285714
api99_n3,70059,ours: Gaussian,69.88298040902525,0.9714285714285714
api99_n3,70059,ours: symmetric unimodal,69.88298040902525,0.9714285714285714
api99_n3,70059,ours: mean-zero log-concave,69.88298040902525,0.9714285714285714
api99_n3,70059,"no shape, median-zero",77.7656378866421,1.0
api99_n3,70059,fay_herriot (plug-in D),52.59593187178546,0.8761904761904762
api99_n3,70059,latentcp (plug-in D),70.04536445950366,0.9705714285714285
api99_n3,70059,shape_free (plug-in D),71.54615454460792,0.9714285714285714
api99_n2,71016,usual,76.82257166520361,0.9809523809523809
api99_n2,71016,ours: Gaussian,76.82257166520361,0.9809523809523809
api99_n2,71016,ours: symmetric unimodal,76.82257166520361,0.9809523809523809
api99_n2,71016,ours: mean-zero log-concave,76.82257166520361,0.9809523809523809
api99_n2,71016,"no shape, median-zero",100.70116022166985,1.0
api99_n2,71016,fay_herriot (plug-in D),66.99630048139292,0.9619047619047619
api99_n2,71016,latentcp (plug-in D),76.79107552391639,0.9808571428571429
api99_n2,71016,shape_free (plug-in D),95.01917699838613,1.0
api99_n2,71017,usual,84.16874714431799,1.0
api99_n2,71017,ours: Gaussian,84.16874714431799,1.0
api99_n2,71017,ours: symmetric unimodal,84.16874714431799,1.0
api99_n2,71017,ours: mean-zero log-concave,84.16874714431799,1.0
api99_n2,71017,"no shape, median-zero",111.52000395217681,1.0
api99_n2,71017,fay_herriot (plug-in D),59.06397467352597,0.9428571428571428
api99_n2,71017,latentcp (plug-in D),85.22561394543631,1.0
api99_n2,71017,shape_free (plug-in D),92.40733153733785,1.0
api99_n2,71052,usual,74.57854314332224,0.9904761904761905
api99_n2,71052,ours: Gaussian,74.57854314332224,0.9904761904761905
api99_n2,71052,ours: symmetric unimodal,74.57854314332224,0.9904761904761905
api99_n2,71052,ours: mean-zero log-concave,74.57854314332224,0.9904761904761905
api99_n2,71052,"no shape, median-zero",100.44371719962794,1.0
api99_n2,71052,fay_herriot (plug-in D),65.75457333133181,0.9809523809523809
api99_n2,71052,latentcp (plug-in D),85.93195018061748,1.0
api99_n2,71052,shape_free (plug-in D),90.41160264569069,1.0
api99_n2,71053,usual,74.71367079448783,0.9809523809523809
api99_n2,71053,ours: Gaussian,74.71367079448783,0.9809523809523809
api99_n2,71053,ours: symmetric unimodal,74.71367079448783,0.9809523809523809
api99_n2,71053,ours: mean-zero log-concave,74.71367079448783,0.9809523809523809
api99_n2,71053,"no shape, median-zero",101.740762018096,0.9904761904761905
api99_n2,71053,fay_herriot (plug-in D),63.54264044939064,0.9333333333333333
api99_n2,71053,latentcp (plug-in D),77.82379433270228,0.9808095238095237
api99_n2,71053,shape_free (plug-in D),88.95921548124015,0.9809523809523809
api99_n3,70016,usual,72.57664205492135,0.9714285714285714
api99_n3,70016,ours: Gaussian,72.57664205492135,0.9714285714285714
api99_n3,70016,ours: symmetric unimodal,72.57664205492135,0.9714285714285714
api99_n3,70016,ours: mean-zero log-concave,72.57664205492135,0.9714285714285714
api99_n3,70016,"no shape, median-zero",90.52335103369289,0.9714285714285714
api99_n3,70016,fay_herriot (plug-in D),65.50432949961127,0.9714285714285714
api99_n3,70016,latentcp (plug-in D),80.8297321059734,0.9714285714285714
api99_n3,70016,shape_free (plug-in D),86.24022205554274,0.9714285714285714
api99_n3,70017,usual,63.36118051123557,0.9523809523809523
api99_n3,70017,ours: Gaussian,63.36118051123557,0.9523809523809523
api99_n3,70017,ours: symmetric unimodal,63.36118051123557,0.9523809523809523
api99_n3,70017,ours: mean-zero log-concave,63.36118051123557,0.9523809523809523
api99_n3,70017,"no shape, median-zero",96.36205137072768,1.0
api99_n3,70017,fay_herriot (plug-in D),60.09736437349365,0.9523809523809523
api99_n3,70017,latentcp (plug-in D),71.77422346291715,0.9714285714285714
api99_n3,70017,shape_free (plug-in D),75.59943080112087,0.9809523809523809
api99_n2,71030,usual,70.89634034281966,0.9523809523809523
api99_n2,71030,ours: Gaussian,70.89634034281966,0.9523809523809523
api99_n2,71030,ours: symmetric unimodal,70.89634034281966,0.9523809523809523
api99_n2,71030,ours: mean-zero log-concave,70.89634034281966,0.9523809523809523
api99_n2,71030,"no shape, median-zero",91.79617767387731,0.9904761904761905
api99_n2,71030,fay_herriot (plug-in D),57.67500699168896,0.9428571428571428
api99_n2,71030,latentcp (plug-in D),77.08531969676095,0.9619047619047619
api99_n2,71030,shape_free (plug-in D),82.43305366192448,0.9714285714285714
api99_n2,71031,usual,103.76953107157908,0.9714285714285714
api99_n2,71031,ours: Gaussian,103.76953107157908,0.9714285714285714
api99_n2,71031,ours: symmetric unimodal,103.76953107157908,0.9714285714285714
api99_n2,71031,ours: mean-zero log-concave,103.76953107157908,0.9714285714285714
api99_n2,71031,"no shape, median-zero",353.3798178440358,1.0
api99_n2,71031,fay_herriot (plug-in D),86.32868466762801,0.9619047619047619
api99_n2,71031,latentcp (plug-in D),160.24193730961065,0.9714285714285714
api99_n2,71031,shape_free (plug-in D),169.91228430663233,0.9714285714285714
api99_n3,70118,usual,77.21593376510816,0.9904761904761905
api99_n3,70118,ours: Gaussian,77.21593376510816,0.9904761904761905
api99_n3,70118,ours: symmetric unimodal,77.21593376510816,0.9904761904761905
api99_n3,70118,ours: mean-zero log-concave,77.21593376510816,0.9904761904761905
api99_n3,70118,"no shape, median-zero",91.90705799283371,1.0
api99_n3,70118,fay_herriot (plug-in D),55.25643257310259,0.9142857142857143
api99_n3,70118,latentcp (plug-in D),79.459966950899,0.9904761904761905
api99_n3,70118,shape_free (plug-in D),83.943473327661,0.9904761904761905
api99_n3,70119,usual,80.31040709025065,1.0
api99_n3,70119,ours: Gaussian,80.31040709025065,1.0
api99_n3,70119,ours: symmetric unimodal,80.31040709025065,1.0
api99_n3,70119,ours: mean-zero log-concave,80.31040709025065,1.0
api99_n3,70119,"no shape, median-zero",112.26896496515444,1.0
api99_n3,70119,fay_herriot (plug-in D),57.54587328759551,0.9428571428571428
api99_n3,70119,latentcp (plug-in D),82.53653492706032,1.0
api99_n3,70119,shape_free (plug-in D),102.56537279443071,1.0
api99_n2,71072,usual,95.99017103037818,1.0
api99_n2,71072,ours: Gaussian,95.99017103037818,1.0
api99_n2,71072,ours: symmetric unimodal,95.99017103037818,1.0
api99_n2,71072,ours: mean-zero log-concave,95.99017103037818,1.0
api99_n2,71072,"no shape, median-zero",126.2849723884284,1.0
api99_n2,71072,fay_herriot (plug-in D),74.80768833604749,0.9809523809523809
api99_n2,71072,latentcp (plug-in D),98.74610759738334,1.0
api99_n2,71072,shape_free (plug-in D),101.07898149406324,1.0
api99_n2,71073,usual,86.84068541499028,1.0
api99_n2,71073,ours: Gaussian,86.84068541499028,1.0
api99_n2,71073,ours: symmetric unimodal,86.84068541499028,1.0
api99_n2,71073,ours: mean-zero log-concave,86.84068541499028,1.0
api99_n2,71073,"no shape, median-zero",124.52817591639746,1.0
api99_n2,71073,fay_herriot (plug-in D),67.82082053047684,0.9809523809523809
api99_n2,71073,latentcp (plug-in D),92.24421786239121,1.0
api99_n2,71073,shape_free (plug-in D),94.62243670822767,1.0
api99_n3,70116,usual,63.802784758215694,0.9619047619047619
api99_n3,70116,ours: Gaussian,63.802784758215694,0.9619047619047619
api99_n3,70116,ours: symmetric unimodal,63.802784758215694,0.9619047619047619
api99_n3,70116,ours: mean-zero log-concave,63.802784758215694,0.9619047619047619
api99_n3,70116,"no shape, median-zero",86.24515774638542,1.0
api99_n3,70116,fay_herriot (plug-in D),57.04249659945019,0.9428571428571428
api99_n3,70116,latentcp (plug-in D),76.52286670428649,1.0
api99_n3,70116,shape_free (plug-in D),83.39835732806127,1.0
api99_n3,70117,usual,65.81588327378124,0.9333333333333333
api99_n3,70117,ours: Gaussian,65.81588327378124,0.9333333333333333
api99_n3,70117,ours: symmetric unimodal,65.81588327378124,0.9333333333333333
api99_n3,70117,ours: mean-zero log-concave,65.81588327378124,0.9333333333333333
api99_n3,70117,"no shape, median-zero",82.29941545023796,0.9809523809523809
api99_n3,70117,fay_herriot (plug-in D),54.16449812815809,0.9142857142857143
api99_n3,70117,latentcp (plug-in D),71.46836053665459,0.9619047619047619
api99_n3,70117,shape_free (plug-in D),75.65482083106527,0.9714285714285714
api99_n3,70042,usual,69.35207674778371,0.9714285714285714
api99_n3,70042,ours: Gaussian,69.35207674778371,0.9714285714285714
api99_n3,70042,ours: symmetric unimodal,69.35207674778371,0.9714285714285714
api99_n3,70042,ours: mean-zero log-concave,69.35207674778371,0.9714285714285714
api99_n3,70042,"no shape, median-zero",79.82010100998791,0.9809523809523809
api99_n3,70042,fay_herriot (plug-in D),57.39487471943654,0.9238095238095239
api99_n3,70042,latentcp (plug-in D),71.09259039936217,0.9714285714285714
api99_n3,70042,shape_free (plug-in D),76.03912727627902,0.9809523809523809
api99_n3,70043,usual,72.32417203624777,0.9809523809523809
api99_n3,70043,ours: Gaussian,72.32417203624777,0.9809523809523809
api99_n3,70043,ours: symmetric unimodal,72.32417203624777,0.9809523809523809
api99_n3,70043,ours: mean-zero log-concave,72.32417203624777,0.9809523809523809
api99_n3,70043,"no shape, median-zero",88.69743530315411,0.9904761904761905
api99_n3,70043,fay_herriot (plug-in D),51.53108655862676,0.9619047619047619
api99_n3,70043,latentcp (plug-in D),72.35460119106224,0.9809523809523809
api99_n3,70043,shape_free (plug-in D),75.81700574549377,0.9809523809523809
api99_n2,71010,usual,88.11368409705369,0.9904761904761905
api99_n2,71010,ours: Gaussian,88.11368409705369,0.9904761904761905
api99_n2,71010,ours: symmetric unimodal,88.11368409705369,0.9904761904761905
api99_n2,71010,ours: mean-zero log-concave,88.11368409705369,0.9904761904761905
api99_n2,71010,"no shape, median-zero",102.61896560477186,1.0
api99_n2,71010,fay_herriot (plug-in D),69.90773997252593,0.9809523809523809
api99_n2,71010,latentcp (plug-in D),90.50250359835444,0.9989523809523808
api99_n2,71010,shape_free (plug-in D),90.9987648979461,1.0
api99_n2,71011,usual,87.1774597381035,1.0
api99_n2,71011,ours: Gaussian,87.1774597381035,1.0
api99_n2,71011,ours: symmetric unimodal,87.1774597381035,1.0
api99_n2,71011,ours: mean-zero log-concave,87.1774597381035,1.0
api99_n2,71011,"no shape, median-zero",125.10049220874839,1.0
api99_n2,71011,fay_herriot (plug-in D),70.25665795504919,0.9904761904761905
api99_n2,71011,latentcp (plug-in D),91.77842407117643,1.0
api99_n2,71011,shape_free (plug-in D),93.83941307489654,1.0
api99_n2,71076,usual,90.06727439700057,0.9809523809523809
api99_n2,71076,ours: Gaussian,90.06727439700057,0.9809523809523809
api99_n2,71076,ours: symmetric unimodal,90.06727439700057,0.9809523809523809
api99_n2,71076,ours: mean-zero log-concave,90.06727439700057,0.9809523809523809
api99_n2,71076,"no shape, median-zero",100.9183928957467,1.0
api99_n2,71076,fay_herriot (plug-in D),71.98253010389642,0.9523809523809523
api99_n2,71076,latentcp (plug-in D),94.21414474924185,0.9904285714285714
api99_n2,71076,shape_free (plug-in D),100.43183068067738,1.0
api99_n2,71077,usual,87.27356419988723,0.9619047619047619
api99_n2,71077,ours: Gaussian,87.27356419988723,0.9619047619047619
api99_n2,71077,ours: symmetric unimodal,87.27356419988723,0.9619047619047619
api99_n2,71077,ours: mean-zero log-concave,87.27356419988723,0.9619047619047619
api99_n2,71077,"no shape, median-zero",98.78409104306093,0.9809523809523809
api99_n2,71077,fay_herriot (plug-in D),65.99409506970645,0.9333333333333333
api99_n2,71077,latentcp (plug-in D),88.62451655881965,0.9619047619047619
api99_n2,71077,shape_free (plug-in D),96.81666822505088,0.9809523809523809
api99_n2,71048,usual,86.07885104175716,0.9904761904761905
api99_n2,71048,ours: Gaussian,86.07885104175716,0.9904761904761905
api99_n2,71048,ours: symmetric unimodal,86.07885104175716,0.9904761904761905
api99_n2,71048,ours: mean-zero log-concave,86.07885104175716,0.9904761904761905
api99_n2,71048,"no shape, median-zero",145.9219530614066,1.0
api99_n2,71048,fay_herriot (plug-in D),73.99312287613263,0.9904761904761905
api99_n2,71048,latentcp (plug-in D),90.53224456036594,1.0
api99_n2,71048,shape_free (plug-in D),97.36592344932569,1.0
api99_n2,71049,usual,92.35564388038432,1.0
api99_n2,71049,ours: Gaussian,92.35564388038432,1.0
api99_n2,71049,ours: symmetric unimodal,92.35564388038432,1.0
api99_n2,71049,ours: mean-zero log-concave,92.35564388038432,1.0
api99_n2,71049,"no shape, median-zero",115.80011297479501,1.0
api99_n2,71049,fay_herriot (plug-in D),78.9598242670306,0.9809523809523809
api99_n2,71049,latentcp (plug-in D),94.42800774826743,0.9990952380952381
api99_n2,71049,shape_free (plug-in D),96.46558394503863,1.0
api99_n2,71026,usual,79.79807349611531,0.9904761904761905
api99_n2,71026,ours: Gaussian,79.79807349611531,0.9904761904761905
api99_n2,71026,ours: symmetric unimodal,79.79807349611531,0.9904761904761905
api99_n2,71026,ours: mean-zero log-concave,79.79807349611531,0.9904761904761905
api99_n2,71026,"no shape, median-zero",109.70882079101989,1.0
api99_n2,71026,fay_herriot (plug-in D),65.69873211574003,0.9619047619047619
api99_n2,71026,latentcp (plug-in D),82.44241732429036,0.9991428571428571
api99_n2,71026,shape_free (plug-in D),89.58012492869517,1.0
api99_n2,71027,usual,79.61559095424911,0.9809523809523809
api99_n2,71027,ours: Gaussian,79.61559095424911,0.9809523809523809
api99_n2,71027,ours: symmetric unimodal,79.61559095424911,0.9809523809523809
api99_n2,71027,ours: mean-zero log-concave,79.61559095424911,0.9809523809523809
api99_n2,71027,"no shape, median-zero",98.45626228958963,1.0
api99_n2,71027,fay_herriot (plug-in D),66.40741952900567,0.9714285714285714
api99_n2,71027,latentcp (plug-in D),94.83514953870913,1.0
api99_n2,71027,shape_free (plug-in D),99.1818733668184,1.0
api99_n3,70044,usual,69.8079994590518,0.9809523809523809
api99_n3,70044,ours: Gaussian,69.8079994590518,0.9809523809523809
api99_n3,70044,ours: symmetric unimodal,69.8079994590518,0.9809523809523809
api99_n3,70044,ours: mean-zero log-concave,69.8079994590518,0.9809523809523809
api99_n3,70044,"no shape, median-zero",82.65043246440769,0.9809523809523809
api99_n3,70044,fay_herriot (plug-in D),47.433910245473044,0.8666666666666667
api99_n3,70044,latentcp (plug-in D),70.75936431915596,0.9806190476190476
api99_n3,70044,shape_free (plug-in D),73.688772931956,0.9809523809523809
api99_n3,70045,usual,65.01719498271935,0.9809523809523809
api99_n3,70045,ours: Gaussian,65.01719498271935,0.9809523809523809
api99_n3,70045,ours: symmetric unimodal,65.01719498271935,0.9809523809523809
api99_n3,70045,ours: mean-zero log-concave,65.01719498271935,0.9809523809523809
api99_n3,70045,"no shape, median-zero",85.4944188166899,0.9904761904761905
api99_n3,70045,fay_herriot (plug-in D),49.97895026341019,0.9523809523809523
api99_n3,70045,latentcp (plug-in D),65.61737849926362,0.9809523809523809
api99_n3,70045,shape_free (plug-in D),69.01129980582895,0.9904761904761905
api99_n2,71054,usual,79.15117291059107,0.9904761904761905
api99_n2,71054,ours: Gaussian,79.15117291059107,0.9904761904761905
api99_n2,71054,ours: symmetric unimodal,79.15117291059107,0.9904761904761905
api99_n2,71054,ours: mean-zero log-concave,79.15117291059107,0.9904761904761905
api99_n2,71054,"no shape, median-zero",102.81873745555197,0.9904761904761905
api99_n2,71054,fay_herriot (plug-in D),66.90654031062454,0.9809523809523809
api99_n2,71054,latentcp (plug-in D),81.21080536152965,0.9904761904761905
api99_n2,71054,shape_free (plug-in D),94.94529354512366,0.9904761904761905
api99_n2,71055,usual,84.27859793325217,0.9904761904761905
api99_n2,71055,ours: Gaussian,84.27859793325217,0.9904761904761905
api99_n2,71055,ours: symmetric unimodal,84.27859793325217,0.9904761904761905
api99_n2,71055,ours: mean-zero log-concave,84.27859793325217,0.9904761904761905
api99_n2,71055,"no shape, median-zero",103.63606359981986,1.0
api99_n2,71055,fay_herriot (plug-in D),62.70500474634053,0.9428571428571428
api99_n2,71055,latentcp (plug-in D),86.10148179959019,0.9904761904761905
api99_n2,71055,shape_free (plug-in D),90.23848191390408,0.9904761904761905
api99_n2,71094,usual,87.11891617354956,0.9809523809523809
api99_n2,71094,ours: Gaussian,87.11891617354956,0.9809523809523809
api99_n2,71094,ours: symmetric unimodal,87.11891617354956,0.9809523809523809
api99_n2,71094,ours: mean-zero log-concave,87.11891617354956,0.9809523809523809
api99_n2,71094,"no shape, median-zero",98.49167258544685,1.0
api99_n2,71094,fay_herriot (plug-in D),68.65649082378418,0.9523809523809523
api99_n2,71094,latentcp (plug-in D),88.44562535498392,0.9783809523809524
api99_n2,71094,shape_free (plug-in D),91.45936990211358,0.9809523809523809
api99_n2,71095,usual,99.66727713700675,1.0
api99_n2,71095,ours: Gaussian,99.66727713700675,1.0
api99_n2,71095,ours: symmetric unimodal,99.66727713700675,1.0
api99_n2,71095,ours: mean-zero log-concave,99.66727713700675,1.0
api99_n2,71095,"no shape, median-zero",110.75566645786569,1.0
api99_n2,71095,fay_herriot (plug-in D),69.14278583083158,0.9714285714285714
api99_n2,71095,latentcp (plug-in D),99.93503573387692,1.0
api99_n2,71095,shape_free (plug-in D),106.61712151599173,1.0
api99_n2,71022,usual,91.38088033262324,0.9809523809523809
api99_n2,71022,ours: Gaussian,91.38088033262324,0.9809523809523809
api99_n2,71022,ours: symmetric unimodal,91.38088033262324,0.9809523809523809
api99_n2,71022,ours: mean-zero log-concave,91.38088033262324,0.9809523809523809
api99_n2,71022,"no shape, median-zero",111.99616625329554,1.0
api99_n2,71022,fay_herriot (plug-in D),69.21804580328113,0.9809523809523809
api99_n2,71022,latentcp (plug-in D),95.92804957952038,0.9878571428571428
api99_n2,71022,shape_free (plug-in D),104.27084541443261,0.9904761904761905
api99_n2,71023,usual,112.28411771480114,1.0
api99_n2,71023,ours: Gaussian,112.28411771480114,1.0
api99_n2,71023,ours: symmetric unimodal,112.28411771480114,1.0
api99_n2,71023,ours: mean-zero log-concave,112.28411771480114,1.0
api99_n2,71023,"no shape, median-zero",129.93561540187216,1.0
api99_n2,71023,fay_herriot (plug-in D),80.2117315366416,0.9904761904761905
api99_n2,71023,latentcp (plug-in D),120.14304240809923,1.0
api99_n2,71023,shape_free (plug-in D),132.37151939470746,1.0
api99_n3,70028,usual,91.06238763108063,0.9904761904761905
api99_n3,70028,ours: Gaussian,91.06238763108063,0.9904761904761905
api99_n3,70028,ours: symmetric unimodal,91.06238763108063,0.9904761904761905
api99_n3,70028,ours: mean-zero log-concave,91.06238763108063,0.9904761904761905
api99_n3,70028,"no shape, median-zero",112.34079045054091,1.0
api99_n3,70028,fay_herriot (plug-in D),58.900492858662005,0.9619047619047619
api99_n3,70028,latentcp (plug-in D),99.36032489005329,1.0
api99_n3,70028,shape_free (plug-in D),107.3630761990003,1.0
api99_n3,70029,usual,63.32020307508583,0.9523809523809523
api99_n3,70029,ours: Gaussian,63.32020307508583,0.9523809523809523
api99_n3,70029,ours: symmetric unimodal,63.32020307508583,0.9523809523809523
api99_n3,70029,ours: mean-zero log-concave,63.32020307508583,0.9523809523809523
api99_n3,70029,"no shape, median-zero",93.36375725755238,1.0
api99_n3,70029,fay_herriot (plug-in D),49.93233698454683,0.8857142857142857
api99_n3,70029,latentcp (plug-in D),67.48022246966292,0.9809523809523809
api99_n3,70029,shape_free (plug-in D),71.35553336672658,0.9904761904761905
api99_n2,71002,usual,84.86416057021438,0.9904761904761905
api99_n2,71002,ours: Gaussian,84.86416057021438,0.9904761904761905
api99_n2,71002,ours: symmetric unimodal,84.86416057021438,0.9904761904761905
api99_n2,71002,ours: mean-zero log-concave,84.86416057021438,0.9904761904761905
api99_n2,71002,"no shape, median-zero",109.13791662734457,1.0
api99_n2,71002,fay_herriot (plug-in D),62.27512454943569,0.9428571428571428
api99_n2,71002,latentcp (plug-in D),85.4380063644391,0.9901904761904763
api99_n2,71002,shape_free (plug-in D),89.6360846644874,0.9904761904761905
api99_n2,71003,usual,81.89517018585889,0.9809523809523809
api99_n2,71003,ours: Gaussian,81.89517018585889,0.9809523809523809
api99_n2,71003,ours: symmetric unimodal,81.89517018585889,0.9809523809523809
api99_n2,71003,ours: mean-zero log-concave,81.89517018585889,0.9809523809523809
api99_n2,71003,"no shape, median-zero",107.25804484095806,1.0
api99_n2,71003,fay_herriot (plug-in D),73.41229179240827,0.9809523809523809
api99_n2,71003,latentcp (plug-in D),82.7985263802879,0.9902380952380951
api99_n2,71003,shape_free (plug-in D),87.51154217207221,0.9904761904761905
api99_n2,71092,usual,109.70895301236027,1.0
api99_n2,71092,ours: Gaussian,109.70895301236027,1.0
api99_n2,71092,ours: symmetric unimodal,109.70895301236027,1.0
api99_n2,71092,ours: mean-zero log-concave,109.70895301236027,1.0
api99_n2,71092,"no shape, median-zero",129.22337632818926,1.0
api99_n2,71092,fay_herriot (plug-in D),72.56679311006636,0.9904761904761905
api99_n2,71092,latentcp (plug-in D),117.16348712094246,1.0
api99_n2,71092,shape_free (plug-in D),121.14783496811428,1.0
api99_n2,71093,usual,83.30961310169647,0.9904761904761905
api99_n2,71093,ours: Gaussian,83.30961310169647,0.9904761904761905
api99_n2,71093,ours: symmetric unimodal,83.30961310169647,0.9904761904761905
api99_n2,71093,ours: mean-zero log-concave,83.30961310169647,0.9904761904761905
api99_n2,71093,"no shape, median-zero",127.44241411534574,1.0
api99_n2,71093,fay_herriot (plug-in D),61.202528500171965,0.9619047619047619
api99_n2,71093,latentcp (plug-in D),96.4878955745584,0.9903333333333333
api99_n2,71093,shape_free (plug-in D),97.30526670140482,1.0
api99_n2,71046,usual,80.21481275032852,0.9904761904761905
api99_n2,71046,ours: Gaussian,80.21481275032852,0.9904761904761905
api99_n2,71046,ours: symmetric unimodal,80.21481275032852,0.9904761904761905
api99_n2,71046,ours: mean-zero log-concave,80.21481275032852,0.9904761904761905
api99_n2,71046,"no shape, median-zero",99.80750374361298,1.0
api99_n2,71046,fay_herriot (plug-in D),69.81768854205384,0.9809523809523809
api99_n2,71046,latentcp (plug-in D),91.83573463041861,1.0
api99_n2,71046,shape_free (plug-in D),94.5140444614605,1.0
api99_n2,71047,usual,97.46061236999049,1.0
api99_n2,71047,ours: Gaussian,97.46061236999049,1.0
api99_n2,71047,ours: symmetric unimodal,97.46061236999049,1.0
api99_n2,71047,ours: mean-zero log-concave,97.46061236999049,1.0
api99_n2,71047,"no shape, median-zero",122.66985205450953,1.0
api99_n2,71047,fay_herriot (plug-in D),70.93238335862051,0.9809523809523809
api99_n2,71047,latentcp (plug-in D),101.99966947241369,1.0
api99_n2,71047,shape_free (plug-in D),102.69826754521411,1.0
api99_n2,71034,usual,74.86141492994489,0.9809523809523809
api99_n2,71034,ours: Gaussian,74.86141492994489,0.9809523809523809
api99_n2,71034,ours: symmetric unimodal,74.86141492994489,0.9809523809523809
api99_n2,71034,ours: mean-zero log-concave,74.86141492994489,0.9809523809523809
api99_n2,71034,"no shape, median-zero",89.43775913302375,1.0
api99_n2,71034,fay_herriot (plug-in D),66.0444508203105,0.9619047619047619
api99_n2,71034,latentcp (plug-in D),77.74676968364099,0.9904285714285714
api99_n2,71034,shape_free (plug-in D),88.56635410904899,1.0
api99_n2,71035,usual,69.75628656760841,0.9714285714285714
api99_n2,71035,ours: Gaussian,69.75628656760841,0.9714285714285714
api99_n2,71035,ours: symmetric unimodal,69.75628656760841,0.9714285714285714
api99_n2,71035,ours: mean-zero log-concave,69.75628656760841,0.9714285714285714
api99_n2,71035,"no shape, median-zero",96.96702471302643,1.0
api99_n2,71035,fay_herriot (plug-in D),69.00355612859053,0.9714285714285714
api99_n2,71035,latentcp (plug-in D),78.68134607311484,0.9903333333333333
api99_n2,71035,shape_free (plug-in D),80.33147503635428,0.9904761904761905
api99_n2,71102,usual,89.8547377443108,0.9904761904761905
api99_n2,71102,ours: Gaussian,89.8547377443108,0.9904761904761905
api99_n2,71102,ours: symmetric unimodal,89.8547377443108,0.9904761904761905
api99_n2,71102,ours: mean-zero log-concave,89.8547377443108,0.9904761904761905
api99_n2,71102,"no shape, median-zero",108.69846953497756,1.0
api99_n2,71102,fay_herriot (plug-in D),72.93824041009061,0.9714285714285714
api99_n2,71102,latentcp (plug-in D),90.54184903462952,0.9807619047619047
api99_n2,71102,shape_free (plug-in D),97.22342348717187,0.9904761904761905
api99_n2,71103,usual,86.1510413253028,0.9904761904761905
api99_n2,71103,ours: Gaussian,86.1510413253028,0.9904761904761905
api99_n2,71103,ours: symmetric unimodal,86.1510413253028,0.9904761904761905
api99_n2,71103,ours: mean-zero log-concave,86.1510413253028,0.9904761904761905
api99_n2,71103,"no shape, median-zero",106.26049390792764,0.9904761904761905
api99_n2,71103,fay_herriot (plug-in D),71.79693428357079,0.9619047619047619
api99_n2,71103,latentcp (plug-in D),86.39164934038719,0.9904761904761905
api99_n2,71103,shape_free (plug-in D),107.23186459902114,0.9904761904761905
api99_n2,71050,usual,69.65654908395129,0.9619047619047619
api99_n2,71050,ours: Gaussian,69.65654908395129,0.9619047619047619
api99_n2,71050,ours: symmetric unimodal,69.65654908395129,0.9619047619047619
api99_n2,71050,ours: mean-zero log-concave,69.65654908395129,0.9619047619047619
api99_n2,71050,"no shape, median-zero",97.20289062424013,1.0
api99_n2,71050,fay_herriot (plug-in D),52.76010969796088,0.9142857142857143
api99_n2,71050,latentcp (plug-in D),69.33583332837446,0.9615238095238096
api99_n2,71050,shape_free (plug-in D),71.23418329639372,0.9619047619047619
api99_n2,71051,usual,110.79087553901854,1.0
api99_n2,71051,ours: Gaussian,110.79087553901854,1.0
api99_n2,71051,ours: symmetric unimodal,110.79087553901854,1.0
api99_n2,71051,ours: mean-zero log-concave,110.79087553901854,1.0
api99_n2,71051,"no shape, median-zero",143.98654441537133,1.0
api99_n2,71051,fay_herriot (plug-in D),85.7310200536542,0.9904761904761905
api99_n2,71051,latentcp (plug-in D),113.8010543638686,1.0
api99_n2,71051,shape_free (plug-in D),131.22363018989765,1.0
api99_n2,71004,usual,82.14744228873883,1.0
api99_n2,71004,ours: Gaussian,82.14744228873883,1.0
api99_n2,71004,ours: symmetric unimodal,82.14744228873883,1.0
api99_n2,71004,ours: mean-zero log-concave,82.14744228873883,1.0
api99_n2,71004,"no shape, median-zero",97.91348926192359,1.0
api99_n2,71004,fay_herriot (plug-in D),68.64844105859112,0.9904761904761905
api99_n2,71004,latentcp (plug-in D),83.86550026077428,0.9999523809523809
api99_n2,71004,shape_free (plug-in D),85.06403794762006,1.0
api99_n2,71005,usual,75.72968809021415,0.9714285714285714
api99_n2,71005,ours: Gaussian,75.72968809021415,0.9714285714285714
api99_n2,71005,ours: symmetric unimodal,75.72968809021415,0.9714285714285714
api99_n2,71005,ours: mean-zero log-concave,75.72968809021415,0.9714285714285714
api99_n2,71005,"no shape, median-zero",87.1476489572724,0.9714285714285714
api99_n2,71005,fay_herriot (plug-in D),59.89910749343791,0.9333333333333333
api99_n2,71005,latentcp (plug-in D),75.83860143793885,0.9701904761904763
api99_n2,71005,shape_free (plug-in D),74.48085138873645,0.9714285714285714
api99_n3,70022,usual,74.31448731486473,0.9714285714285714
api99_n3,70022,ours: Gaussian,74.31448731486473,0.9714285714285714
api99_n3,70022,ours: symmetric unimodal,74.31448731486473,0.9714285714285714
api99_n3,70022,ours: mean-zero log-concave,74.31448731486473,0.9714285714285714
api99_n3,70022,"no shape, median-zero",82.82989760703121,0.9809523809523809
api99_n3,70022,fay_herriot (plug-in D),63.47132431379985,0.9523809523809523
api99_n3,70022,latentcp (plug-in D),75.65405288586705,0.9714285714285714
api99_n3,70022,shape_free (plug-in D),85.69950320790552,0.9809523809523809
api99_n3,70023,usual,69.92527545606322,0.9714285714285714
api99_n3,70023,ours: Gaussian,69.92527545606322,0.9714285714285714
api99_n3,70023,ours: symmetric unimodal,69.92527545606322,0.9714285714285714
api99_n3,70023,ours: mean-zero log-concave,69.92527545606322,0.9714285714285714
api99_n3,70023,"no shape, median-zero",79.65894421722798,0.9809523809523809
api99_n3,70023,fay_herriot (plug-in D),54.998868601284016,0.9238095238095239
api99_n3,70023,latentcp (plug-in D),70.91947904143903,0.9714285714285714
api99_n3,70023,shape_free (plug-in D),78.53204587526028,0.9809523809523809
api99_n2,71038,usual,77.19264354437883,0.9904761904761905
api99_n2,71038,ours: Gaussian,77.19264354437883,0.9904761904761905
api99_n2,71038,ours: symmetric unimodal,77.19264354437883,0.9904761904761905
api99_n2,71038,ours: mean-zero log-concave,77.19264354437883,0.9904761904761905
api99_n2,71038,"no shape, median-zero",98.21103594695899,0.9904761904761905
api99_n2,71038,fay_herriot (plug-in D),63.373527588189184,0.9714285714285714
api99_n2,71038,latentcp (plug-in D),82.90325037045015,0.9904761904761905
api99_n2,71038,shape_free (plug-in D),86.3996440114666,0.9904761904761905
api99_n2,71039,usual,80.58630434519989,0.9714285714285714
api99_n2,71039,ours: Gaussian,80.58630434519989,0.9714285714285714
api99_n2,71039,ours: symmetric unimodal,80.58630434519989,0.9714285714285714
api99_n2,71039,ours: mean-zero log-concave,80.58630434519989,0.9714285714285714
api99_n2,71039,"no shape, median-zero",105.54441934006576,1.0
api99_n2,71039,fay_herriot (plug-in D),67.76405811381059,0.9333333333333333
api99_n2,71039,latentcp (plug-in D),81.70253284552714,0.9805238095238095
api99_n2,71039,shape_free (plug-in D),82.49364677133794,0.9809523809523809
api99_n2,71088,usual,87.32915513831631,0.9714285714285714
api99_n2,71088,ours: Gaussian,87.32915513831631,0.9714285714285714
api99_n2,71088,ours: symmetric unimodal,87.32915513831631,0.9714285714285714
api99_n2,71088,ours: mean-zero log-concave,87.32915513831631,0.9714285714285714
api99_n2,71088,"no shape, median-zero",111.31588502280948,1.0
api99_n2,71088,fay_herriot (plug-in D),66.87199226149737,0.9523809523809523
api99_n2,71088,latentcp (plug-in D),92.18507739308829,0.9714285714285714
api99_n2,71088,shape_free (plug-in D),104.73918233378821,0.9904761904761905
api99_n2,71089,usual,95.84409133274585,0.9904761904761905
api99_n2,71089,ours: Gaussian,95.84409133274585,0.9904761904761905
api99_n2,71089,ours: symmetric unimodal,95.84409133274585,0.9904761904761905
api99_n2,71089,ours: mean-zero log-concave,95.84409133274585,0.9904761904761905
api99_n2,71089,"no shape, median-zero",140.35813719697478,1.0
api99_n2,71089,fay_herriot (plug-in D),76.87817017180673,0.9523809523809523
api99_n2,71089,latentcp (plug-in D),113.76880865949501,0.9904761904761905
api99_n2,71089,shape_free (plug-in D),130.52101544812277,1.0
api99_n2,71040,usual,99.56009593832795,1.0
api99_n2,71040,ours: Gaussian,99.56009593832795,1.0
api99_n2,71040,ours: symmetric unimodal,99.56009593832795,1.0
api99_n2,71040,ours: mean-zero log-concave,99.56009593832795,1.0
api99_n2,71040,"no shape, median-zero",116.08702742754554,1.0
api99_n2,71040,fay_herriot (plug-in D),77.03545761172619,0.9904761904761905
api99_n2,71040,latentcp (plug-in D),102.6731252533384,1.0
api99_n2,71040,shape_free (plug-in D),113.51379526531926,1.0
api99_n2,71041,usual,75.47240435268657,1.0
api99_n2,71041,ours: Gaussian,75.47240435268657,1.0
api99_n2,71041,ours: symmetric unimodal,75.47240435268657,1.0
api99_n2,71041,ours: mean-zero log-concave,75.47240435268657,1.0
api99_n2,71041,"no shape, median-zero",110.12200893732387,1.0
api99_n2,71041,fay_herriot (plug-in D),69.29588704486972,0.9904761904761905
api99_n2,71041,latentcp (plug-in D),78.26388295632377,0.9999523809523809
api99_n2,71041,shape_free (plug-in D),80.16580387254291,1.0
api99_n3,70112,usual,69.6822737285842,0.9809523809523809
api99_n3,70112,ours: Gaussian,69.6822737285842,0.9809523809523809
api99_n3,70112,ours: symmetric unimodal,69.6822737285842,0.9809523809523809
api99_n3,70112,ours: mean-zero log-concave,69.6822737285842,0.9809523809523809
api99_n3,70112,"no shape, median-zero",93.6822685721138,1.0
api99_n3,70112,fay_herriot (plug-in D),60.543901327214456,0.9333333333333333
api99_n3,70112,latentcp (plug-in D),75.77039588602337,0.9809523809523809
api99_n3,70112,shape_free (plug-in D),87.40158710599466,0.9904761904761905
api99_n3,70113,usual,78.06748197023747,0.9904761904761905
api99_n3,70113,ours: Gaussian,78.06748197023747,0.9904761904761905
api99_n3,70113,ours: symmetric unimodal,78.06748197023747,0.9904761904761905
api99_n3,70113,ours: mean-zero log-concave,78.06748197023747,0.9904761904761905
api99_n3,70113,"no shape, median-zero",109.51011328505365,1.0
api99_n3,70113,fay_herriot (plug-in D),55.31719436086417,0.9523809523809523
api99_n3,70113,latentcp (plug-in D),78.18436185140969,0.9904761904761905
api99_n3,70113,shape_free (plug-in D),85.11731675869903,1.0
api99_n2,71018,usual,84.67937429996118,0.9904761904761905
api99_n2,71018,ours: Gaussian,84.67937429996118,0.9904761904761905
api99_n2,71018,ours: symmetric unimodal,84.67937429996118,0.9904761904761905
api99_n2,71018,ours: mean-zero log-concave,84.67937429996118,0.9904761904761905
api99_n2,71018,"no shape, median-zero",94.92914923594708,1.0
api99_n2,71018,fay_herriot (plug-in D),66.61873037137654,0.9809523809523809
api99_n2,71018,latentcp (plug-in D),90.62419532354244,0.9997619047619049
api99_n2,71018,shape_free (plug-in D),91.24281777124486,1.0
api99_n2,71019,usual,76.7210074962843,0.9904761904761905
api99_n2,71019,ours: Gaussian,76.7210074962843,0.9904761904761905
api99_n2,71019,ours: symmetric unimodal,76.7210074962843,0.9904761904761905
api99_n2,71019,ours: mean-zero log-concave,76.7210074962843,0.9904761904761905
api99_n2,71019,"no shape, median-zero",101.57490766370256,1.0
api99_n2,71019,fay_herriot (plug-in D),53.27673176555877,0.9142857142857143
api99_n2,71019,latentcp (plug-in D),77.49677665441158,0.9904761904761905
api99_n2,71019,shape_free (plug-in D),84.56058436470379,0.9904761904761905
api99_n2,71042,usual,84.22697144582412,0.9904761904761905
api99_n2,71042,ours: Gaussian,84.22697144582412,0.9904761904761905
api99_n2,71042,ours: symmetric unimodal,84.22697144582412,0.9904761904761905
api99_n2,71042,ours: mean-zero log-concave,84.22697144582412,0.9904761904761905
api99_n2,71042,"no shape, median-zero",95.88757131371085,1.0
api99_n2,71042,fay_herriot (plug-in D),77.37070070953379,0.9904761904761905
api99_n2,71042,latentcp (plug-in D),86.285809505688,0.9995714285714286
api99_n2,71042,shape_free (plug-in D),91.36371885412196,1.0
api99_n2,71043,usual,75.86130484158912,0.9904761904761905
api99_n2,71043,ours: Gaussian,75.86130484158912,0.9904761904761905
api99_n2,71043,ours: symmetric unimodal,75.86130484158912,0.9904761904761905
api99_n2,71043,ours: mean-zero log-concave,75.86130484158912,0.9904761904761905
api99_n2,71043,"no shape, median-zero",80.3836305354169,0.9904761904761905
api99_n2,71043,fay_herriot (plug-in D),65.10487280747292,0.9809523809523809
api99_n2,71043,latentcp (plug-in D),76.75464807439836,0.9904761904761905
api99_n2,71043,shape_free (plug-in D),76.13514504908461,0.9904761904761905
api99_n2,71062,usual,84.55230789938287,1.0
api99_n2,71062,ours: Gaussian,84.55230789938287,1.0
api99_n2,71062,ours: symmetric unimodal,84.55230789938287,1.0
api99_n2,71062,ours: mean-zero log-concave,84.55230789938287,1.0
api99_n2,71062,"no shape, median-zero",127.5985262386713,1.0
api99_n2,71062,fay_herriot (plug-in D),78.78174858494478,1.0
api99_n2,71062,latentcp (plug-in D),94.70909113492,1.0
api99_n2,71062,shape_free (plug-in D),101.85273350136885,1.0
api99_n2,71063,usual,87.77218165833051,0.9904761904761905
api99_n2,71063,ours: Gaussian,87.77218165833051,0.9904761904761905
api99_n2,71063,ours: symmetric unimodal,87.77218165833051,0.9904761904761905
api99_n2,71063,ours: mean-zero log-concave,87.77218165833051,0.9904761904761905
api99_n2,71063,"no shape, median-zero",104.45156817285488,1.0
api99_n2,71063,fay_herriot (plug-in D),61.59356439009141,0.9428571428571428
api99_n2,71063,latentcp (plug-in D),86.32632649563244,0.9737142857142858
api99_n2,71063,shape_free (plug-in D),92.11716376927416,0.9904761904761905
api99_n2,71044,usual,82.20038196174653,1.0
api99_n2,71044,ours: Gaussian,82.20038196174653,1.0
api99_n2,71044,ours: symmetric unimodal,82.20038196174653,1.0
api99_n2,71044,ours: mean-zero log-concave,82.20038196174653,1.0
api99_n2,71044,"no shape, median-zero",115.6728058846005,1.0
api99_n2,71044,fay_herriot (plug-in D),66.16030728336798,0.9809523809523809
api99_n2,71044,latentcp (plug-in D),84.48129023552791,0.9998095238095237
api99_n2,71044,shape_free (plug-in D),94.01965344060486,1.0
api99_n2,71045,usual,87.75885407231476,1.0
api99_n2,71045,ours: Gaussian,87.75885407231476,1.0
api99_n2,71045,ours: symmetric unimodal,87.75885407231476,1.0
api99_n2,71045,ours: mean-zero log-concave,87.75885407231476,1.0
api99_n2,71045,"no shape, median-zero",120.7504394715487,1.0
api99_n2,71045,fay_herriot (plug-in D),71.92500425207778,0.9904761904761905
api99_n2,71045,latentcp (plug-in D),108.30974281730971,1.0
api99_n2,71045,shape_free (plug-in D),110.10757440650029,1.0
api99_n2,71058,usual,76.78682496263349,0.9809523809523809
api99_n2,71058,ours: Gaussian,76.78682496263349,0.9809523809523809
api99_n2,71058,ours: symmetric unimodal,76.78682496263349,0.9809523809523809
api99_n2,71058,ours: mean-zero log-concave,76.78682496263349,0.9809523809523809
api99_n2,71058,"no shape, median-zero",105.06837728106063,0.9904761904761905
api99_n2,71058,fay_herriot (plug-in D),59.805071076325184,0.9619047619047619
api99_n2,71058,latentcp (plug-in D),81.75499477853559,0.9760476190476188
api99_n2,71058,shape_free (plug-in D),78.23283361310465,0.9809523809523809
api99_n2,71059,usual,73.70894347712101,0.9904761904761905
api99_n2,71059,ours: Gaussian,73.70894347712101,0.9904761904761905
api99_n2,71059,ours: symmetric unimodal,73.70894347712101,0.9904761904761905
api99_n2,71059,ours: mean-zero log-concave,73.70894347712101,0.9904761904761905
api99_n2,71059,"no shape, median-zero",91.39354159029051,0.9904761904761905
api99_n2,71059,fay_herriot (plug-in D),56.47105411365635,0.9333333333333333
api99_n2,71059,latentcp (plug-in D),74.1381450632475,0.9893809523809525
api99_n2,71059,shape_free (plug-in D),81.71595110179375,0.9904761904761905
api99_n2,71060,usual,64.15855076279911,0.9523809523809523
api99_n2,71060,ours: Gaussian,64.15855076279911,0.9523809523809523
api99_n2,71060,ours: symmetric unimodal,64.15855076279911,0.9523809523809523
api99_n2,71060,ours: mean-zero log-concave,64.15855076279911,0.9523809523809523
api99_n2,71060,"no shape, median-zero",92.26993203463314,1.0
api99_n2,71060,fay_herriot (plug-in D),60.04830861525164,0.9333333333333333
api99_n2,71060,latentcp (plug-in D),63.738327021255856,0.9477619047619049
api99_n2,71060,shape_free (plug-in D),67.5886573419258,0.9619047619047619
api99_n2,71061,usual,79.73531230193066,0.9809523809523809
api99_n2,71061,ours: Gaussian,79.73531230193066,0.9809523809523809
api99_n2,71061,ours: symmetric unimodal,79.73531230193066,0.9809523809523809
api99_n2,71061,ours: mean-zero log-concave,79.73531230193066,0.9809523809523809
api99_n2,71061,"no shape, median-zero",99.78533362274061,0.9904761904761905
api99_n2,71061,fay_herriot (plug-in D),65.4571198525285,0.9714285714285714
api99_n2,71061,latentcp (plug-in D),79.90348645057415,0.9809523809523809
api99_n2,71061,shape_free (plug-in D),81.18763454142925,0.9809523809523809
api99_n2,71070,usual,90.16756240474047,0.9714285714285714
api99_n2,71070,ours: Gaussian,90.16756240474047,0.9714285714285714
api99_n2,71070,ours: symmetric unimodal,90.16756240474047,0.9714285714285714
api99_n2,71070,ours: mean-zero log-concave,90.16756240474047,0.9714285714285714
api99_n2,71070,"no shape, median-zero",127.71242655517,1.0
api99_n2,71070,fay_herriot (plug-in D),68.44047037565475,0.9428571428571428
api99_n2,71070,latentcp (plug-in D),94.63213322964106,0.9714285714285714
api99_n2,71070,shape_free (plug-in D),119.99805333055738,1.0
api99_n2,71071,usual,78.44781870073109,0.9904761904761905
api99_n2,71071,ours: Gaussian,78.44781870073109,0.9904761904761905
api99_n2,71071,ours: symmetric unimodal,78.44781870073109,0.9904761904761905
api99_n2,71071,ours: mean-zero log-concave,78.44781870073109,0.9904761904761905
api99_n2,71071,"no shape, median-zero",109.27030057253148,1.0
api99_n2,71071,fay_herriot (plug-in D),65.15367852592357,0.9619047619047619
api99_n2,71071,latentcp (plug-in D),90.98394392373937,1.0
api99_n2,71071,shape_free (plug-in D),91.73825207369886,1.0
api99_n2,71086,usual,75.6276375881921,0.9809523809523809
api99_n2,71086,ours: Gaussian,75.6276375881921,0.9809523809523809
api99_n2,71086,ours: symmetric unimodal,75.6276375881921,0.9809523809523809
api99_n2,71086,ours: mean-zero log-concave,75.6276375881921,0.9809523809523809
api99_n2,71086,"no shape, median-zero",109.1592454453529,1.0
api99_n2,71086,fay_herriot (plug-in D),67.68918761127256,0.9619047619047619
api99_n2,71086,latentcp (plug-in D),83.40915259274757,0.9898095238095239
api99_n2,71086,shape_free (plug-in D),88.54648677926195,0.9904761904761905
api99_n2,71087,usual,502.12483481724405,0.9904761904761905
api99_n2,71087,ours: Gaussian,502.12483481724405,0.9904761904761905
api99_n2,71087,ours: symmetric unimodal,502.12483481724405,0.9904761904761905
api99_n2,71087,ours: mean-zero log-concave,502.12483481724405,0.9904761904761905
api99_n2,71087,"no shape, median-zero",1024.052641853684,1.0
api99_n2,71087,fay_herriot (plug-in D),270.11982903390344,0.9809523809523809
api99_n2,71087,latentcp (plug-in D),530.0485805865356,0.9904761904761905
api99_n2,71087,shape_free (plug-in D),533.6704832033863,0.9904761904761905
api99_n2,71074,usual,82.81818808633273,0.9809523809523809
api99_n2,71074,ours: Gaussian,82.81818808633273,0.9809523809523809
api99_n2,71074,ours: symmetric unimodal,82.81818808633273,0.9809523809523809
api99_n2,71074,ours: mean-zero log-concave,82.81818808633273,0.9809523809523809
api99_n2,71074,"no shape, median-zero",91.64465881414844,0.9809523809523809
api99_n2,71074,fay_herriot (plug-in D),70.19318095389096,0.9428571428571428
api99_n2,71074,latentcp (plug-in D),84.27320642958824,0.9809523809523809
api99_n2,71074,shape_free (plug-in D),84.93507815406251,0.9809523809523809
api99_n2,71075,usual,68.80340675258219,0.9619047619047619
api99_n2,71075,ours: Gaussian,68.80340675258219,0.9619047619047619
api99_n2,71075,ours: symmetric unimodal,68.80340675258219,0.9619047619047619
api99_n2,71075,ours: mean-zero log-concave,68.80340675258219,0.9619047619047619
api99_n2,71075,"no shape, median-zero",92.72792649497364,0.9904761904761905
api99_n2,71075,fay_herriot (plug-in D),55.88132428478602,0.8952380952380953
api99_n2,71075,latentcp (plug-in D),77.45012736122726,0.9804761904761904
api99_n2,71075,shape_free (plug-in D),76.48175037650661,0.9809523809523809
api99_n2,71024,usual,91.1721095025149,1.0
api99_n2,71024,ours: Gaussian,91.1721095025149,1.0
api99_n2,71024,ours: symmetric unimodal,91.1721095025149,1.0
api99_n2,71024,ours: mean-zero log-concave,91.1721095025149,1.0
api99_n2,71024,"no shape, median-zero",107.1810087978007,1.0
api99_n2,71024,fay_herriot (plug-in D),65.18281549043647,0.9714285714285714
api99_n2,71024,latentcp (plug-in D),92.13030934186904,1.0
api99_n2,71024,shape_free (plug-in D),93.26134502662947,1.0
api99_n2,71025,usual,82.44288471544456,0.9904761904761905
api99_n2,71025,ours: Gaussian,82.44288471544456,0.9904761904761905
api99_n2,71025,ours: symmetric unimodal,82.44288471544456,0.9904761904761905
api99_n2,71025,ours: mean-zero log-concave,82.44288471544456,0.9904761904761905
api99_n2,71025,"no shape, median-zero",125.55644585077027,1.0
api99_n2,71025,fay_herriot (plug-in D),70.1200830374081,0.9619047619047619
api99_n2,71025,latentcp (plug-in D),82.49057904433403,0.9895238095238096
api99_n2,71025,shape_free (plug-in D),83.56376796119554,0.9904761904761905
api99_n2,71028,usual,88.0931913556625,0.9904761904761905
api99_n2,71028,ours: Gaussian,88.0931913556625,0.9904761904761905
api99_n2,71028,ours: symmetric unimodal,88.0931913556625,0.9904761904761905
api99_n2,71028,ours: mean-zero log-concave,88.0931913556625,0.9904761904761905
api99_n2,71028,"no shape, median-zero",119.71740612234726,1.0
api99_n2,71028,fay_herriot (plug-in D),70.2545202958048,0.9619047619047619
api99_n2,71028,latentcp (plug-in D),98.60684366121549,0.9900476190476192
api99_n2,71028,shape_free (plug-in D),105.73075701664412,0.9904761904761905
api99_n2,71029,usual,74.57025016551552,0.9809523809523809
api99_n2,71029,ours: Gaussian,74.57025016551552,0.9809523809523809
api99_n2,71029,ours: symmetric unimodal,74.57025016551552,0.9809523809523809
api99_n2,71029,ours: mean-zero log-concave,74.57025016551552,0.9809523809523809
api99_n2,71029,"no shape, median-zero",95.88363376754444,1.0
api99_n2,71029,fay_herriot (plug-in D),66.71405034921024,0.9714285714285714
api99_n2,71029,latentcp (plug-in D),76.50611716601983,0.9807142857142855
api99_n2,71029,shape_free (plug-in D),84.49622626683104,1.0
api99_n2,71090,usual,87.25438881854825,0.9714285714285714
api99_n2,71090,ours: Gaussian,87.25438881854825,0.9714285714285714
api99_n2,71090,ours: symmetric unimodal,87.25438881854825,0.9714285714285714
api99_n2,71090,ours: mean-zero log-concave,87.25438881854825,0.9714285714285714
api99_n2,71090,"no shape, median-zero",119.52675193561504,1.0
api99_n2,71090,fay_herriot (plug-in D),68.07664931608957,0.9714285714285714
api99_n2,71090,latentcp (plug-in D),92.58597106533554,0.9808571428571429
api99_n2,71090,shape_free (plug-in D),97.46862331835872,0.9904761904761905
api99_n2,71091,usual,82.82645539640464,1.0
api99_n2,71091,ours: Gaussian,82.82645539640464,1.0
api99_n2,71091,ours: symmetric unimodal,82.82645539640464,1.0
api99_n2,71091,ours: mean-zero log-concave,82.82645539640464,1.0
api99_n2,71091,"no shape, median-zero",118.96086417953188,1.0
api99_n2,71091,fay_herriot (plug-in D),71.49987549700873,0.9714285714285714
api99_n2,71091,latentcp (plug-in D),82.2841500318775,0.99
api99_n2,71091,shape_free (plug-in D),85.65506217202326,1.0
api99_n2,71036,usual,77.53531219143201,1.0
api99_n2,71036,ours: Gaussian,77.53531219143201,1.0
api99_n2,71036,ours: symmetric unimodal,77.53531219143201,1.0
api99_n2,71036,ours: mean-zero log-concave,77.53531219143201,1.0
api99_n2,71036,"no shape, median-zero",100.77987247774536,1.0
api99_n2,71036,fay_herriot (plug-in D),58.16176790893528,0.9809523809523809
api99_n2,71036,latentcp (plug-in D),95.50441153585369,1.0
api99_n2,71036,shape_free (plug-in D),101.25394978586377,1.0
api99_n2,71037,usual,79.93361749988162,1.0
api99_n2,71037,ours: Gaussian,79.93361749988162,1.0
api99_n2,71037,ours: symmetric unimodal,79.93361749988162,1.0
api99_n2,71037,ours: mean-zero log-concave,79.93361749988162,1.0
api99_n2,71037,"no shape, median-zero",118.01772641584353,1.0
api99_n2,71037,fay_herriot (plug-in D),69.2751965118511,0.9904761904761905
api99_n2,71037,latentcp (plug-in D),91.17400978603783,1.0
api99_n2,71037,shape_free (plug-in D),96.67164864589284,1.0
api99_n2,71098,usual,89.09392196900063,0.9809523809523809
api99_n2,71098,ours: Gaussian,89.09392196900063,0.9809523809523809
api99_n2,71098,ours: symmetric unimodal,89.09392196900063,0.9809523809523809
api99_n2,71098,ours: mean-zero log-concave,89.09392196900063,0.9809523809523809
api99_n2,71098,"no shape, median-zero",122.18710248188063,1.0
api99_n2,71098,fay_herriot (plug-in D),70.70610193210499,0.9428571428571428
api99_n2,71098,latentcp (plug-in D),88.60711110584565,0.9790476190476189
api99_n2,71098,shape_free (plug-in D),105.24767855143914,1.0
api99_n2,71099,usual,93.97689955608598,0.9904761904761905
api99_n2,71099,ours: Gaussian,93.97689955608598,0.9904761904761905
api99_n2,71099,ours: symmetric unimodal,93.97689955608598,0.9904761904761905
api99_n2,71099,ours: mean-zero log-concave,93.97689955608598,0.9904761904761905
api99_n2,71099,"no shape, median-zero",112.10920601537157,1.0
api99_n2,71099,fay_herriot (plug-in D),77.0437480380916,0.9714285714285714
api99_n2,71099,latentcp (plug-in D),94.3926374445489,0.9904761904761905
api99_n2,71099,shape_free (plug-in D),103.74434636218956,0.9904761904761905
api99_n2,71080,usual,72.83132627057591,0.9809523809523809
api99_n2,71080,ours: Gaussian,72.83132627057591,0.9809523809523809
api99_n2,71080,ours: symmetric unimodal,72.83132627057591,0.9809523809523809
api99_n2,71080,ours: mean-zero log-concave,72.83132627057591,0.9809523809523809
api99_n2,71080,"no shape, median-zero",88.04759757137208,0.9904761904761905
api99_n2,71080,fay_herriot (plug-in D),57.447970070610914,0.9142857142857143
api99_n2,71080,latentcp (plug-in D),71.8925831779332,0.9695714285714285
api99_n2,71080,shape_free (plug-in D),73.35310104115399,0.9809523809523809
api99_n2,71081,usual,94.13797131131884,0.9904761904761905
api99_n2,71081,ours: Gaussian,94.13797131131884,0.9904761904761905
api99_n2,71081,ours: symmetric unimodal,94.13797131131884,0.9904761904761905
api99_n2,71081,ours: mean-zero log-concave,94.13797131131884,0.9904761904761905
api99_n2,71081,"no shape, median-zero",104.40835274491985,1.0
api99_n2,71081,fay_herriot (plug-in D),79.81829538087861,0.9904761904761905
api99_n2,71081,latentcp (plug-in D),94.99456465131384,0.9904761904761905
api99_n2,71081,shape_free (plug-in D),104.58686107128972,1.0
api99_n2,71100,usual,84.25173345511905,1.0
api99_n2,71100,ours: Gaussian,84.25173345511905,1.0
api99_n2,71100,ours: symmetric unimodal,84.25173345511905,1.0
api99_n2,71100,ours: mean-zero log-concave,84.25173345511905,1.0
api99_n2,71100,"no shape, median-zero",103.50814240888485,1.0
api99_n2,71100,fay_herriot (plug-in D),69.67620056251634,0.9809523809523809
api99_n2,71100,latentcp (plug-in D),86.28950487818038,0.9999047619047619
api99_n2,71100,shape_free (plug-in D),83.2911023590563,1.0
api99_n2,71101,usual,81.08644685943773,1.0
api99_n2,71101,ours: Gaussian,81.08644685943773,1.0
api99_n2,71101,ours: symmetric unimodal,81.08644685943773,1.0
api99_n2,71101,ours: mean-zero log-concave,81.08644685943773,1.0
api99_n2,71101,"no shape, median-zero",106.80529396029397,1.0
api99_n2,71101,fay_herriot (plug-in D),77.29472483976984,1.0
api99_n2,71101,latentcp (plug-in D),89.71229013090431,1.0
api99_n2,71101,shape_free (plug-in D),90.67520311444981,1.0
api99_n2,71096,usual,88.72380902682676,0.9714285714285714
api99_n2,71096,ours: Gaussian,88.72380902682676,0.9714285714285714
api99_n2,71096,ours: symmetric unimodal,88.72380902682676,0.9714285714285714
api99_n2,71096,ours: mean-zero log-concave,88.72380902682676,0.9714285714285714
api99_n2,71096,"no shape, median-zero",151.36567147263872,1.0
api99_n2,71096,fay_herriot (plug-in D),70.35325275948836,0.9428571428571428
api99_n2,71096,latentcp (plug-in D),99.47156569039184,0.9809523809523809
api99_n2,71096,shape_free (plug-in D),112.00645902025651,1.0
api99_n2,71097,usual,91.56327987874874,1.0
api99_n2,71097,ours: Gaussian,91.56327987874874,1.0
api99_n2,71097,ours: symmetric unimodal,91.56327987874874,1.0
api99_n2,71097,ours: mean-zero log-concave,91.56327987874874,1.0
api99_n2,71097,"no shape, median-zero",109.09807578847449,1.0
api99_n2,71097,fay_herriot (plug-in D),66.97166599127905,0.9904761904761905
api99_n2,71097,latentcp (plug-in D),95.88538946935985,1.0
api99_n2,71097,shape_free (plug-in D),96.97660853634532,1.0
api99_n2,71066,usual,76.61638327447906,0.9809523809523809
api99_n2,71066,ours: Gaussian,76.61638327447906,0.9809523809523809
api99_n2,71066,ours: symmetric unimodal,76.61638327447906,0.9809523809523809
api99_n2,71066,ours: mean-zero log-concave,76.61638327447906,0.9809523809523809
api99_n2,71066,"no shape, median-zero",92.9099312223691,1.0
api99_n2,71066,fay_herriot (plug-in D),58.226467246480944,0.9238095238095239
api99_n2,71066,latentcp (plug-in D),80.0478614178345,0.9796666666666667
api99_n2,71066,shape_free (plug-in D),80.93771965510848,0.9809523809523809
api99_n2,71067,usual,80.0292194219262,1.0
api99_n2,71067,ours: Gaussian,80.0292194219262,1.0
api99_n2,71067,ours: symmetric unimodal,80.0292194219262,1.0
api99_n2,71067,ours: mean-zero log-concave,80.0292194219262,1.0
api99_n2,71067,"no shape, median-zero",113.12324299431236,1.0
api99_n2,71067,fay_herriot (plug-in D),62.23340924065706,0.9428571428571428
api99_n2,71067,latentcp (plug-in D),82.46161539491536,0.9994761904761904
api99_n2,71067,shape_free (plug-in D),83.81798738197125,1.0
api99_n2,71108,usual,97.1717902344459,1.0
api99_n2,71108,ours: Gaussian,97.1717902344459,1.0
api99_n2,71108,ours: symmetric unimodal,97.1717902344459,1.0
api99_n2,71108,ours: mean-zero log-concave,97.1717902344459,1.0
api99_n2,71108,"no shape, median-zero",114.93153083148593,1.0
api99_n2,71108,fay_herriot (plug-in D),87.85356599799871,0.9809523809523809
api99_n2,71108,latentcp (plug-in D),107.25912530090343,1.0
api99_n2,71108,shape_free (plug-in D),115.95796467357486,1.0
api99_n2,71109,usual,95.19288552072703,0.9809523809523809
api99_n2,71109,ours: Gaussian,95.19288552072703,0.9809523809523809
api99_n2,71109,ours: symmetric unimodal,95.19288552072703,0.9809523809523809
api99_n2,71109,ours: mean-zero log-concave,95.19288552072703,0.9809523809523809
api99_n2,71109,"no shape, median-zero",118.53087010015815,1.0
api99_n2,71109,fay_herriot (plug-in D),75.95801739176383,0.9714285714285714
api99_n2,71109,latentcp (plug-in D),96.5267532674946,0.9809523809523809
api99_n2,71109,shape_free (plug-in D),98.8351209726805,0.9809523809523809
api99_n2,71032,usual,94.10308163245497,1.0
api99_n2,71032,ours: Gaussian,94.10308163245497,1.0
api99_n2,71032,ours: symmetric unimodal,94.10308163245497,1.0
api99_n2,71032,ours: mean-zero log-concave,94.10308163245497,1.0
api99_n2,71032,"no shape, median-zero",110.18665642339329,1.0
api99_n2,71032,fay_herriot (plug-in D),71.61133546187823,0.9714285714285714
api99_n2,71032,latentcp (plug-in D),97.99926444843064,1.0
api99_n2,71032,shape_free (plug-in D),105.13871051551983,1.0
api99_n2,71033,usual,81.7116705677397,0.9809523809523809
api99_n2,71033,ours: Gaussian,81.7116705677397,0.9809523809523809
api99_n2,71033,ours: symmetric unimodal,81.7116705677397,0.9809523809523809
api99_n2,71033,ours: mean-zero log-concave,81.7116705677397,0.9809523809523809
api99_n2,71033,"no shape, median-zero",106.53451098491189,0.9904761904761905
api99_n2,71033,fay_herriot (plug-in D),67.8763899705996,0.9333333333333333
api99_n2,71033,latentcp (plug-in D),83.98183041866996,0.9808571428571429
api99_n2,71033,shape_free (plug-in D),87.46528286483662,0.9809523809523809
api99_n2,71106,usual,74.42041964188513,0.9809523809523809
api99_n2,71106,ours: Gaussian,74.42041964188513,0.9809523809523809
api99_n2,71106,ours: symmetric unimodal,74.42041964188513,0.9809523809523809
api99_n2,71106,ours: mean-zero log-concave,74.42041964188513,0.9809523809523809
api99_n2,71106,"no shape, median-zero",115.65250770862627,1.0
api99_n2,71106,fay_herriot (plug-in D),64.87329560632398,0.9619047619047619
api99_n2,71106,latentcp (plug-in D),84.15374256178875,0.9809523809523809
api99_n2,71106,shape_free (plug-in D),95.19136833401114,0.9809523809523809
api99_n2,71107,usual,89.85847076534594,0.9904761904761905
api99_n2,71107,ours: Gaussian,89.85847076534594,0.9904761904761905
api99_n2,71107,ours: symmetric unimodal,89.85847076534594,0.9904761904761905
api99_n2,71107,ours: mean-zero log-concave,89.85847076534594,0.9904761904761905
api99_n2,71107,"no shape, median-zero",115.90142998071678,1.0
api99_n2,71107,fay_herriot (plug-in D),82.6026265497965,0.9904761904761905
api99_n2,71107,latentcp (plug-in D),92.06487552968885,0.9904761904761905
api99_n2,71107,shape_free (plug-in D),100.79965001424702,0.9904761904761905
api99_n2,71064,usual,113.38419783316328,1.0
api99_n2,71064,ours: Gaussian,113.38419783316328,1.0
api99_n2,71064,ours: symmetric unimodal,113.38419783316328,1.0
api99_n2,71064,ours: mean-zero log-concave,113.38419783316328,1.0
api99_n2,71064,"no shape, median-zero",124.15397997898401,1.0
api99_n2,71064,fay_herriot (plug-in D),68.51250190498607,0.9714285714285714
api99_n2,71064,latentcp (plug-in D),113.76367173182693,1.0
api99_n2,71064,shape_free (plug-in D),118.2980193259193,1.0
api99_n2,71065,usual,92.20805521050801,1.0
api99_n2,71065,ours: Gaussian,92.20805521050801,1.0
api99_n2,71065,ours: symmetric unimodal,92.20805521050801,1.0
api99_n2,71065,ours: mean-zero log-concave,92.20805521050801,1.0
api99_n2,71065,"no shape, median-zero",125.8846683470623,1.0
api99_n2,71065,fay_herriot (plug-in D),81.13472479456358,0.9904761904761905
api99_n2,71065,latentcp (plug-in D),101.6436780684398,1.0
api99_n2,71065,shape_free (plug-in D),105.08388530297152,1.0
api99_n2,71114,usual,76.83675510068349,0.9809523809523809
api99_n2,71114,ours: Gaussian,76.83675510068349,0.9809523809523809
api99_n2,71114,ours: symmetric unimodal,76.83675510068349,0.9809523809523809
api99_n2,71114,ours: mean-zero log-concave,76.83675510068349,0.9809523809523809
api99_n2,71114,"no shape, median-zero",85.29364708446008,0.9809523809523809
api99_n2,71114,fay_herriot (plug-in D),63.52726311066127,0.9714285714285714
api99_n2,71114,latentcp (plug-in D),77.01636227832732,0.9809523809523809
api99_n2,71114,shape_free (plug-in D),80.14481787722947,0.9809523809523809
api99_n2,71115,usual,72.94095713702814,0.9523809523809523
api99_n2,71115,ours: Gaussian,72.94095713702814,0.9523809523809523
api99_n2,71115,ours: symmetric unimodal,72.94095713702814,0.9523809523809523
api99_n2,71115,ours: mean-zero log-concave,72.94095713702814,0.9523809523809523
api99_n2,71115,"no shape, median-zero",108.07912664274374,1.0
api99_n2,71115,fay_herriot (plug-in D),66.26594710118721,0.9523809523809523
api99_n2,71115,latentcp (plug-in D),76.64941862860387,0.9523809523809524
api99_n2,71115,shape_free (plug-in D),87.12965342444649,0.9809523809523809
socio_n3,72008,usual,147.03952122286546,0.9904761904761905
socio_n3,72008,ours: Gaussian,147.03952122286546,0.9904761904761905
socio_n3,72008,ours: symmetric unimodal,147.03952122286546,0.9904761904761905
socio_n3,72008,ours: mean-zero log-concave,147.03952122286546,0.9904761904761905
socio_n3,72008,"no shape, median-zero",236.2721704165473,1.0
socio_n3,72008,fay_herriot (plug-in D),133.26796769098968,0.9809523809523809
socio_n3,72008,latentcp (plug-in D),148.81301850002836,0.9904761904761905
socio_n3,72008,shape_free (plug-in D),179.1345285998739,1.0
socio_n3,72009,usual,151.0303560703387,0.9904761904761905
socio_n3,72009,ours: Gaussian,151.0303560703387,0.9904761904761905
socio_n3,72009,ours: symmetric unimodal,151.0303560703387,0.9904761904761905
socio_n3,72009,ours: mean-zero log-concave,151.0303560703387,0.9904761904761905
socio_n3,72009,"no shape, median-zero",183.73197460133028,1.0
socio_n3,72009,fay_herriot (plug-in D),113.60206747138918,0.9333333333333333
socio_n3,72009,latentcp (plug-in D),170.34799466392812,1.0
socio_n3,72009,shape_free (plug-in D),184.277720973217,1.0
api99_n2,71112,usual,76.29818061087508,0.9809523809523809
api99_n2,71112,ours: Gaussian,76.29818061087508,0.9809523809523809
api99_n2,71112,ours: symmetric unimodal,76.29818061087508,0.9809523809523809
api99_n2,71112,ours: mean-zero log-concave,76.29818061087508,0.9809523809523809
api99_n2,71112,"no shape, median-zero",102.51881962145262,0.9904761904761905
api99_n2,71112,fay_herriot (plug-in D),61.751229608676354,0.9523809523809523
api99_n2,71112,latentcp (plug-in D),85.24515670204623,0.9809523809523809
api99_n2,71112,shape_free (plug-in D),87.08284583328161,0.9809523809523809
api99_n2,71113,usual,75.7255002849987,0.9809523809523809
api99_n2,71113,ours: Gaussian,75.7255002849987,0.9809523809523809
api99_n2,71113,ours: symmetric unimodal,75.7255002849987,0.9809523809523809
api99_n2,71113,ours: mean-zero log-concave,75.7255002849987,0.9809523809523809
api99_n2,71113,"no shape, median-zero",101.19717342120418,0.9904761904761905
api99_n2,71113,fay_herriot (plug-in D),62.91382669795976,0.9523809523809523
api99_n2,71113,latentcp (plug-in D),76.49998072480793,0.9804761904761904
api99_n2,71113,shape_free (plug-in D),90.20053961100982,0.9904761904761905
api99_n2,71082,usual,75.71139060167161,1.0
api99_n2,71082,ours: Gaussian,75.71139060167161,1.0
api99_n2,71082,ours: symmetric unimodal,75.71139060167161,1.0
api99_n2,71082,ours: mean-zero log-concave,75.71139060167161,1.0
api99_n2,71082,"no shape, median-zero",107.1033681439173,1.0
api99_n2,71082,fay_herriot (plug-in D),63.69609170946481,0.9904761904761905
api99_n2,71082,latentcp (plug-in D),80.11193738450032,1.0
api99_n2,71082,shape_free (plug-in D),84.75700598480292,1.0
api99_n2,71083,usual,94.70059154985563,1.0
api99_n2,71083,ours: Gaussian,94.70059154985563,1.0
api99_n2,71083,ours: symmetric unimodal,94.70059154985563,1.0
api99_n2,71083,ours: mean-zero log-concave,94.70059154985563,1.0
api99_n2,71083,"no shape, median-zero",105.0006207127559,1.0
api99_n2,71083,fay_herriot (plug-in D),77.18778487267227,1.0
api99_n2,71083,latentcp (plug-in D),95.25649217335894,1.0
api99_n2,71083,shape_free (plug-in D),98.94985868525775,1.0
api99_n2,71056,usual,85.26862959322591,0.9904761904761905
api99_n2,71056,ours: Gaussian,85.26862959322591,0.9904761904761905
api99_n2,71056,ours: symmetric unimodal,85.26862959322591,0.9904761904761905
api99_n2,71056,ours: mean-zero log-concave,85.26862959322591,0.9904761904761905
api99_n2,71056,"no shape, median-zero",115.84157278065243,1.0
api99_n2,71056,fay_herriot (plug-in D),62.5562576193187,0.9809523809523809
api99_n2,71056,latentcp (plug-in D),85.90715171669198,0.9904761904761905
api99_n2,71056,shape_free (plug-in D),92.18020620345654,0.9904761904761905
api99_n2,71057,usual,78.54620797614189,0.9809523809523809
api99_n2,71057,ours: Gaussian,78.54620797614189,0.9809523809523809
api99_n2,71057,ours: symmetric unimodal,78.54620797614189,0.9809523809523809
api99_n2,71057,ours: mean-zero log-concave,78.54620797614189,0.9809523809523809
api99_n2,71057,"no shape, median-zero",122.71923445407242,1.0
api99_n2,71057,fay_herriot (plug-in D),66.44107549484512,0.9714285714285714
api99_n2,71057,latentcp (plug-in D),82.33015242221539,0.9808095238095238
api99_n2,71057,shape_free (plug-in D),92.32506428797083,0.9809523809523809
socio_n3,72010,usual,136.95467830707685,0.9428571428571428
socio_n3,72010,ours: Gaussian,136.95467830707685,0.9428571428571428
socio_n3,72010,ours: symmetric unimodal,136.95467830707685,0.9428571428571428
socio_n3,72010,ours: mean-zero log-concave,136.95467830707685,0.9428571428571428
socio_n3,72010,"no shape, median-zero",184.4448032287693,0.9809523809523809
socio_n3,72010,fay_herriot (plug-in D),123.95473180630503,0.9238095238095239
socio_n3,72010,latentcp (plug-in D),136.87890258975756,0.9406666666666667
socio_n3,72010,shape_free (plug-in D),168.66950235213875,0.9809523809523809
socio_n3,72011,usual,142.1996520967616,0.9619047619047619
socio_n3,72011,ours: Gaussian,142.1996520967616,0.9619047619047619
socio_n3,72011,ours: symmetric unimodal,142.1996520967616,0.9619047619047619
socio_n3,72011,ours: mean-zero log-concave,142.1996520967616,0.9619047619047619
socio_n3,72011,"no shape, median-zero",177.9276008939339,0.9904761904761905
socio_n3,72011,fay_herriot (plug-in D),125.68300740405803,0.9238095238095239
socio_n3,72011,latentcp (plug-in D),148.86330691884305,0.9809523809523809
socio_n3,72011,shape_free (plug-in D),159.60380743967178,0.9904761904761905
api99_n2,71110,usual,82.23109077053948,1.0
api99_n2,71110,ours: Gaussian,82.23109077053948,1.0
api99_n2,71110,ours: symmetric unimodal,82.23109077053948,1.0
api99_n2,71110,ours: mean-zero log-concave,82.23109077053948,1.0
api99_n2,71110,"no shape, median-zero",93.8660271432525,1.0
api99_n2,71110,fay_herriot (plug-in D),70.51363014185137,1.0
api99_n2,71110,latentcp (plug-in D),86.25968788516548,1.0
api99_n2,71110,shape_free (plug-in D),88.89542084412636,1.0
api99_n2,71111,usual,77.09732216119016,0.9904761904761905
api99_n2,71111,ours: Gaussian,77.09732216119016,0.9904761904761905
api99_n2,71111,ours: symmetric unimodal,77.09732216119016,0.9904761904761905
api99_n2,71111,ours: mean-zero log-concave,77.09732216119016,0.9904761904761905
api99_n2,71111,"no shape, median-zero",93.82028348249082,0.9904761904761905
api99_n2,71111,fay_herriot (plug-in D),63.52806782234739,0.9428571428571428
api99_n2,71111,latentcp (plug-in D),77.30950427979884,0.988904761904762
api99_n2,71111,shape_free (plug-in D),79.45744186434936,0.9904761904761905
socio_n3,72034,usual,133.95243798912907,0.9714285714285714
socio_n3,72034,ours: Gaussian,133.95243798912907,0.9714285714285714
socio_n3,72034,ours: symmetric unimodal,133.95243798912907,0.9714285714285714
socio_n3,72034,ours: mean-zero log-concave,133.95243798912907,0.9714285714285714
socio_n3,72034,"no shape, median-zero",170.02850207779454,1.0
socio_n3,72034,fay_herriot (plug-in D),106.5568858758352,0.9238095238095239
socio_n3,72034,latentcp (plug-in D),134.48156633767348,0.9799523809523808
socio_n3,72034,shape_free (plug-in D),136.7919913507591,0.9809523809523809
socio_n3,72035,usual,150.5699385252561,0.9809523809523809
socio_n3,72035,ours: Gaussian,150.5699385252561,0.9809523809523809
socio_n3,72035,ours: symmetric unimodal,150.5699385252561,0.9809523809523809
socio_n3,72035,ours: mean-zero log-concave,150.5699385252561,0.9809523809523809
socio_n3,72035,"no shape, median-zero",230.04979732797315,1.0
socio_n3,72035,fay_herriot (plug-in D),129.34321766994543,0.9619047619047619
socio_n3,72035,latentcp (plug-in D),151.41872565050764,0.9809523809523809
socio_n3,72035,shape_free (plug-in D),165.7232161948495,0.9809523809523809
api99_n2,71084,usual,80.63534251362091,0.9904761904761905
api99_n2,71084,ours: Gaussian,80.63534251362091,0.9904761904761905
api99_n2,71084,ours: symmetric unimodal,80.63534251362091,0.9904761904761905
api99_n2,71084,ours: mean-zero log-concave,80.63534251362091,0.9904761904761905
api99_n2,71084,"no shape, median-zero",92.77621186117415,1.0
api99_n2,71084,fay_herriot (plug-in D),62.35775815869218,0.9809523809523809
api99_n2,71084,latentcp (plug-in D),80.9594784350277,0.9904761904761905
api99_n2,71084,shape_free (plug-in D),85.3551797181664,1.0
api99_n2,71085,usual,81.38140570439964,0.9904761904761905
api99_n2,71085,ours: Gaussian,81.38140570439964,0.9904761904761905
api99_n2,71085,ours: symmetric unimodal,81.38140570439964,0.9904761904761905
api99_n2,71085,ours: mean-zero log-concave,81.38140570439964,0.9904761904761905
api99_n2,71085,"no shape, median-zero",99.43837119144541,1.0
api99_n2,71085,fay_herriot (plug-in D),62.73211200244665,0.9714285714285714
api99_n2,71085,latentcp (plug-in D),86.22584650009568,0.9904761904761905
api99_n2,71085,shape_free (plug-in D),85.14361354229334,0.9904761904761905
socio_n3,72022,usual,144.5301141848448,0.9619047619047619
socio_n3,72022,ours: Gaussian,144.5301141848448,0.9619047619047619
socio_n3,72022,ours: symmetric unimodal,144.5301141848448,0.9619047619047619
socio_n3,72022,ours: mean-zero log-concave,144.5301141848448,0.9619047619047619
socio_n3,72022,"no shape, median-zero",198.34355394588184,1.0
socio_n3,72022,fay_herriot (plug-in D),125.86372589286262,0.9333333333333333
socio_n3,72022,latentcp (plug-in D),147.06596843825812,0.9619047619047619
socio_n3,72022,shape_free (plug-in D),160.4042129467161,0.9714285714285714
socio_n3,72023,usual,151.57750095632446,0.9714285714285714
socio_n3,72023,ours: Gaussian,151.57750095632446,0.9714285714285714
socio_n3,72023,ours: symmetric unimodal,151.57750095632446,0.9714285714285714
socio_n3,72023,ours: mean-zero log-concave,151.57750095632446,0.9714285714285714
socio_n3,72023,"no shape, median-zero",213.5774108871814,1.0
socio_n3,72023,fay_herriot (plug-in D),115.49893852449249,0.9238095238095239
socio_n3,72023,latentcp (plug-in D),152.6099797267102,0.9714285714285714
socio_n3,72023,shape_free (plug-in D),161.06856003585392,0.9714285714285714
api99_n2,71118,usual,81.69390490168053,0.9904761904761905
api99_n2,71118,ours: Gaussian,81.69390490168053,0.9904761904761905
api99_n2,71118,ours: symmetric unimodal,81.69390490168053,0.9904761904761905
api99_n2,71118,ours: mean-zero log-concave,81.69390490168053,0.9904761904761905
api99_n2,71118,"no shape, median-zero",105.2873383239405,0.9904761904761905
api99_n2,71118,fay_herriot (plug-in D),65.95446363687309,0.9714285714285714
api99_n2,71118,latentcp (plug-in D),84.7052386515074,0.9895238095238095
api99_n2,71118,shape_free (plug-in D),86.60727364352621,0.9904761904761905
api99_n2,71119,usual,79.59602151634613,0.9904761904761905
api99_n2,71119,ours: Gaussian,79.59602151634613,0.9904761904761905
api99_n2,71119,ours: symmetric unimodal,79.59602151634613,0.9904761904761905
api99_n2,71119,ours: mean-zero log-concave,79.59602151634613,0.9904761904761905
api99_n2,71119,"no shape, median-zero",116.54936963964201,1.0
api99_n2,71119,fay_herriot (plug-in D),68.3938388171988,0.9809523809523809
api99_n2,71119,latentcp (plug-in D),98.93337426371377,0.9904761904761905
api99_n2,71119,shape_free (plug-in D),100.5197453412295,0.9904761904761905
socio_n3,72002,usual,170.5684957796941,0.9809523809523809
socio_n3,72002,ours: Gaussian,170.5684957796941,0.9809523809523809
socio_n3,72002,ours: symmetric unimodal,170.5684957796941,0.9809523809523809
socio_n3,72002,ours: mean-zero log-concave,170.5684957796941,0.9809523809523809
socio_n3,72002,"no shape, median-zero",225.0922363209968,0.9904761904761905
socio_n3,72002,fay_herriot (plug-in D),139.53414319827104,0.9428571428571428
socio_n3,72002,latentcp (plug-in D),170.75631649722135,0.9809523809523809
socio_n3,72002,shape_free (plug-in D),193.25335370631947,0.9904761904761905
socio_n3,72003,usual,153.21325532104728,0.9523809523809523
socio_n3,72003,ours: Gaussian,153.21325532104728,0.9523809523809523
socio_n3,72003,ours: symmetric unimodal,153.21325532104728,0.9523809523809523
socio_n3,72003,ours: mean-zero log-concave,153.21325532104728,0.9523809523809523
socio_n3,72003,"no shape, median-zero",180.84841063692315,0.9809523809523809
socio_n3,72003,fay_herriot (plug-in D),133.67183544769838,0.9428571428571428
socio_n3,72003,latentcp (plug-in D),153.58470019917152,0.9523809523809524
socio_n3,72003,shape_free (plug-in D),171.78595569293344,0.9809523809523809
api99_n2,71068,usual,90.7175602295003,1.0
api99_n2,71068,ours: Gaussian,90.7175602295003,1.0
api99_n2,71068,ours: symmetric unimodal,90.7175602295003,1.0
api99_n2,71068,ours: mean-zero log-concave,90.7175602295003,1.0
api99_n2,71068,"no shape, median-zero",147.15572714125722,1.0
api99_n2,71068,fay_herriot (plug-in D),74.36128745839062,0.9809523809523809
api99_n2,71068,latentcp (plug-in D),110.28739289526764,1.0
api99_n2,71068,shape_free (plug-in D),116.18885272187585,1.0
api99_n2,71069,usual,88.33716171472236,1.0
api99_n2,71069,ours: Gaussian,88.33716171472236,1.0
api99_n2,71069,ours: symmetric unimodal,88.33716171472236,1.0
api99_n2,71069,ours: mean-zero log-concave,88.33716171472236,1.0
api99_n2,71069,"no shape, median-zero",99.48325031985178,1.0
api99_n2,71069,fay_herriot (plug-in D),75.2821253411427,1.0
api99_n2,71069,latentcp (plug-in D),89.01407005191719,1.0
api99_n2,71069,shape_free (plug-in D),89.70198838845185,1.0
socio_n3,72040,usual,151.59740766566483,1.0
socio_n3,72040,ours: Gaussian,151.59740766566483,1.0
socio_n3,72040,ours: symmetric unimodal,151.59740766566483,1.0
socio_n3,72040,ours: mean-zero log-concave,151.59740766566483,1.0
socio_n3,72040,"no shape, median-zero",250.2759396010114,1.0
socio_n3,72040,fay_herriot (plug-in D),133.80334335774216,0.9619047619047619
socio_n3,72040,latentcp (plug-in D),165.82997972912395,1.0
socio_n3,72040,shape_free (plug-in D),189.76686401075736,1.0
socio_n3,72041,usual,135.19133511842674,0.9428571428571428
socio_n3,72041,ours: Gaussian,135.19133511842674,0.9428571428571428
socio_n3,72041,ours: symmetric unimodal,135.19133511842674,0.9428571428571428
socio_n3,72041,ours: mean-zero log-concave,135.19133511842674,0.9428571428571428
socio_n3,72041,"no shape, median-zero",177.44692777024264,0.9904761904761905
socio_n3,72041,fay_herriot (plug-in D),128.55963515115087,0.9428571428571428
socio_n3,72041,latentcp (plug-in D),155.68673852555884,0.9809523809523809
socio_n3,72041,shape_free (plug-in D),170.90217667989097,0.9809523809523809
socio_n3,72032,usual,156.0207836174869,0.9904761904761905
socio_n3,72032,ours: Gaussian,156.0207836174869,0.9904761904761905
socio_n3,72032,ours: symmetric unimodal,156.0207836174869,0.9904761904761905
socio_n3,72032,ours: mean-zero log-concave,156.0207836174869,0.9904761904761905
socio_n3,72032,"no shape, median-zero",189.92888586221065,1.0
socio_n3,72032,fay_herriot (plug-in D),125.09536303445506,0.9523809523809523
socio_n3,72032,latentcp (plug-in D),158.09188172972142,0.9904761904761905
socio_n3,72032,shape_free (plug-in D),171.87635376096372,0.9904761904761905
socio_n3,72033,usual,131.5772639410333,0.9714285714285714
socio_n3,72033,ours: Gaussian,131.5772639410333,0.9714285714285714
socio_n3,72033,ours: symmetric unimodal,131.5772639410333,0.9714285714285714
socio_n3,72033,ours: mean-zero log-concave,131.5772639410333,0.9714285714285714
socio_n3,72033,"no shape, median-zero",259.6622112806292,1.0
socio_n3,72033,fay_herriot (plug-in D),108.92792350688849,0.9238095238095239
socio_n3,72033,latentcp (plug-in D),134.2796096601738,0.9662857142857143
socio_n3,72033,shape_free (plug-in D),193.0095009791448,0.9904761904761905
socio_n3,72000,usual,142.79324647498242,0.9809523809523809
socio_n3,72000,ours: Gaussian,142.79324647498242,0.9809523809523809
socio_n3,72000,ours: symmetric unimodal,142.79324647498242,0.9809523809523809
socio_n3,72000,ours: mean-zero log-concave,142.79324647498242,0.9809523809523809
socio_n3,72000,"no shape, median-zero",195.95117953922468,1.0
socio_n3,72000,fay_herriot (plug-in D),124.9559816086917,0.9619047619047619
socio_n3,72000,latentcp (plug-in D),142.8560125748416,0.9809523809523809
socio_n3,72000,shape_free (plug-in D),178.98789492654456,1.0
socio_n3,72001,usual,163.76146245920154,0.9714285714285714
socio_n3,72001,ours: Gaussian,163.76146245920154,0.9714285714285714
socio_n3,72001,ours: symmetric unimodal,163.76146245920154,0.9714285714285714
socio_n3,72001,ours: mean-zero log-concave,163.76146245920154,0.9714285714285714
socio_n3,72001,"no shape, median-zero",286.29412060786854,1.0
socio_n3,72001,fay_herriot (plug-in D),128.3099841939459,0.9047619047619048
socio_n3,72001,latentcp (plug-in D),183.94931974399705,0.9809523809523809
socio_n3,72001,shape_free (plug-in D),251.70358461397987,1.0
socio_n3,72062,usual,145.29520579684564,0.9809523809523809
socio_n3,72062,ours: Gaussian,145.29520579684564,0.9809523809523809
socio_n3,72062,ours: symmetric unimodal,145.29520579684564,0.9809523809523809
socio_n3,72062,ours: mean-zero log-concave,145.29520579684564,0.9809523809523809
socio_n3,72062,"no shape, median-zero",183.6469307438938,0.9904761904761905
socio_n3,72062,fay_herriot (plug-in D),120.41870204357696,0.9238095238095239
socio_n3,72062,latentcp (plug-in D),152.66425171955848,0.9809523809523809
socio_n3,72062,shape_free (plug-in D),182.610193621586,0.9904761904761905
socio_n3,72063,usual,135.29030781341228,0.9714285714285714
socio_n3,72063,ours: Gaussian,135.29030781341228,0.9714285714285714
socio_n3,72063,ours: symmetric unimodal,135.29030781341228,0.9714285714285714
socio_n3,72063,ours: mean-zero log-concave,135.29030781341228,0.9714285714285714
socio_n3,72063,"no shape, median-zero",188.6466675258899,0.9904761904761905
socio_n3,72063,fay_herriot (plug-in D),130.55787595623283,0.9619047619047619
socio_n3,72063,latentcp (plug-in D),157.2883440669898,0.9809523809523809
socio_n3,72063,shape_free (plug-in D),175.80402690186892,0.9904761904761905
socio_n3,72064,usual,161.40474740035188,0.9904761904761905
socio_n3,72064,ours: Gaussian,161.40474740035188,0.9904761904761905
socio_n3,72064,ours: symmetric unimodal,161.40474740035188,0.9904761904761905
socio_n3,72064,ours: mean-zero log-concave,161.40474740035188,0.9904761904761905
socio_n3,72064,"no shape, median-zero",210.16941519968427,0.9904761904761905
socio_n3,72064,fay_herriot (plug-in D),130.26356392816254,0.9333333333333333
socio_n3,72064,latentcp (plug-in D),170.1450186859242,0.9904761904761905
socio_n3,72064,shape_free (plug-in D),176.5903101673302,0.9904761904761905
socio_n3,72065,usual,146.53799201931815,0.9809523809523809
socio_n3,72065,ours: Gaussian,146.53799201931815,0.9809523809523809
socio_n3,72065,ours: symmetric unimodal,146.53799201931815,0.9809523809523809
socio_n3,72065,ours: mean-zero log-concave,146.53799201931815,0.9809523809523809
socio_n3,72065,"no shape, median-zero",206.4775332391671,1.0
socio_n3,72065,fay_herriot (plug-in D),125.86762800871355,0.9333333333333333
socio_n3,72065,latentcp (plug-in D),154.99937405479562,0.9809523809523809
socio_n3,72065,shape_free (plug-in D),175.52232390951278,0.9809523809523809
socio_n3,72004,usual,148.57974730874434,0.9714285714285714
socio_n3,72004,ours: Gaussian,148.57974730874434,0.9714285714285714
socio_n3,72004,ours: symmetric unimodal,148.57974730874434,0.9714285714285714
socio_n3,72004,ours: mean-zero log-concave,148.57974730874434,0.9714285714285714
socio_n3,72004,"no shape, median-zero",191.0015815050409,1.0
socio_n3,72004,fay_herriot (plug-in D),121.57220664590844,0.8952380952380953
socio_n3,72004,latentcp (plug-in D),148.78146539083767,0.9714285714285714
socio_n3,72004,shape_free (plug-in D),163.37366584514297,0.9809523809523809
socio_n3,72005,usual,164.28024453460898,0.9904761904761905
socio_n3,72005,ours: Gaussian,164.28024453460898,0.9904761904761905
socio_n3,72005,ours: symmetric unimodal,164.28024453460898,0.9904761904761905
socio_n3,72005,ours: mean-zero log-concave,164.28024453460898,0.9904761904761905
socio_n3,72005,"no shape, median-zero",218.56661946450686,1.0
socio_n3,72005,fay_herriot (plug-in D),125.91515534892488,0.9333333333333333
socio_n3,72005,latentcp (plug-in D),179.97935770158736,0.9904761904761905
socio_n3,72005,shape_free (plug-in D),191.62899565253622,0.9904761904761905
socio_n3,72054,usual,151.25391037701647,0.9619047619047619
socio_n3,72054,ours: Gaussian,151.25391037701647,0.9619047619047619
socio_n3,72054,ours: symmetric unimodal,151.25391037701647,0.9619047619047619
socio_n3,72054,ours: mean-zero log-concave,151.25391037701647,0.9619047619047619
socio_n3,72054,"no shape, median-zero",256.578033506102,1.0
socio_n3,72054,fay_herriot (plug-in D),124.33075731885458,0.9523809523809523
socio_n3,72054,latentcp (plug-in D),157.9861273968141,0.9807619047619047
socio_n3,72054,shape_free (plug-in D),181.11190268966428,0.9904761904761905
socio_n3,72055,usual,152.87492554341148,0.9523809523809523
socio_n3,72055,ours: Gaussian,152.87492554341148,0.9523809523809523
socio_n3,72055,ours: symmetric unimodal,152.87492554341148,0.9523809523809523
socio_n3,72055,ours: mean-zero log-concave,152.87492554341148,0.9523809523809523
socio_n3,72055,"no shape, median-zero",195.14765110373966,1.0
socio_n3,72055,fay_herriot (plug-in D),132.35091998625109,0.9142857142857143
socio_n3,72055,latentcp (plug-in D),157.07381207045364,0.9809047619047618
socio_n3,72055,shape_free (plug-in D),186.11150265446034,1.0
socio_n3,72058,usual,164.9959286155519,0.9714285714285714
socio_n3,72058,ours: Gaussian,164.9959286155519,0.9714285714285714
socio_n3,72058,ours: symmetric unimodal,164.9959286155519,0.9714285714285714
socio_n3,72058,ours: mean-zero log-concave,164.9959286155519,0.9714285714285714
socio_n3,72058,"no shape, median-zero",275.9602418324543,1.0
socio_n3,72058,fay_herriot (plug-in D),125.95800943421052,0.9428571428571428
socio_n3,72058,latentcp (plug-in D),168.50729206245418,0.9714285714285714
socio_n3,72058,shape_free (plug-in D),177.3143690128391,0.9809523809523809
socio_n3,72059,usual,147.3602571399928,0.9904761904761905
socio_n3,72059,ours: Gaussian,147.3602571399928,0.9904761904761905
socio_n3,72059,ours: symmetric unimodal,147.3602571399928,0.9904761904761905
socio_n3,72059,ours: mean-zero log-concave,147.3602571399928,0.9904761904761905
socio_n3,72059,"no shape, median-zero",170.9219832242242,0.9904761904761905
socio_n3,72059,fay_herriot (plug-in D),120.64698169173447,0.9714285714285714
socio_n3,72059,latentcp (plug-in D),148.22515671596673,0.9902857142857142
socio_n3,72059,shape_free (plug-in D),164.5583293902142,0.9904761904761905
socio_n3,72070,usual,188.4361625515506,1.0
socio_n3,72070,ours: Gaussian,188.4361625515506,1.0
socio_n3,72070,ours: symmetric unimodal,188.4361625515506,1.0
socio_n3,72070,ours: mean-zero log-concave,188.4361625515506,1.0
socio_n3,72070,"no shape, median-zero",208.83294579513822,1.0
socio_n3,72070,fay_herriot (plug-in D),148.96722704815647,0.9809523809523809
socio_n3,72070,latentcp (plug-in D),190.5543420951104,1.0
socio_n3,72070,shape_free (plug-in D),209.45174427891192,1.0
socio_n3,72071,usual,158.4598984417004,0.9809523809523809
socio_n3,72071,ours: Gaussian,158.4598984417004,0.9809523809523809
socio_n3,72071,ours: symmetric unimodal,158.4598984417004,0.9809523809523809
socio_n3,72071,ours: mean-zero log-concave,158.4598984417004,0.9809523809523809
socio_n3,72071,"no shape, median-zero",225.477893479325,1.0
socio_n3,72071,fay_herriot (plug-in D),141.03877869995253,0.9619047619047619
socio_n3,72071,latentcp (plug-in D),163.32391171421745,0.9802857142857141
socio_n3,72071,shape_free (plug-in D),170.24477174228375,0.9809523809523809
socio_n3,72052,usual,158.3755929844076,0.9809523809523809
socio_n3,72052,ours: Gaussian,158.3755929844076,0.9809523809523809
socio_n3,72052,ours: symmetric unimodal,158.3755929844076,0.9809523809523809
socio_n3,72052,ours: mean-zero log-concave,158.3755929844076,0.9809523809523809
socio_n3,72052,"no shape, median-zero",175.84372851106897,0.9904761904761905
socio_n3,72052,fay_herriot (plug-in D),132.9173379576071,0.9714285714285714
socio_n3,72052,latentcp (plug-in D),164.75077712701213,0.9809523809523809
socio_n3,72052,shape_free (plug-in D),176.03850508512426,0.9904761904761905
socio_n3,72053,usual,188.7184240223578,0.9904761904761905
socio_n3,72053,ours: Gaussian,188.7184240223578,0.9904761904761905
socio_n3,72053,ours: symmetric unimodal,188.7184240223578,0.9904761904761905
socio_n3,72053,ours: mean-zero log-concave,188.7184240223578,0.9904761904761905
socio_n3,72053,"no shape, median-zero",279.1021424176645,1.0
socio_n3,72053,fay_herriot (plug-in D),148.42276995646736,0.9523809523809523
socio_n3,72053,latentcp (plug-in D),190.2248839231558,0.9904761904761905
socio_n3,72053,shape_free (plug-in D),203.34607658381117,0.9904761904761905
socio_n3,72012,usual,171.00632973674774,0.9904761904761905
socio_n3,72012,ours: Gaussian,171.00632973674774,0.9904761904761905
socio_n3,72012,ours: symmetric unimodal,171.00632973674774,0.9904761904761905
socio_n3,72012,ours: mean-zero log-concave,171.00632973674774,0.9904761904761905
socio_n3,72012,"no shape, median-zero",189.25476787630157,1.0
socio_n3,72012,fay_herriot (plug-in D),130.15968358985637,0.9714285714285714
socio_n3,72012,latentcp (plug-in D),180.08387773630028,1.0
socio_n3,72012,shape_free (plug-in D),189.9062342055644,1.0
socio_n3,72013,usual,176.74530546876008,0.9809523809523809
socio_n3,72013,ours: Gaussian,176.74530546876008,0.9809523809523809
socio_n3,72013,ours: symmetric unimodal,176.74530546876008,0.9809523809523809
socio_n3,72013,ours: mean-zero log-concave,176.74530546876008,0.9809523809523809
socio_n3,72013,"no shape, median-zero",228.75084880577768,1.0
socio_n3,72013,fay_herriot (plug-in D),134.85933044214764,0.9619047619047619
socio_n3,72013,latentcp (plug-in D),183.53546357514074,0.9809523809523809
socio_n3,72013,shape_free (plug-in D),216.66519164172348,1.0
socio_n3,72036,usual,163.85094281157816,1.0
socio_n3,72036,ours: Gaussian,163.85094281157816,1.0
socio_n3,72036,ours: symmetric unimodal,163.85094281157816,1.0
socio_n3,72036,ours: mean-zero log-concave,163.85094281157816,1.0
socio_n3,72036,"no shape, median-zero",196.87467213649106,1.0
socio_n3,72036,fay_herriot (plug-in D),128.91882467156495,0.9809523809523809
socio_n3,72036,latentcp (plug-in D),167.94455888992053,1.0
socio_n3,72036,shape_free (plug-in D),181.30444684238734,1.0
socio_n3,72037,usual,141.72093910909317,0.9809523809523809
socio_n3,72037,ours: Gaussian,141.72093910909317,0.9809523809523809
socio_n3,72037,ours: symmetric unimodal,141.72093910909317,0.9809523809523809
socio_n3,72037,ours: mean-zero log-concave,141.72093910909317,0.9809523809523809
socio_n3,72037,"no shape, median-zero",157.4158878211002,0.9904761904761905
socio_n3,72037,fay_herriot (plug-in D),116.56158857113374,0.9047619047619048
socio_n3,72037,latentcp (plug-in D),142.2062771141979,0.9809523809523809
socio_n3,72037,shape_free (plug-in D),150.48411767158007,0.9904761904761905
socio_n3,72014,usual,136.45287376961596,0.9428571428571428
socio_n3,72014,ours: Gaussian,136.45287376961596,0.9428571428571428
socio_n3,72014,ours: symmetric unimodal,136.45287376961596,0.9428571428571428
socio_n3,72014,ours: mean-zero log-concave,136.45287376961596,0.9428571428571428
socio_n3,72014,"no shape, median-zero",168.09588706577856,0.9619047619047619
socio_n3,72014,fay_herriot (plug-in D),121.31959366351663,0.8952380952380953
socio_n3,72014,latentcp (plug-in D),140.96996398602028,0.942857142857143
socio_n3,72014,shape_free (plug-in D),156.52906409873776,0.9523809523809523
socio_n3,72015,usual,164.81424782136855,1.0
socio_n3,72015,ours: Gaussian,164.81424782136855,1.0
socio_n3,72015,ours: symmetric unimodal,164.81424782136855,1.0
socio_n3,72015,ours: mean-zero log-concave,164.81424782136855,1.0
socio_n3,72015,"no shape, median-zero",190.82014127186326,1.0
socio_n3,72015,fay_herriot (plug-in D),127.79100844907738,0.9714285714285714
socio_n3,72015,latentcp (plug-in D),170.18879081523403,1.0
socio_n3,72015,shape_free (plug-in D),181.86749111149504,1.0
socio_n3,72038,usual,156.5096293305718,1.0
socio_n3,72038,ours: Gaussian,156.5096293305718,1.0
socio_n3,72038,ours: symmetric unimodal,156.5096293305718,1.0
socio_n3,72038,ours: mean-zero log-concave,156.5096293305718,1.0
socio_n3,72038,"no shape, median-zero",185.11409883969063,1.0
socio_n3,72038,fay_herriot (plug-in D),123.35740423562436,0.9714285714285714
socio_n3,72038,latentcp (plug-in D),156.645120169629,1.0
socio_n3,72038,shape_free (plug-in D),170.3078614624204,1.0
socio_n3,72039,usual,135.4304633224367,0.9809523809523809
socio_n3,72039,ours: Gaussian,135.4304633224367,0.9809523809523809
socio_n3,72039,ours: symmetric unimodal,135.4304633224367,0.9809523809523809
socio_n3,72039,ours: mean-zero log-concave,135.4304633224367,0.9809523809523809
socio_n3,72039,"no shape, median-zero",177.42226628194484,1.0
socio_n3,72039,fay_herriot (plug-in D),118.3598812651721,0.9333333333333333
socio_n3,72039,latentcp (plug-in D),138.67716708033603,0.980047619047619
socio_n3,72039,shape_free (plug-in D),157.73753754703046,0.9809523809523809
socio_n3,72028,usual,142.07366380156637,0.9714285714285714
socio_n3,72028,ours: Gaussian,142.07366380156637,0.9714285714285714
socio_n3,72028,ours: symmetric unimodal,142.07366380156637,0.9714285714285714
socio_n3,72028,ours: mean-zero log-concave,142.07366380156637,0.9714285714285714
socio_n3,72028,"no shape, median-zero",176.7638339926475,0.9904761904761905
socio_n3,72028,fay_herriot (plug-in D),134.2621971075133,0.9523809523809523
socio_n3,72028,latentcp (plug-in D),146.05422220026165,0.9714285714285714
socio_n3,72028,shape_free (plug-in D),158.7656246445546,0.9809523809523809
socio_n3,72029,usual,163.0489457585858,0.9619047619047619
socio_n3,72029,ours: Gaussian,163.0489457585858,0.9619047619047619
socio_n3,72029,ours: symmetric unimodal,163.0489457585858,0.9619047619047619
socio_n3,72029,ours: mean-zero log-concave,163.0489457585858,0.9619047619047619
socio_n3,72029,"no shape, median-zero",204.36781921604506,0.9904761904761905
socio_n3,72029,fay_herriot (plug-in D),135.45953042965425,0.9333333333333333
socio_n3,72029,latentcp (plug-in D),169.9183552966745,0.9714285714285714
socio_n3,72029,shape_free (plug-in D),192.26838086599622,0.9904761904761905
socio_n3,72024,usual,152.38843285324302,0.9714285714285714
socio_n3,72024,ours: Gaussian,152.38843285324302,0.9714285714285714
socio_n3,72024,ours: symmetric unimodal,152.38843285324302,0.9714285714285714
socio_n3,72024,ours: mean-zero log-concave,152.38843285324302,0.9714285714285714
socio_n3,72024,"no shape, median-zero",190.1939610064131,0.9904761904761905
socio_n3,72024,fay_herriot (plug-in D),124.98762089096942,0.9333333333333333
socio_n3,72024,latentcp (plug-in D),163.07095849605116,0.9714285714285714
socio_n3,72024,shape_free (plug-in D),170.44403047143837,0.9809523809523809
socio_n3,72025,usual,164.5832100993529,1.0
socio_n3,72025,ours: Gaussian,164.5832100993529,1.0
socio_n3,72025,ours: symmetric unimodal,164.5832100993529,1.0
socio_n3,72025,ours: mean-zero log-concave,164.5832100993529,1.0
socio_n3,72025,"no shape, median-zero",179.69604241573015,1.0
socio_n3,72025,fay_herriot (plug-in D),140.6358606775277,0.9904761904761905
socio_n3,72025,latentcp (plug-in D),166.72320549966847,1.0
socio_n3,72025,shape_free (plug-in D),183.93898144532363,1.0
socio_n3,72048,usual,184.77167613137507,1.0
socio_n3,72048,ours: Gaussian,184.77167613137507,1.0
socio_n3,72048,ours: symmetric unimodal,184.77167613137507,1.0
socio_n3,72048,ours: mean-zero log-concave,184.77167613137507,1.0
socio_n3,72048,"no shape, median-zero",232.1479845872765,1.0
socio_n3,72048,fay_herriot (plug-in D),145.64377576860812,0.9904761904761905
socio_n3,72048,latentcp (plug-in D),204.93260246475563,1.0
socio_n3,72048,shape_free (plug-in D),216.03509158705657,1.0
socio_n3,72049,usual,170.6179202202833,0.9904761904761905
socio_n3,72049,ours: Gaussian,170.6179202202833,0.9904761904761905
socio_n3,72049,ours: symmetric unimodal,170.6179202202833,0.9904761904761905
socio_n3,72049,ours: mean-zero log-concave,170.6179202202833,0.9904761904761905
socio_n3,72049,"no shape, median-zero",212.4837415216758,1.0
socio_n3,72049,fay_herriot (plug-in D),131.68856129492835,0.9809523809523809
socio_n3,72049,latentcp (plug-in D),178.88813502122244,0.9904761904761905
socio_n3,72049,shape_free (plug-in D),199.38442204944027,1.0
socio_n3,72006,usual,161.76252495625272,0.9809523809523809
socio_n3,72006,ours: Gaussian,161.76252495625272,0.9809523809523809
socio_n3,72006,ours: symmetric unimodal,161.76252495625272,0.9809523809523809
socio_n3,72006,ours: mean-zero log-concave,161.76252495625272,0.9809523809523809
socio_n3,72006,"no shape, median-zero",198.69402685680507,1.0
socio_n3,72006,fay_herriot (plug-in D),125.01795994465661,0.9142857142857143
socio_n3,72006,latentcp (plug-in D),171.54138511418626,0.9904761904761905
socio_n3,72006,shape_free (plug-in D),193.7566113478943,1.0
socio_n3,72007,usual,171.15061445833484,0.9904761904761905
socio_n3,72007,ours: Gaussian,171.15061445833484,0.9904761904761905
socio_n3,72007,ours: symmetric unimodal,171.15061445833484,0.9904761904761905
socio_n3,72007,ours: mean-zero log-concave,171.15061445833484,0.9904761904761905
socio_n3,72007,"no shape, median-zero",233.3594399287737,1.0
socio_n3,72007,fay_herriot (plug-in D),141.9791494184277,0.9714285714285714
socio_n3,72007,latentcp (plug-in D),177.85836344786506,0.9904761904761905
socio_n3,72007,shape_free (plug-in D),208.10728905158524,1.0
socio_n3,72030,usual,175.6617149114587,0.9809523809523809
socio_n3,72030,ours: Gaussian,175.6617149114587,0.9809523809523809
socio_n3,72030,ours: symmetric unimodal,175.6617149114587,0.9809523809523809
socio_n3,72030,ours: mean-zero log-concave,175.6617149114587,0.9809523809523809
socio_n3,72030,"no shape, median-zero",187.6121141897356,0.9809523809523809
socio_n3,72030,fay_herriot (plug-in D),136.5077104556676,0.9619047619047619
socio_n3,72030,latentcp (plug-in D),179.87883807067413,0.9809523809523809
socio_n3,72030,shape_free (plug-in D),188.65426900018846,0.9904761904761905
socio_n3,72031,usual,129.5305846371463,0.9238095238095239
socio_n3,72031,ours: Gaussian,129.5305846371463,0.9238095238095239
socio_n3,72031,ours: symmetric unimodal,129.5305846371463,0.9238095238095239
socio_n3,72031,ours: mean-zero log-concave,129.5305846371463,0.9238095238095239
socio_n3,72031,"no shape, median-zero",168.1237056938588,0.9714285714285714
socio_n3,72031,fay_herriot (plug-in D),115.66912428507712,0.9047619047619048
socio_n3,72031,latentcp (plug-in D),135.64280855488332,0.923809523809524
socio_n3,72031,shape_free (plug-in D),146.3321680207165,0.9523809523809523
socio_n3,72050,usual,149.164356361219,0.9904761904761905
socio_n3,72050,ours: Gaussian,149.164356361219,0.9904761904761905
socio_n3,72050,ours: symmetric unimodal,149.164356361219,0.9904761904761905
socio_n3,72050,ours: mean-zero log-concave,149.164356361219,0.9904761904761905
socio_n3,72050,"no shape, median-zero",209.63094120466,1.0
socio_n3,72050,fay_herriot (plug-in D),119.03487592451253,0.9619047619047619
socio_n3,72050,latentcp (plug-in D),149.19946858935168,0.9904761904761905
socio_n3,72050,shape_free (plug-in D),161.09198285715559,1.0
socio_n3,72051,usual,123.11930377591166,0.9428571428571428
socio_n3,72051,ours: Gaussian,123.11930377591166,0.9428571428571428
socio_n3,72051,ours: symmetric unimodal,123.11930377591166,0.9428571428571428
socio_n3,72051,ours: mean-zero log-concave,123.11930377591166,0.9428571428571428
socio_n3,72051,"no shape, median-zero",151.36543821632344,0.9809523809523809
socio_n3,72051,fay_herriot (plug-in D),119.81849580090365,0.9333333333333333
socio_n3,72051,latentcp (plug-in D),137.67196499594237,0.9714285714285714
socio_n3,72051,shape_free (plug-in D),156.18941179073855,0.9904761904761905
socio_n3,72084,usual,126.63540354957316,0.9428571428571428
socio_n3,72084,ours: Gaussian,126.63540354957316,0.9428571428571428
socio_n3,72084,ours: symmetric unimodal,126.63540354957316,0.9428571428571428
socio_n3,72084,ours: mean-zero log-concave,126.63540354957316,0.9428571428571428
socio_n3,72084,"no shape, median-zero",214.86049205579965,1.0
socio_n3,72084,fay_herriot (plug-in D),121.5224553586396,0.9333333333333333
socio_n3,72084,latentcp (plug-in D),131.55541521887156,0.9426666666666668
socio_n3,72084,shape_free (plug-in D),142.49672363860736,0.9619047619047619
socio_n3,72085,usual,131.88915411897847,0.9428571428571428
socio_n3,72085,ours: Gaussian,131.88915411897847,0.9428571428571428
socio_n3,72085,ours: symmetric unimodal,131.88915411897847,0.9428571428571428
socio_n3,72085,ours: mean-zero log-concave,131.88915411897847,0.9428571428571428
socio_n3,72085,"no shape, median-zero",158.82812912424848,0.9809523809523809
socio_n3,72085,fay_herriot (plug-in D),126.78082613777417,0.9333333333333333
socio_n3,72085,latentcp (plug-in D),136.63746989689614,0.9523809523809524
socio_n3,72085,shape_free (plug-in D),146.60343394739456,0.9619047619047619
socio_n3,72078,usual,158.38668339999444,0.9904761904761905
socio_n3,72078,ours: Gaussian,158.38668339999444,0.9904761904761905
socio_n3,72078,ours: symmetric unimodal,158.38668339999444,0.9904761904761905
socio_n3,72078,ours: mean-zero log-concave,158.38668339999444,0.9904761904761905
socio_n3,72078,"no shape, median-zero",187.6646123275547,1.0
socio_n3,72078,fay_herriot (plug-in D),137.48308074867376,0.9619047619047619
socio_n3,72078,latentcp (plug-in D),159.87475759889466,0.9902857142857144
socio_n3,72078,shape_free (plug-in D),181.1590583942266,1.0
socio_n3,72079,usual,155.00648301816037,0.9809523809523809
socio_n3,72079,ours: Gaussian,155.00648301816037,0.9809523809523809
socio_n3,72079,ours: symmetric unimodal,155.00648301816037,0.9809523809523809
socio_n3,72079,ours: mean-zero log-concave,155.00648301816037,0.9809523809523809
socio_n3,72079,"no shape, median-zero",212.90115266211703,1.0
socio_n3,72079,fay_herriot (plug-in D),122.80703788519779,0.9619047619047619
socio_n3,72079,latentcp (plug-in D),169.11820000745934,0.9904761904761905
socio_n3,72079,shape_free (plug-in D),197.4159358407278,0.9904761904761905
socio_n3,72076,usual,153.34848970031643,0.9714285714285714
socio_n3,72076,ours: Gaussian,153.34848970031643,0.9714285714285714
socio_n3,72076,ours: symmetric unimodal,153.34848970031643,0.9714285714285714
socio_n3,72076,ours: mean-zero log-concave,153.34848970031643,0.9714285714285714
socio_n3,72076,"no shape, median-zero",217.52201014717238,1.0
socio_n3,72076,fay_herriot (plug-in D),127.5550930743507,0.9142857142857143
socio_n3,72076,latentcp (plug-in D),170.62697058012157,0.9903809523809524
socio_n3,72076,shape_free (plug-in D),196.5137360007316,0.9904761904761905
socio_n3,72077,usual,131.42044870354252,0.9428571428571428
socio_n3,72077,ours: Gaussian,131.42044870354252,0.9428571428571428
socio_n3,72077,ours: symmetric unimodal,131.42044870354252,0.9428571428571428
socio_n3,72077,ours: mean-zero log-concave,131.42044870354252,0.9428571428571428
socio_n3,72077,"no shape, median-zero",155.21903832130056,0.9619047619047619
socio_n3,72077,fay_herriot (plug-in D),119.6901851548824,0.9142857142857143
socio_n3,72077,latentcp (plug-in D),140.2554223664134,0.9523809523809524
socio_n3,72077,shape_free (plug-in D),150.40598411600033,0.9619047619047619
socio_n3,72060,usual,143.44491586143658,0.9714285714285714
socio_n3,72060,ours: Gaussian,143.44491586143658,0.9714285714285714
socio_n3,72060,ours: symmetric unimodal,143.44491586143658,0.9714285714285714
socio_n3,72060,ours: mean-zero log-concave,143.44491586143658,0.9714285714285714
socio_n3,72060,"no shape, median-zero",166.24166229766783,0.9904761904761905
socio_n3,72060,fay_herriot (plug-in D),134.1156582541734,0.9523809523809523
socio_n3,72060,latentcp (plug-in D),143.9752746061921,0.9713333333333333
socio_n3,72060,shape_free (plug-in D),166.27852597521579,0.9904761904761905
socio_n3,72061,usual,153.04560514874402,0.9714285714285714
socio_n3,72061,ours: Gaussian,153.04560514874402,0.9714285714285714
socio_n3,72061,ours: symmetric unimodal,153.04560514874402,0.9714285714285714
socio_n3,72061,ours: mean-zero log-concave,153.04560514874402,0.9714285714285714
socio_n3,72061,"no shape, median-zero",221.519775159232,1.0
socio_n3,72061,fay_herriot (plug-in D),140.17286051647062,0.9714285714285714
socio_n3,72061,latentcp (plug-in D),160.94751343248572,0.9809523809523809
socio_n3,72061,shape_free (plug-in D),202.26293350629777,1.0
socio_n3,72080,usual,148.46012855391064,0.9809523809523809
socio_n3,72080,ours: Gaussian,148.46012855391064,0.9809523809523809
socio_n3,72080,ours: symmetric unimodal,148.46012855391064,0.9809523809523809
socio_n3,72080,ours: mean-zero log-concave,148.46012855391064,0.9809523809523809
socio_n3,72080,"no shape, median-zero",177.1924855633844,0.9904761904761905
socio_n3,72080,fay_herriot (plug-in D),125.19106775434113,0.9523809523809523
socio_n3,72080,latentcp (plug-in D),163.86603266150044,0.9809523809523809
socio_n3,72080,shape_free (plug-in D),173.81255677727765,0.9904761904761905
socio_n3,72081,usual,136.9717157924625,0.9333333333333333
socio_n3,72081,ours: Gaussian,136.9717157924625,0.9333333333333333
socio_n3,72081,ours: symmetric unimodal,136.9717157924625,0.9333333333333333
socio_n3,72081,ours: mean-zero log-concave,136.9717157924625,0.9333333333333333
socio_n3,72081,"no shape, median-zero",185.63645488375468,0.9809523809523809
socio_n3,72081,fay_herriot (plug-in D),121.29576205832004,0.9238095238095239
socio_n3,72081,latentcp (plug-in D),142.83889911100258,0.9523809523809524
socio_n3,72081,shape_free (plug-in D),163.84026664150713,0.9809523809523809
socio_n3,72102,usual,141.93304234339197,0.9619047619047619
socio_n3,72102,ours: Gaussian,141.93304234339197,0.9619047619047619
socio_n3,72102,ours: symmetric unimodal,141.93304234339197,0.9619047619047619
socio_n3,72102,ours: mean-zero log-concave,141.93304234339197,0.9619047619047619
socio_n3,72102,"no shape, median-zero",182.59755488629753,0.9904761904761905
socio_n3,72102,fay_herriot (plug-in D),123.64456295432623,0.9047619047619048
socio_n3,72102,latentcp (plug-in D),151.18928130221545,0.9619047619047619
socio_n3,72102,shape_free (plug-in D),160.60749411207857,0.9714285714285714
socio_n3,72103,usual,137.27944479174639,0.9523809523809523
socio_n3,72103,ours: Gaussian,137.27944479174639,0.9523809523809523
socio_n3,72103,ours: symmetric unimodal,137.27944479174639,0.9523809523809523
socio_n3,72103,ours: mean-zero log-concave,137.27944479174639,0.9523809523809523
socio_n3,72103,"no shape, median-zero",268.5457921569735,1.0
socio_n3,72103,fay_herriot (plug-in D),125.87531392291132,0.9523809523809523
socio_n3,72103,latentcp (plug-in D),155.23690983449586,0.9809523809523809
socio_n3,72103,shape_free (plug-in D),176.15514672906556,0.9904761904761905
api99_n2,71104,usual,88.42910087882626,0.9809523809523809
api99_n2,71104,ours: Gaussian,88.42910087882626,0.9809523809523809
api99_n2,71104,ours: symmetric unimodal,88.42910087882626,0.9809523809523809
api99_n2,71104,ours: mean-zero log-concave,88.42910087882626,0.9809523809523809
api99_n2,71104,"no shape, median-zero",117.14229867336394,1.0
api99_n2,71104,fay_herriot (plug-in D),66.86626645957682,0.9619047619047619
api99_n2,71104,latentcp (plug-in D),87.52188980644914,0.9744761904761904
api99_n2,71104,shape_free (plug-in D),98.97528898826303,0.9904761904761905
api99_n2,71105,usual,81.3556231867276,0.9809523809523809
api99_n2,71105,ours: Gaussian,81.3556231867276,0.9809523809523809
api99_n2,71105,ours: symmetric unimodal,81.3556231867276,0.9809523809523809
api99_n2,71105,ours: mean-zero log-concave,81.3556231867276,0.9809523809523809
api99_n2,71105,"no shape, median-zero",98.25340640612762,0.9904761904761905
api99_n2,71105,fay_herriot (plug-in D),68.76702833651835,0.9428571428571428
api99_n2,71105,latentcp (plug-in D),81.42247999875195,0.9809523809523809
api99_n2,71105,shape_free (plug-in D),93.3779473823326,0.9904761904761905
socio_n3,72016,usual,156.74387610395365,0.9809523809523809
socio_n3,72016,ours: Gaussian,156.74387610395365,0.9809523809523809
socio_n3,72016,ours: symmetric unimodal,156.74387610395365,0.9809523809523809
socio_n3,72016,ours: mean-zero log-concave,156.74387610395365,0.9809523809523809
socio_n3,72016,"no shape, median-zero",243.22617853983434,1.0
socio_n3,72016,fay_herriot (plug-in D),138.30920756266053,0.9523809523809523
socio_n3,72016,latentcp (plug-in D),157.0114117401374,0.9809523809523809
socio_n3,72016,shape_free (plug-in D),173.72255222779296,0.9809523809523809
socio_n3,72017,usual,143.48431960124844,0.9714285714285714
socio_n3,72017,ours: Gaussian,143.48431960124844,0.9714285714285714
socio_n3,72017,ours: symmetric unimodal,143.48431960124844,0.9714285714285714
socio_n3,72017,ours: mean-zero log-concave,143.48431960124844,0.9714285714285714
socio_n3,72017,"no shape, median-zero",198.0617716371036,0.9904761904761905
socio_n3,72017,fay_herriot (plug-in D),129.55630415009927,0.9333333333333333
socio_n3,72017,latentcp (plug-in D),156.6059992498229,0.9809523809523809
socio_n3,72017,shape_free (plug-in D),166.03906578974545,0.9809523809523809
socio_n3,72112,usual,179.58203311253365,0.9809523809523809
socio_n3,72112,ours: Gaussian,179.58203311253365,0.9809523809523809
socio_n3,72112,ours: symmetric unimodal,179.58203311253365,0.9809523809523809
socio_n3,72112,ours: mean-zero log-concave,179.58203311253365,0.9809523809523809
socio_n3,72112,"no shape, median-zero",212.57116279521145,0.9904761904761905
socio_n3,72112,fay_herriot (plug-in D),134.85223154711346,0.9428571428571428
socio_n3,72112,latentcp (plug-in D),185.25725435410942,0.9809523809523809
socio_n3,72112,shape_free (plug-in D),208.56569669945168,0.9904761904761905
socio_n3,72113,usual,160.56011779657652,0.9714285714285714
socio_n3,72113,ours: Gaussian,160.56011779657652,0.9714285714285714
socio_n3,72113,ours: symmetric unimodal,160.56011779657652,0.9714285714285714
socio_n3,72113,ours: mean-zero log-concave,160.56011779657652,0.9714285714285714
socio_n3,72113,"no shape, median-zero",189.65914700605003,1.0
socio_n3,72113,fay_herriot (plug-in D),131.05176517031805,0.9333333333333333
socio_n3,72113,latentcp (plug-in D),177.7573416443933,1.0
socio_n3,72113,shape_free (plug-in D),190.0711021466266,1.0
socio_n3,72114,usual,139.07178102649831,0.9809523809523809
socio_n3,72114,ours: Gaussian,139.07178102649831,0.9809523809523809
socio_n3,72114,ours: symmetric unimodal,139.07178102649831,0.9809523809523809
socio_n3,72114,ours: mean-zero log-concave,139.07178102649831,0.9809523809523809
socio_n3,72114,"no shape, median-zero",195.645563059196,1.0
socio_n3,72114,fay_herriot (plug-in D),123.97357391143608,0.9428571428571428
socio_n3,72114,latentcp (plug-in D),146.8792014423365,0.9809523809523809
socio_n3,72114,shape_free (plug-in D),173.85120835804491,0.9904761904761905
socio_n3,72115,usual,147.6108457472776,0.9714285714285714
socio_n3,72115,ours: Gaussian,147.6108457472776,0.9714285714285714
socio_n3,72115,ours: symmetric unimodal,147.6108457472776,0.9714285714285714
socio_n3,72115,ours: mean-zero log-concave,147.6108457472776,0.9714285714285714
socio_n3,72115,"no shape, median-zero",163.6617324293807,0.9904761904761905
socio_n3,72115,fay_herriot (plug-in D),127.51869208514914,0.9714285714285714
socio_n3,72115,latentcp (plug-in D),150.20766466315624,0.9714285714285714
socio_n3,72115,shape_free (plug-in D),160.25705486755757,0.9904761904761905
socio_n3,72066,usual,135.6534427507128,0.9714285714285714
socio_n3,72066,ours: Gaussian,135.6534427507128,0.9714285714285714
socio_n3,72066,ours: symmetric unimodal,135.6534427507128,0.9714285714285714
socio_n3,72066,ours: mean-zero log-concave,135.6534427507128,0.9714285714285714
socio_n3,72066,"no shape, median-zero",170.38007567920238,0.9904761904761905
socio_n3,72066,fay_herriot (plug-in D),102.52120491771865,0.8952380952380953
socio_n3,72066,latentcp (plug-in D),140.52861208114118,0.9788095238095238
socio_n3,72066,shape_free (plug-in D),165.63528842938885,0.9904761904761905
socio_n3,72067,usual,152.24027259617765,0.9809523809523809
socio_n3,72067,ours: Gaussian,152.24027259617765,0.9809523809523809
socio_n3,72067,ours: symmetric unimodal,152.24027259617765,0.9809523809523809
socio_n3,72067,ours: mean-zero log-concave,152.24027259617765,0.9809523809523809
socio_n3,72067,"no shape, median-zero",183.7180074861188,0.9904761904761905
socio_n3,72067,fay_herriot (plug-in D),133.1784536235318,0.9619047619047619
socio_n3,72067,latentcp (plug-in D),155.09080932105402,0.9809523809523809
socio_n3,72067,shape_free (plug-in D),175.58234809556203,0.9904761904761905
socio_n3,72020,usual,152.9821113531854,0.9523809523809523
socio_n3,72020,ours: Gaussian,152.9821113531854,0.9523809523809523
socio_n3,72020,ours: symmetric unimodal,152.9821113531854,0.9523809523809523
socio_n3,72020,ours: mean-zero log-concave,152.9821113531854,0.9523809523809523
socio_n3,72020,"no shape, median-zero",184.64697127514947,0.9904761904761905
socio_n3,72020,fay_herriot (plug-in D),135.8184839824791,0.9523809523809523
socio_n3,72020,latentcp (plug-in D),154.4752264132846,0.9523809523809524
socio_n3,72020,shape_free (plug-in D),166.72679040807088,0.9809523809523809
socio_n3,72021,usual,134.0100422218019,0.9619047619047619
socio_n3,72021,ours: Gaussian,134.0100422218019,0.9619047619047619
socio_n3,72021,ours: symmetric unimodal,134.0100422218019,0.9619047619047619
socio_n3,72021,ours: mean-zero log-concave,134.0100422218019,0.9619047619047619
socio_n3,72021,"no shape, median-zero",179.55527976401228,0.9904761904761905
socio_n3,72021,fay_herriot (plug-in D),113.85115680921116,0.9333333333333333
socio_n3,72021,latentcp (plug-in D),140.35106782512688,0.9714285714285714
socio_n3,72021,shape_free (plug-in D),148.65865212566277,0.9714285714285714
api99_n2,71078,usual,88.23388250104267,0.9904761904761905
api99_n2,71078,ours: Gaussian,88.23388250104267,0.9904761904761905
api99_n2,71078,ours: symmetric unimodal,88.23388250104267,0.9904761904761905
api99_n2,71078,ours: mean-zero log-concave,88.23388250104267,0.9904761904761905
api99_n2,71078,"no shape, median-zero",114.59596666925154,1.0
api99_n2,71078,fay_herriot (plug-in D),54.64026076469189,0.9523809523809523
api99_n2,71078,latentcp (plug-in D),88.54477640469857,0.99
api99_n2,71078,shape_free (plug-in D),101.00105330703411,1.0
api99_n2,71079,usual,74.178678487865,0.9904761904761905
api99_n2,71079,ours: Gaussian,74.178678487865,0.9904761904761905
api99_n2,71079,ours: symmetric unimodal,74.178678487865,0.9904761904761905
api99_n2,71079,ours: mean-zero log-concave,74.178678487865,0.9904761904761905
api99_n2,71079,"no shape, median-zero",95.17142262604568,0.9904761904761905
api99_n2,71079,fay_herriot (plug-in D),61.99785229908933,0.9619047619047619
api99_n2,71079,latentcp (plug-in D),77.38226424868184,0.9904761904761905
api99_n2,71079,shape_free (plug-in D),82.79889279922253,0.9904761904761905
socio_n3,72042,usual,155.39704578082925,0.9809523809523809
socio_n3,72042,ours: Gaussian,155.39704578082925,0.9809523809523809
socio_n3,72042,ours: symmetric unimodal,155.39704578082925,0.9809523809523809
socio_n3,72042,ours: mean-zero log-concave,155.39704578082925,0.9809523809523809
socio_n3,72042,"no shape, median-zero",259.99638551239383,1.0
socio_n3,72042,fay_herriot (plug-in D),125.8380784047223,0.9619047619047619
socio_n3,72042,latentcp (plug-in D),180.11687514732162,1.0
socio_n3,72042,shape_free (plug-in D),207.08623291035218,1.0
socio_n3,72043,usual,136.06830231253875,0.9523809523809523
socio_n3,72043,ours: Gaussian,136.06830231253875,0.9523809523809523
socio_n3,72043,ours: symmetric unimodal,136.06830231253875,0.9523809523809523
socio_n3,72043,ours: mean-zero log-concave,136.06830231253875,0.9523809523809523
socio_n3,72043,"no shape, median-zero",198.91093909639721,1.0
socio_n3,72043,fay_herriot (plug-in D),111.36523436321085,0.9142857142857143
socio_n3,72043,latentcp (plug-in D),144.12786148373252,0.9523809523809524
socio_n3,72043,shape_free (plug-in D),159.480649039251,0.9714285714285714
socio_n3,72108,usual,167.04714030420405,0.9904761904761905
socio_n3,72108,ours: Gaussian,167.04714030420405,0.9904761904761905
socio_n3,72108,ours: symmetric unimodal,167.04714030420405,0.9904761904761905
socio_n3,72108,ours: mean-zero log-concave,167.04714030420405,0.9904761904761905
socio_n3,72108,"no shape, median-zero",189.40464497554413,1.0
socio_n3,72108,fay_herriot (plug-in D),139.81671306206232,0.9809523809523809
socio_n3,72108,latentcp (plug-in D),170.85490643400178,0.9904761904761905
socio_n3,72108,shape_free (plug-in D),185.07547678106988,1.0
socio_n3,72109,usual,147.96168320989307,0.9809523809523809
socio_n3,72109,ours: Gaussian,147.96168320989307,0.9809523809523809
socio_n3,72109,ours: symmetric unimodal,147.96168320989307,0.9809523809523809
socio_n3,72109,ours: mean-zero log-concave,147.96168320989307,0.9809523809523809
socio_n3,72109,"no shape, median-zero",192.43606952320883,0.9904761904761905
socio_n3,72109,fay_herriot (plug-in D),129.1433733584757,0.9142857142857143
socio_n3,72109,latentcp (plug-in D),156.86912602313757,0.9904761904761905
socio_n3,72109,shape_free (plug-in D),177.21174418829344,0.9904761904761905
socio_n3,72104,usual,138.14203752368448,0.9428571428571428
socio_n3,72104,ours: Gaussian,138.14203752368448,0.9428571428571428
socio_n3,72104,ours: symmetric unimodal,138.14203752368448,0.9428571428571428
socio_n3,72104,ours: mean-zero log-concave,138.14203752368448,0.9428571428571428
socio_n3,72104,"no shape, median-zero",179.57829469140643,1.0
socio_n3,72104,fay_herriot (plug-in D),122.60710032797539,0.9047619047619048
socio_n3,72104,latentcp (plug-in D),144.37855070262748,0.9523809523809524
socio_n3,72104,shape_free (plug-in D),162.29020802302657,0.9809523809523809
socio_n3,72105,usual,140.53620432780554,0.9714285714285714
socio_n3,72105,ours: Gaussian,140.53620432780554,0.9714285714285714
socio_n3,72105,ours: symmetric unimodal,140.53620432780554,0.9714285714285714
socio_n3,72105,ours: mean-zero log-concave,140.53620432780554,0.9714285714285714
socio_n3,72105,"no shape, median-zero",185.11751405917212,0.9809523809523809
socio_n3,72105,fay_herriot (plug-in D),117.64775631437577,0.9047619047619048
socio_n3,72105,latentcp (plug-in D),151.90524765517003,0.9714285714285714
socio_n3,72105,shape_free (plug-in D),167.17357597491204,0.9809523809523809
socio_n3,72090,usual,132.63080310568716,0.9238095238095239
socio_n3,72090,ours: Gaussian,132.63080310568716,0.9238095238095239
socio_n3,72090,ours: symmetric unimodal,132.63080310568716,0.9238095238095239
socio_n3,72090,ours: mean-zero log-concave,132.63080310568716,0.9238095238095239
socio_n3,72090,"no shape, median-zero",152.77093099548847,0.9714285714285714
socio_n3,72090,fay_herriot (plug-in D),122.51880126550071,0.8952380952380953
socio_n3,72090,latentcp (plug-in D),141.09115095596795,0.942857142857143
socio_n3,72090,shape_free (plug-in D),152.62634982738177,0.9714285714285714
socio_n3,72091,usual,152.00866480783975,0.9619047619047619
socio_n3,72091,ours: Gaussian,152.00866480783975,0.9619047619047619
socio_n3,72091,ours: symmetric unimodal,152.00866480783975,0.9619047619047619
socio_n3,72091,ours: mean-zero log-concave,152.00866480783975,0.9619047619047619
socio_n3,72091,"no shape, median-zero",215.70646514291593,1.0
socio_n3,72091,fay_herriot (plug-in D),128.45693029760275,0.9142857142857143
socio_n3,72091,latentcp (plug-in D),154.44924859095408,0.9615238095238096
socio_n3,72091,shape_free (plug-in D),168.77328038598915,0.9904761904761905
socio_n2,73000,usual,158.5803062431337,1.0
socio_n2,73000,ours: Gaussian,158.5803062431337,1.0
socio_n2,73000,ours: symmetric unimodal,158.5803062431337,1.0
socio_n2,73000,ours: mean-zero log-concave,158.5803062431337,1.0
socio_n2,73000,"no shape, median-zero",164.93976322526612,1.0
socio_n2,73000,fay_herriot (plug-in D),130.9023410871485,0.9619047619047619
socio_n2,73000,latentcp (plug-in D),160.31579412614673,1.0
socio_n2,73000,shape_free (plug-in D),162.70568378593575,1.0
socio_n2,73001,usual,151.91711645329053,1.0
socio_n2,73001,ours: Gaussian,151.91711645329053,1.0
socio_n2,73001,ours: symmetric unimodal,151.91711645329053,1.0
socio_n2,73001,ours: mean-zero log-concave,151.91711645329053,1.0
socio_n2,73001,"no shape, median-zero",294.2321241889346,1.0
socio_n2,73001,fay_herriot (plug-in D),141.42267329471971,0.9809523809523809
socio_n2,73001,latentcp (plug-in D),190.17346892714858,1.0
socio_n2,73001,shape_free (plug-in D),207.59697702969441,1.0
socio_n3,72074,usual,110.23356957541516,0.9142857142857143
socio_n3,72074,ours: Gaussian,110.23356957541516,0.9142857142857143
socio_n3,72074,ours: symmetric unimodal,110.23356957541516,0.9142857142857143
socio_n3,72074,ours: mean-zero log-concave,110.23356957541516,0.9142857142857143
socio_n3,72074,"no shape, median-zero",147.9620823274225,0.9904761904761905
socio_n3,72074,fay_herriot (plug-in D),105.6933459282754,0.8952380952380953
socio_n3,72074,latentcp (plug-in D),118.34792365293411,0.9229523809523811
socio_n3,72074,shape_free (plug-in D),126.60901345478436,0.9428571428571428
socio_n3,72075,usual,143.08075094442037,0.9619047619047619
socio_n3,72075,ours: Gaussian,143.08075094442037,0.9619047619047619
socio_n3,72075,ours: symmetric unimodal,143.08075094442037,0.9619047619047619
socio_n3,72075,ours: mean-zero log-concave,143.08075094442037,0.9619047619047619
socio_n3,72075,"no shape, median-zero",171.16934060089503,0.9809523809523809
socio_n3,72075,fay_herriot (plug-in D),126.2320767396167,0.9523809523809523
socio_n3,72075,latentcp (plug-in D),143.68248076215542,0.9619047619047619
socio_n3,72075,shape_free (plug-in D),166.7038855809106,0.9809523809523809
socio_n3,72116,usual,132.31494420216532,0.9428571428571428
socio_n3,72116,ours: Gaussian,132.31494420216532,0.9428571428571428
socio_n3,72116,ours: symmetric unimodal,132.31494420216532,0.9428571428571428
socio_n3,72116,ours: mean-zero log-concave,132.31494420216532,0.9428571428571428
socio_n3,72116,"no shape, median-zero",199.48193762833867,1.0
socio_n3,72116,fay_herriot (plug-in D),126.89075984989084,0.9428571428571428
socio_n3,72116,latentcp (plug-in D),165.20605363951043,0.9904761904761905
socio_n3,72116,shape_free (plug-in D),176.52661997177287,0.9904761904761905
socio_n3,72117,usual,152.11148174776986,0.9809523809523809
socio_n3,72117,ours: Gaussian,152.11148174776986,0.9809523809523809
socio_n3,72117,ours: symmetric unimodal,152.11148174776986,0.9809523809523809
socio_n3,72117,ours: mean-zero log-concave,152.11148174776986,0.9809523809523809
socio_n3,72117,"no shape, median-zero",197.9106294371953,1.0
socio_n3,72117,fay_herriot (plug-in D),120.12271521578757,0.9238095238095239
socio_n3,72117,latentcp (plug-in D),153.30881982896219,0.9809523809523809
socio_n3,72117,shape_free (plug-in D),177.56644063791515,1.0
socio_n3,72100,usual,132.33456163999426,0.9714285714285714
socio_n3,72100,ours: Gaussian,132.33456163999426,0.9714285714285714
socio_n3,72100,ours: symmetric unimodal,132.33456163999426,0.9714285714285714
socio_n3,72100,ours: mean-zero log-concave,132.33456163999426,0.9714285714285714
socio_n3,72100,"no shape, median-zero",180.118049167056,1.0
socio_n3,72100,fay_herriot (plug-in D),108.3387437793791,0.9238095238095239
socio_n3,72100,latentcp (plug-in D),135.1756590720166,0.9714285714285714
socio_n3,72100,shape_free (plug-in D),157.51991229941711,0.9904761904761905
socio_n3,72101,usual,153.86448951370343,0.9904761904761905
socio_n3,72101,ours: Gaussian,153.86448951370343,0.9904761904761905
socio_n3,72101,ours: symmetric unimodal,153.86448951370343,0.9904761904761905
socio_n3,72101,ours: mean-zero log-concave,153.86448951370343,0.9904761904761905
socio_n3,72101,"no shape, median-zero",191.67991035494515,0.9904761904761905
socio_n3,72101,fay_herriot (plug-in D),121.18073444226552,0.9523809523809523
socio_n3,72101,latentcp (plug-in D),158.7557378975412,0.9904761904761905
socio_n3,72101,shape_free (plug-in D),165.7943892264523,0.9904761904761905
socio_n3,72106,usual,157.309215174987,0.9619047619047619
socio_n3,72106,ours: Gaussian,157.309215174987,0.9619047619047619
socio_n3,72106,ours: symmetric unimodal,157.309215174987,0.9619047619047619
socio_n3,72106,ours: mean-zero log-concave,157.309215174987,0.9619047619047619
socio_n3,72106,"no shape, median-zero",188.4082077285682,0.9904761904761905
socio_n3,72106,fay_herriot (plug-in D),126.09464081451225,0.9428571428571428
socio_n3,72106,latentcp (plug-in D),158.75257156866368,0.9711428571428571
socio_n3,72106,shape_free (plug-in D),173.78991728691992,0.9809523809523809
socio_n3,72107,usual,166.59412805906518,0.9904761904761905
socio_n3,72107,ours: Gaussian,166.59412805906518,0.9904761904761905
socio_n3,72107,ours: symmetric unimodal,166.59412805906518,0.9904761904761905
socio_n3,72107,ours: mean-zero log-concave,166.59412805906518,0.9904761904761905
socio_n3,72107,"no shape, median-zero",189.74617887607155,1.0
socio_n3,72107,fay_herriot (plug-in D),122.20695212432713,0.9238095238095239
socio_n3,72107,latentcp (plug-in D),167.12936095269896,0.9904761904761905
socio_n3,72107,shape_free (plug-in D),185.00046842732306,1.0
socio_n2,73022,usual,163.11030197991613,1.0
socio_n2,73022,ours: Gaussian,163.11030197991613,1.0
socio_n2,73022,ours: symmetric unimodal,163.11030197991613,1.0
socio_n2,73022,ours: mean-zero log-concave,163.11030197991613,1.0
socio_n2,73022,"no shape, median-zero",195.39540170046803,1.0
socio_n2,73022,fay_herriot (plug-in D),124.54824652981281,0.9809523809523809
socio_n2,73022,latentcp (plug-in D),167.42450390814702,1.0
socio_n2,73022,shape_free (plug-in D),174.66817051112258,1.0
socio_n2,73023,usual,159.0094206859004,0.9809523809523809
socio_n2,73023,ours: Gaussian,159.0094206859004,0.9809523809523809
socio_n2,73023,ours: symmetric unimodal,159.0094206859004,0.9809523809523809
socio_n2,73023,ours: mean-zero log-concave,159.0094206859004,0.9809523809523809
socio_n2,73023,"no shape, median-zero",178.30333993537852,1.0
socio_n2,73023,fay_herriot (plug-in D),118.22167032403186,0.9238095238095239
socio_n2,73023,latentcp (plug-in D),162.87978968813135,0.9904761904761905
socio_n2,73023,shape_free (plug-in D),169.66016971829146,1.0
socio_n3,72086,usual,164.06886594399893,0.9904761904761905
socio_n3,72086,ours: Gaussian,164.06886594399893,0.9904761904761905
socio_n3,72086,ours: symmetric unimodal,164.06886594399893,0.9904761904761905
socio_n3,72086,ours: mean-zero log-concave,164.06886594399893,0.9904761904761905
socio_n3,72086,"no shape, median-zero",271.39716030517246,1.0
socio_n3,72086,fay_herriot (plug-in D),108.59224170020559,0.9142857142857143
socio_n3,72086,latentcp (plug-in D),168.6381114611733,0.9904761904761905
socio_n3,72086,shape_free (plug-in D),189.0399874842853,1.0
socio_n3,72087,usual,154.42144451581422,0.9809523809523809
socio_n3,72087,ours: Gaussian,154.42144451581422,0.9809523809523809
socio_n3,72087,ours: symmetric unimodal,154.42144451581422,0.9809523809523809
socio_n3,72087,ours: mean-zero log-concave,154.42144451581422,0.9809523809523809
socio_n3,72087,"no shape, median-zero",164.6703131316652,0.9904761904761905
socio_n3,72087,fay_herriot (plug-in D),136.15705418293632,0.9809523809523809
socio_n3,72087,latentcp (plug-in D),155.1813846213284,0.9904761904761905
socio_n3,72087,shape_free (plug-in D),164.2320813217742,0.9904761904761905
socio_n3,72082,usual,184.13694393341925,1.0
socio_n3,72082,ours: Gaussian,184.13694393341925,1.0
socio_n3,72082,ours: symmetric unimodal,184.13694393341925,1.0
socio_n3,72082,ours: mean-zero log-concave,184.13694393341925,1.0
socio_n3,72082,"no shape, median-zero",249.21362509844207,1.0
socio_n3,72082,fay_herriot (plug-in D),136.99926264321877,0.9523809523809523
socio_n3,72082,latentcp (plug-in D),185.5665454898314,1.0
socio_n3,72082,shape_free (plug-in D),203.11901844030237,1.0
socio_n3,72083,usual,148.30913548131653,0.9904761904761905
socio_n3,72083,ours: Gaussian,148.30913548131653,0.9904761904761905
socio_n3,72083,ours: symmetric unimodal,148.30913548131653,0.9904761904761905
socio_n3,72083,ours: mean-zero log-concave,148.30913548131653,0.9904761904761905
socio_n3,72083,"no shape, median-zero",179.22541695994929,1.0
socio_n3,72083,fay_herriot (plug-in D),126.19725281049786,0.9619047619047619
socio_n3,72083,latentcp (plug-in D),150.08271411477045,0.9904761904761905
socio_n3,72083,shape_free (plug-in D),162.5185835981257,1.0
api99_n2,71116,usual,79.99006117913882,0.9904761904761905
api99_n2,71116,ours: Gaussian,79.99006117913882,0.9904761904761905
api99_n2,71116,ours: symmetric unimodal,79.99006117913882,0.9904761904761905
api99_n2,71116,ours: mean-zero log-concave,79.99006117913882,0.9904761904761905
api99_n2,71116,"no shape, median-zero",100.65618597349737,1.0
api99_n2,71116,fay_herriot (plug-in D),84.48921768347111,0.9904761904761905
api99_n2,71116,latentcp (plug-in D),87.55475271438888,0.9904761904761905
api99_n2,71116,shape_free (plug-in D),90.73059781772923,0.9904761904761905
api99_n2,71117,usual,91.49760064746533,1.0
api99_n2,71117,ours: Gaussian,91.49760064746533,1.0
api99_n2,71117,ours: symmetric unimodal,91.49760064746533,1.0
api99_n2,71117,ours: mean-zero log-concave,91.49760064746533,1.0
api99_n2,71117,"no shape, median-zero",114.73916598808273,1.0
api99_n2,71117,fay_herriot (plug-in D),58.62387246023013,0.9523809523809523
api99_n2,71117,latentcp (plug-in D),93.87486650803744,1.0
api99_n2,71117,shape_free (plug-in D),98.05316383140185,1.0
socio_n2,73024,usual,152.65748337655145,0.9809523809523809
socio_n2,73024,ours: Gaussian,152.65748337655145,0.9809523809523809
socio_n2,73024,ours: symmetric unimodal,152.65748337655145,0.9809523809523809
socio_n2,73024,ours: mean-zero log-concave,152.65748337655145,0.9809523809523809
socio_n2,73024,"no shape, median-zero",218.9981534699043,1.0
socio_n2,73024,fay_herriot (plug-in D),145.0873429307473,0.9619047619047619
socio_n2,73024,latentcp (plug-in D),180.95520882051153,1.0
socio_n2,73024,shape_free (plug-in D),187.30477185085965,1.0
socio_n2,73025,usual,141.56986678127066,0.9809523809523809
socio_n2,73025,ours: Gaussian,141.56986678127066,0.9809523809523809
socio_n2,73025,ours: symmetric unimodal,141.56986678127066,0.9809523809523809
socio_n2,73025,ours: mean-zero log-concave,141.56986678127066,0.9809523809523809
socio_n2,73025,"no shape, median-zero",249.59410809046312,1.0
socio_n2,73025,fay_herriot (plug-in D),124.38991353901933,0.9142857142857143
socio_n2,73025,latentcp (plug-in D),146.64817701519,0.998952380952381
socio_n2,73025,shape_free (plug-in D),195.32807362650655,1.0
socio_n2,73030,usual,163.06258454324143,0.9809523809523809
socio_n2,73030,ours: Gaussian,163.06258454324143,0.9809523809523809
socio_n2,73030,ours: symmetric unimodal,163.06258454324143,0.9809523809523809
socio_n2,73030,ours: mean-zero log-concave,163.06258454324143,0.9809523809523809
socio_n2,73030,"no shape, median-zero",221.71151257876306,0.9809523809523809
socio_n2,73030,fay_herriot (plug-in D),125.99896972017257,0.9523809523809523
socio_n2,73030,latentcp (plug-in D),178.26227732550785,0.9809523809523809
socio_n2,73030,shape_free (plug-in D),200.15233301242282,0.9809523809523809
socio_n2,73031,usual,145.57871706228923,0.9714285714285714
socio_n2,73031,ours: Gaussian,145.57871706228923,0.9714285714285714
socio_n2,73031,ours: symmetric unimodal,145.57871706228923,0.9714285714285714
socio_n2,73031,ours: mean-zero log-concave,145.57871706228923,0.9714285714285714
socio_n2,73031,"no shape, median-zero",201.85749078427034,1.0
socio_n2,73031,fay_herriot (plug-in D),142.08255002833818,0.9714285714285714
socio_n2,73031,latentcp (plug-in D),154.5224504070785,0.9796666666666667
socio_n2,73031,shape_free (plug-in D),155.38710469995294,0.9809523809523809
socio_n3,72068,usual,149.65552853801606,1.0
socio_n3,72068,ours: Gaussian,149.65552853801606,1.0
socio_n3,72068,ours: symmetric unimodal,149.65552853801606,1.0
socio_n3,72068,ours: mean-zero log-concave,149.65552853801606,1.0
socio_n3,72068,"no shape, median-zero",236.28749289127086,1.0
socio_n3,72068,fay_herriot (plug-in D),132.6178845134104,0.9904761904761905
socio_n3,72068,latentcp (plug-in D),166.23090237690064,1.0
socio_n3,72068,shape_free (plug-in D),218.91046949154486,1.0
socio_n3,72069,usual,152.27443781103057,0.9809523809523809
socio_n3,72069,ours: Gaussian,152.27443781103057,0.9809523809523809
socio_n3,72069,ours: symmetric unimodal,152.27443781103057,0.9809523809523809
socio_n3,72069,ours: mean-zero log-concave,152.27443781103057,0.9809523809523809
socio_n3,72069,"no shape, median-zero",193.87442967205047,0.9904761904761905
socio_n3,72069,fay_herriot (plug-in D),130.16572472791614,0.9428571428571428
socio_n3,72069,latentcp (plug-in D),169.21483811896442,0.9809523809523809
socio_n3,72069,shape_free (plug-in D),185.19413779162394,0.9904761904761905
socio_n3,72026,usual,134.89906307590385,0.9619047619047619
socio_n3,72026,ours: Gaussian,134.89906307590385,0.9619047619047619
socio_n3,72026,ours: symmetric unimodal,134.89906307590385,0.9619047619047619
socio_n3,72026,ours: mean-zero log-concave,134.89906307590385,0.9619047619047619
socio_n3,72026,"no shape, median-zero",142.26994873794342,0.9714285714285714
socio_n3,72026,fay_herriot (plug-in D),126.87909859142658,0.9428571428571428
socio_n3,72026,latentcp (plug-in D),135.215215894184,0.9619047619047619
socio_n3,72026,shape_free (plug-in D),147.54664316175229,0.9714285714285714
socio_n3,72027,usual,150.07298664398363,0.9428571428571428
socio_n3,72027,ours: Gaussian,150.07298664398363,0.9428571428571428
socio_n3,72027,ours: symmetric unimodal,150.07298664398363,0.9428571428571428
socio_n3,72027,ours: mean-zero log-concave,150.07298664398363,0.9428571428571428
socio_n3,72027,"no shape, median-zero",178.3730996566519,0.9714285714285714
socio_n3,72027,fay_herriot (plug-in D),119.00588770181614,0.8761904761904762
socio_n3,72027,latentcp (plug-in D),150.46564674202352,0.942857142857143
socio_n3,72027,shape_free (plug-in D),162.4809496324562,0.9619047619047619
socio_n3,72056,usual,141.50024442635086,0.9523809523809523
socio_n3,72056,ours: Gaussian,141.50024442635086,0.9523809523809523
socio_n3,72056,ours: symmetric unimodal,141.50024442635086,0.9523809523809523
socio_n3,72056,ours: mean-zero log-concave,141.50024442635086,0.9523809523809523
socio_n3,72056,"no shape, median-zero",192.96613611000154,1.0
socio_n3,72056,fay_herriot (plug-in D),127.98515169926851,0.9428571428571428
socio_n3,72056,latentcp (plug-in D),150.01790995506678,0.9619047619047619
socio_n3,72056,shape_free (plug-in D),175.6851111946386,1.0
socio_n3,72057,usual,153.77670970908162,0.9904761904761905
socio_n3,72057,ours: Gaussian,153.77670970908162,0.9904761904761905
socio_n3,72057,ours: symmetric unimodal,153.77670970908162,0.9904761904761905
socio_n3,72057,ours: mean-zero log-concave,153.77670970908162,0.9904761904761905
socio_n3,72057,"no shape, median-zero",176.01862634912132,1.0
socio_n3,72057,fay_herriot (plug-in D),114.33444400879505,0.9047619047619048
socio_n3,72057,latentcp (plug-in D),158.47654071626172,0.9904761904761905
socio_n3,72057,shape_free (plug-in D),168.37988651143598,1.0
socio_n2,73014,usual,141.99880873620646,0.9809523809523809
socio_n2,73014,ours: Gaussian,141.99880873620646,0.9809523809523809
socio_n2,73014,ours: symmetric unimodal,141.99880873620646,0.9809523809523809
socio_n2,73014,ours: mean-zero log-concave,141.99880873620646,0.9809523809523809
socio_n2,73014,"no shape, median-zero",169.16750362390292,1.0
socio_n2,73014,fay_herriot (plug-in D),126.64829002067644,0.9238095238095239
socio_n2,73014,latentcp (plug-in D),148.69533766482445,0.9809523809523809
socio_n2,73014,shape_free (plug-in D),148.92754129762864,0.9809523809523809
socio_n2,73015,usual,154.83357330969147,0.9619047619047619
socio_n2,73015,ours: Gaussian,154.83357330969147,0.9619047619047619
socio_n2,73015,ours: symmetric unimodal,154.83357330969147,0.9619047619047619
socio_n2,73015,ours: mean-zero log-concave,154.83357330969147,0.9619047619047619
socio_n2,73015,"no shape, median-zero",208.31511800531462,1.0
socio_n2,73015,fay_herriot (plug-in D),145.4864378017619,0.9523809523809523
socio_n2,73015,latentcp (plug-in D),155.01051947236778,0.9619047619047619
socio_n2,73015,shape_free (plug-in D),161.6975689946232,0.9619047619047619
socio_n2,73038,usual,135.3529482955994,0.9523809523809523
socio_n2,73038,ours: Gaussian,135.3529482955994,0.9523809523809523
socio_n2,73038,ours: symmetric unimodal,135.3529482955994,0.9523809523809523
socio_n2,73038,ours: mean-zero log-concave,135.3529482955994,0.9523809523809523
socio_n2,73038,"no shape, median-zero",199.96382082610148,0.9809523809523809
socio_n2,73038,fay_herriot (plug-in D),120.30600805788974,0.8857142857142857
socio_n2,73038,latentcp (plug-in D),153.05492346616288,0.9618571428571429
socio_n2,73038,shape_free (plug-in D),155.03052323559,0.9619047619047619
socio_n2,73039,usual,136.75912869601063,1.0
socio_n2,73039,ours: Gaussian,136.75912869601063,1.0
socio_n2,73039,ours: symmetric unimodal,136.75912869601063,1.0
socio_n2,73039,ours: mean-zero log-concave,136.75912869601063,1.0
socio_n2,73039,"no shape, median-zero",184.17037555162153,1.0
socio_n2,73039,fay_herriot (plug-in D),126.43235736633392,0.9619047619047619
socio_n2,73039,latentcp (plug-in D),148.6494852025631,1.0
socio_n2,73039,shape_free (plug-in D),151.13317156317916,1.0
socio_n2,73040,usual,148.18929245274126,0.9904761904761905
socio_n2,73040,ours: Gaussian,148.18929245274126,0.9904761904761905
socio_n2,73040,ours: symmetric unimodal,148.18929245274126,0.9904761904761905
socio_n2,73040,ours: mean-zero log-concave,148.18929245274126,0.9904761904761905
socio_n2,73040,"no shape, median-zero",223.81720118522378,1.0
socio_n2,73040,fay_herriot (plug-in D),134.83085848418705,0.9714285714285714
socio_n2,73040,latentcp (plug-in D),149.21191914193653,0.9853333333333333
socio_n2,73040,shape_free (plug-in D),159.38064555147233,0.9904761904761905
socio_n2,73041,usual,170.99056335265527,0.9904761904761905
socio_n2,73041,ours: Gaussian,170.99056335265527,0.9904761904761905
socio_n2,73041,ours: symmetric unimodal,170.99056335265527,0.9904761904761905
socio_n2,73041,ours: mean-zero log-concave,170.99056335265527,0.9904761904761905
socio_n2,73041,"no shape, median-zero",208.22106106034835,1.0
socio_n2,73041,fay_herriot (plug-in D),144.20119397823538,0.9714285714285714
socio_n2,73041,latentcp (plug-in D),183.69163814482792,1.0
socio_n2,73041,shape_free (plug-in D),202.43515927050714,1.0
socio_n3,72018,usual,165.0991932533431,0.9619047619047619
socio_n3,72018,ours: Gaussian,165.0991932533431,0.9619047619047619
socio_n3,72018,ours: symmetric unimodal,165.0991932533431,0.9619047619047619
socio_n3,72018,ours: mean-zero log-concave,165.0991932533431,0.9619047619047619
socio_n3,72018,"no shape, median-zero",204.5589384817453,0.9904761904761905
socio_n3,72018,fay_herriot (plug-in D),130.01922378391623,0.9523809523809523
socio_n3,72018,latentcp (plug-in D),184.4249010977988,0.9809523809523809
socio_n3,72018,shape_free (plug-in D),198.85226475836797,0.9904761904761905
socio_n3,72019,usual,159.60800253187017,0.9619047619047619
socio_n3,72019,ours: Gaussian,159.60800253187017,0.9619047619047619
socio_n3,72019,ours: symmetric unimodal,159.60800253187017,0.9619047619047619
socio_n3,72019,ours: mean-zero log-concave,159.60800253187017,0.9619047619047619
socio_n3,72019,"no shape, median-zero",189.89165328502546,0.9809523809523809
socio_n3,72019,fay_herriot (plug-in D),119.29032996406114,0.8857142857142857
socio_n3,72019,latentcp (plug-in D),160.67202759385728,0.9619047619047619
socio_n3,72019,shape_free (plug-in D),172.04523256009486,0.9714285714285714
socio_n2,73036,usual,181.3132770071786,0.9809523809523809
socio_n2,73036,ours: Gaussian,181.3132770071786,0.9809523809523809
socio_n2,73036,ours: symmetric unimodal,181.3132770071786,0.9809523809523809
socio_n2,73036,ours: mean-zero log-concave,181.3132770071786,0.9809523809523809
socio_n2,73036,"no shape, median-zero",230.21843446849334,0.9904761904761905
socio_n2,73036,fay_herriot (plug-in D),160.56136105617034,0.9714285714285714
socio_n2,73036,latentcp (plug-in D),183.41761042562567,0.9809523809523809
socio_n2,73036,shape_free (plug-in D),214.77543854982773,0.9904761904761905
socio_n2,73037,usual,214.93082366454712,1.0
socio_n2,73037,ours: Gaussian,214.93082366454712,1.0
socio_n2,73037,ours: symmetric unimodal,214.93082366454712,1.0
socio_n2,73037,ours: mean-zero log-concave,214.93082366454712,1.0
socio_n2,73037,"no shape, median-zero",316.0934247527646,1.0
socio_n2,73037,fay_herriot (plug-in D),171.12853439205415,1.0
socio_n2,73037,latentcp (plug-in D),228.84275628074414,0.9997142857142858
socio_n2,73037,shape_free (plug-in D),249.98629914366626,1.0
socio_n3,72118,usual,139.8620352409949,0.9714285714285714
socio_n3,72118,ours: Gaussian,139.8620352409949,0.9714285714285714
socio_n3,72118,ours: symmetric unimodal,139.8620352409949,0.9714285714285714
socio_n3,72118,ours: mean-zero log-concave,139.8620352409949,0.9714285714285714
socio_n3,72118,"no shape, median-zero",187.91684476873797,1.0
socio_n3,72118,fay_herriot (plug-in D),123.56114844474041,0.9238095238095239
socio_n3,72118,latentcp (plug-in D),153.31882172137827,0.9802380952380951
socio_n3,72118,shape_free (plug-in D),160.26754474432747,0.9809523809523809
socio_n3,72119,usual,147.813380221664,0.9904761904761905
socio_n3,72119,ours: Gaussian,147.813380221664,0.9904761904761905
socio_n3,72119,ours: symmetric unimodal,147.813380221664,0.9904761904761905
socio_n3,72119,ours: mean-zero log-concave,147.813380221664,0.9904761904761905
socio_n3,72119,"no shape, median-zero",197.45965444116783,0.9904761904761905
socio_n3,72119,fay_herriot (plug-in D),137.26131530313248,0.9809523809523809
socio_n3,72119,latentcp (plug-in D),152.79805028745938,0.9805714285714286
socio_n3,72119,shape_free (plug-in D),169.75963743935276,0.9904761904761905
socio_n3,72098,usual,151.47371200174499,0.9714285714285714
socio_n3,72098,ours: Gaussian,151.47371200174499,0.9714285714285714
socio_n3,72098,ours: symmetric unimodal,151.47371200174499,0.9714285714285714
socio_n3,72098,ours: mean-zero log-concave,151.47371200174499,0.9714285714285714
socio_n3,72098,"no shape, median-zero",205.44055433067538,1.0
socio_n3,72098,fay_herriot (plug-in D),133.5697119445051,0.9619047619047619
socio_n3,72098,latentcp (plug-in D),183.72979091547742,1.0
socio_n3,72098,shape_free (plug-in D),202.59910394701842,1.0
socio_n3,72099,usual,144.56418139857564,0.9809523809523809
socio_n3,72099,ours: Gaussian,144.56418139857564,0.9809523809523809
socio_n3,72099,ours: symmetric unimodal,144.56418139857564,0.9809523809523809
socio_n3,72099,ours: mean-zero log-concave,144.56418139857564,0.9809523809523809
socio_n3,72099,"no shape, median-zero",241.35165803694895,1.0
socio_n3,72099,fay_herriot (plug-in D),133.69901197326985,0.9619047619047619
socio_n3,72099,latentcp (plug-in D),151.90148748252875,0.9904761904761905
socio_n3,72099,shape_free (plug-in D),178.65797075466583,1.0
socio_n2,73026,usual,140.45321256854356,0.9619047619047619
socio_n2,73026,ours: Gaussian,140.45321256854356,0.9619047619047619
socio_n2,73026,ours: symmetric unimodal,140.45321256854356,0.9619047619047619
socio_n2,73026,ours: mean-zero log-concave,140.45321256854356,0.9619047619047619
socio_n2,73026,"no shape, median-zero",202.455619051584,1.0
socio_n2,73026,fay_herriot (plug-in D),130.22403016706602,0.9238095238095239
socio_n2,73026,latentcp (plug-in D),143.01288137439926,0.9616190476190476
socio_n2,73026,shape_free (plug-in D),159.3112324040328,0.9809523809523809
socio_n2,73027,usual,174.48027982580857,1.0
socio_n2,73027,ours: Gaussian,174.48027982580857,1.0
socio_n2,73027,ours: symmetric unimodal,174.48027982580857,1.0
socio_n2,73027,ours: mean-zero log-concave,174.48027982580857,1.0
socio_n2,73027,"no shape, median-zero",236.65439877122208,1.0
socio_n2,73027,fay_herriot (plug-in D),153.21235064399093,1.0
socio_n2,73027,latentcp (plug-in D),178.2199843647062,1.0
socio_n2,73027,shape_free (plug-in D),194.06302719252378,1.0
socio_n2,73020,usual,177.7203590001227,0.9904761904761905
socio_n2,73020,ours: Gaussian,177.7203590001227,0.9904761904761905
socio_n2,73020,ours: symmetric unimodal,177.7203590001227,0.9904761904761905
socio_n2,73020,ours: mean-zero log-concave,177.7203590001227,0.9904761904761905
socio_n2,73020,"no shape, median-zero",225.66006630253958,1.0
socio_n2,73020,fay_herriot (plug-in D),142.5684197457518,0.9619047619047619
socio_n2,73020,latentcp (plug-in D),187.85090638519844,0.9754761904761905
socio_n2,73020,shape_free (plug-in D),198.8138621800951,0.9904761904761905
socio_n2,73021,usual,147.1500197135307,0.9714285714285714
socio_n2,73021,ours: Gaussian,147.1500197135307,0.9714285714285714
socio_n2,73021,ours: symmetric unimodal,147.1500197135307,0.9714285714285714
socio_n2,73021,ours: mean-zero log-concave,147.1500197135307,0.9714285714285714
socio_n2,73021,"no shape, median-zero",187.72989758804863,0.9904761904761905
socio_n2,73021,fay_herriot (plug-in D),125.83932313400514,0.9142857142857143
socio_n2,73021,latentcp (plug-in D),150.3878741455827,0.9809523809523809
socio_n2,73021,shape_free (plug-in D),168.5252055316034,0.9904761904761905
socio_n3,72046,usual,177.43639667086623,1.0
socio_n3,72046,ours: Gaussian,177.43639667086623,1.0
socio_n3,72046,ours: symmetric unimodal,177.43639667086623,1.0
socio_n3,72046,ours: mean-zero log-concave,177.43639667086623,1.0
socio_n3,72046,"no shape, median-zero",219.86872359629925,1.0
socio_n3,72046,fay_herriot (plug-in D),142.46308668767753,0.9809523809523809
socio_n3,72046,latentcp (plug-in D),179.15840909686779,1.0
socio_n3,72046,shape_free (plug-in D),199.40191013078356,1.0
socio_n3,72047,usual,140.10528079943015,0.9333333333333333
socio_n3,72047,ours: Gaussian,140.10528079943015,0.9333333333333333
socio_n3,72047,ours: symmetric unimodal,140.10528079943015,0.9333333333333333
socio_n3,72047,ours: mean-zero log-concave,140.10528079943015,0.9333333333333333
socio_n3,72047,"no shape, median-zero",178.75467561112296,0.9714285714285714
socio_n3,72047,fay_herriot (plug-in D),128.414936542457,0.9238095238095239
socio_n3,72047,latentcp (plug-in D),142.73670081604666,0.9520000000000001
socio_n3,72047,shape_free (plug-in D),152.06307579625408,0.9523809523809523
socio_n2,73050,usual,171.27921571373236,1.0
socio_n2,73050,ours: Gaussian,171.27921571373236,1.0
socio_n2,73050,ours: symmetric unimodal,171.27921571373236,1.0
socio_n2,73050,ours: mean-zero log-concave,171.27921571373236,1.0
socio_n2,73050,"no shape, median-zero",216.4385922802029,1.0
socio_n2,73050,fay_herriot (plug-in D),155.43502364766456,1.0
socio_n2,73050,latentcp (plug-in D),177.58102920103363,1.0
socio_n2,73050,shape_free (plug-in D),184.13294140286686,1.0
socio_n2,73051,usual,154.57394357788917,0.9809523809523809
socio_n2,73051,ours: Gaussian,154.57394357788917,0.9809523809523809
socio_n2,73051,ours: symmetric unimodal,154.57394357788917,0.9809523809523809
socio_n2,73051,ours: mean-zero log-concave,154.57394357788917,0.9809523809523809
socio_n2,73051,"no shape, median-zero",185.20741642393705,0.9809523809523809
socio_n2,73051,fay_herriot (plug-in D),123.92705332460876,0.9333333333333333
socio_n2,73051,latentcp (plug-in D),156.09437965624932,0.9809523809523809
socio_n2,73051,shape_free (plug-in D),159.7728958671084,0.9809523809523809
socio_n3,72092,usual,166.56211043019016,1.0
socio_n3,72092,ours: Gaussian,166.56211043019016,1.0
socio_n3,72092,ours: symmetric unimodal,166.56211043019016,1.0
socio_n3,72092,ours: mean-zero log-concave,166.56211043019016,1.0
socio_n3,72092,"no shape, median-zero",196.39658883687693,1.0
socio_n3,72092,fay_herriot (plug-in D),134.19343573966762,0.9714285714285714
socio_n3,72092,latentcp (plug-in D),172.36541723188304,1.0
socio_n3,72092,shape_free (plug-in D),185.73676837903975,1.0
socio_n3,72093,usual,125.20501273422117,0.9619047619047619
socio_n3,72093,ours: Gaussian,125.20501273422117,0.9619047619047619
socio_n3,72093,ours: symmetric unimodal,125.20501273422117,0.9619047619047619
socio_n3,72093,ours: mean-zero log-concave,125.20501273422117,0.9619047619047619
socio_n3,72093,"no shape, median-zero",203.11297167487146,1.0
socio_n3,72093,fay_herriot (plug-in D),115.62730159110008,0.9333333333333333
socio_n3,72093,latentcp (plug-in D),136.3497525444058,0.9807619047619047
socio_n3,72093,shape_free (plug-in D),161.59913302066727,0.9904761904761905
socio_n2,73008,usual,177.0184489971349,0.9809523809523809
socio_n2,73008,ours: Gaussian,177.0184489971349,0.9809523809523809
socio_n2,73008,ours: symmetric unimodal,177.0184489971349,0.9809523809523809
socio_n2,73008,ours: mean-zero log-concave,177.0184489971349,0.9809523809523809
socio_n2,73008,"no shape, median-zero",215.555731201414,1.0
socio_n2,73008,fay_herriot (plug-in D),129.97860409801947,0.9523809523809523
socio_n2,73008,latentcp (plug-in D),180.29838180724778,0.9903809523809524
socio_n2,73008,shape_free (plug-in D),185.5603111476825,0.9904761904761905
socio_n2,73009,usual,166.3607427772322,0.9904761904761905
socio_n2,73009,ours: Gaussian,166.3607427772322,0.9904761904761905
socio_n2,73009,ours: symmetric unimodal,166.3607427772322,0.9904761904761905
socio_n2,73009,ours: mean-zero log-concave,166.3607427772322,0.9904761904761905
socio_n2,73009,"no shape, median-zero",250.4233136007008,1.0
socio_n2,73009,fay_herriot (plug-in D),138.66287424113486,0.9809523809523809
socio_n2,73009,latentcp (plug-in D),167.13289093961959,0.9904761904761905
socio_n2,73009,shape_free (plug-in D),191.20577270218084,0.9904761904761905
socio_n2,73058,usual,197.95352613400598,1.0
socio_n2,73058,ours: Gaussian,197.95352613400598,1.0
socio_n2,73058,ours: symmetric unimodal,197.95352613400598,1.0
socio_n2,73058,ours: mean-zero log-concave,197.95352613400598,1.0
socio_n2,73058,"no shape, median-zero",239.75028523251495,1.0
socio_n2,73058,fay_herriot (plug-in D),147.60798443652575,0.9809523809523809
socio_n2,73058,latentcp (plug-in D),200.09563879988457,0.9997142857142856
socio_n2,73058,shape_free (plug-in D),208.42724573462115,1.0
socio_n2,73059,usual,149.84455457749846,0.9809523809523809
socio_n2,73059,ours: Gaussian,149.84455457749846,0.9809523809523809
socio_n2,73059,ours: symmetric unimodal,149.84455457749846,0.9809523809523809
socio_n2,73059,ours: mean-zero log-concave,149.84455457749846,0.9809523809523809
socio_n2,73059,"no shape, median-zero",220.2896200471066,1.0
socio_n2,73059,fay_herriot (plug-in D),154.37774283814053,0.9809523809523809
socio_n2,73059,latentcp (plug-in D),180.98843555014145,1.0
socio_n2,73059,shape_free (plug-in D),193.22929490203694,1.0
socio_n2,73028,usual,173.14699845816187,0.9809523809523809
socio_n2,73028,ours: Gaussian,173.14699845816187,0.9809523809523809
socio_n2,73028,ours: symmetric unimodal,173.14699845816187,0.9809523809523809
socio_n2,73028,ours: mean-zero log-concave,173.14699845816187,0.9809523809523809
socio_n2,73028,"no shape, median-zero",223.67423930508414,1.0
socio_n2,73028,fay_herriot (plug-in D),150.67585869420836,0.9714285714285714
socio_n2,73028,latentcp (plug-in D),177.88570839635048,0.9777142857142858
socio_n2,73028,shape_free (plug-in D),199.48918549193291,1.0
socio_n2,73029,usual,183.20181263087738,1.0
socio_n2,73029,ours: Gaussian,183.20181263087738,1.0
socio_n2,73029,ours: symmetric unimodal,183.20181263087738,1.0
socio_n2,73029,ours: mean-zero log-concave,183.20181263087738,1.0
socio_n2,73029,"no shape, median-zero",278.4022031769314,1.0
socio_n2,73029,fay_herriot (plug-in D),154.99245208014216,0.9904761904761905
socio_n2,73029,latentcp (plug-in D),198.93899476601138,1.0
socio_n2,73029,shape_free (plug-in D),206.80446690165456,1.0
socio_n2,73062,usual,182.8162967212362,0.9619047619047619
socio_n2,73062,ours: Gaussian,182.8162967212362,0.9619047619047619
socio_n2,73062,ours: symmetric unimodal,182.8162967212362,0.9619047619047619
socio_n2,73062,ours: mean-zero log-concave,182.8162967212362,0.9619047619047619
socio_n2,73062,"no shape, median-zero",294.61621862824916,1.0
socio_n2,73062,fay_herriot (plug-in D),150.09068284759414,0.9523809523809523
socio_n2,73062,latentcp (plug-in D),203.53056754062854,0.9714285714285714
socio_n2,73062,shape_free (plug-in D),209.01225317725584,0.9714285714285714
socio_n2,73063,usual,141.90497708416297,0.9809523809523809
socio_n2,73063,ours: Gaussian,141.90497708416297,0.9809523809523809
socio_n2,73063,ours: symmetric unimodal,141.90497708416297,0.9809523809523809
socio_n2,73063,ours: mean-zero log-concave,141.90497708416297,0.9809523809523809
socio_n2,73063,"no shape, median-zero",198.2474395725152,1.0
socio_n2,73063,fay_herriot (plug-in D),114.2597136586009,0.9142857142857143
socio_n2,73063,latentcp (plug-in D),145.635274365467,0.9809523809523809
socio_n2,73063,shape_free (plug-in D),147.86441888863655,0.9809523809523809
socio_n2,73048,usual,172.00468524371843,0.9904761904761905
socio_n2,73048,ours: Gaussian,172.00468524371843,0.9904761904761905
socio_n2,73048,ours: symmetric unimodal,172.00468524371843,0.9904761904761905
socio_n2,73048,ours: mean-zero log-concave,172.00468524371843,0.9904761904761905
socio_n2,73048,"no shape, median-zero",199.84619362683713,0.9904761904761905
socio_n2,73048,fay_herriot (plug-in D),142.72506700157336,0.9714285714285714
socio_n2,73048,latentcp (plug-in D),180.55571797833107,0.9904761904761905
socio_n2,73048,shape_free (plug-in D),193.08135283064416,0.9904761904761905
socio_n2,73049,usual,193.07250343531018,1.0
socio_n2,73049,ours: Gaussian,193.07250343531018,1.0
socio_n2,73049,ours: symmetric unimodal,193.07250343531018,1.0
socio_n2,73049,ours: mean-zero log-concave,193.07250343531018,1.0
socio_n2,73049,"no shape, median-zero",228.7823173427813,1.0
socio_n2,73049,fay_herriot (plug-in D),148.45509448837055,0.9333333333333333
socio_n2,73049,latentcp (plug-in D),201.11245462406288,1.0
socio_n2,73049,shape_free (plug-in D),209.1912461058956,1.0
socio_n2,73006,usual,193.20092152223617,1.0
socio_n2,73006,ours: Gaussian,193.20092152223617,1.0
socio_n2,73006,ours: symmetric unimodal,193.20092152223617,1.0
socio_n2,73006,ours: mean-zero log-concave,193.20092152223617,1.0
socio_n2,73006,"no shape, median-zero",278.4161608111783,1.0
socio_n2,73006,fay_herriot (plug-in D),159.6389731872926,0.9904761904761905
socio_n2,73006,latentcp (plug-in D),200.9342347860884,1.0
socio_n2,73006,shape_free (plug-in D),210.0745125162538,1.0
socio_n2,73007,usual,145.20964594892212,0.9714285714285714
socio_n2,73007,ours: Gaussian,145.20964594892212,0.9714285714285714
socio_n2,73007,ours: symmetric unimodal,145.20964594892212,0.9714285714285714
socio_n2,73007,ours: mean-zero log-concave,145.20964594892212,0.9714285714285714
socio_n2,73007,"no shape, median-zero",240.91681829170489,1.0
socio_n2,73007,fay_herriot (plug-in D),130.2325245698889,0.9428571428571428
socio_n2,73007,latentcp (plug-in D),164.9081332667757,0.9955714285714287
socio_n2,73007,shape_free (plug-in D),199.78701821717726,1.0
socio_n2,73054,usual,153.98804720358976,0.9619047619047619
socio_n2,73054,ours: Gaussian,153.98804720358976,0.9619047619047619
socio_n2,73054,ours: symmetric unimodal,153.98804720358976,0.9619047619047619
socio_n2,73054,ours: mean-zero log-concave,153.98804720358976,0.9619047619047619
socio_n2,73054,"no shape, median-zero",200.1017769287805,0.9904761904761905
socio_n2,73054,fay_herriot (plug-in D),127.72992906002021,0.9238095238095239
socio_n2,73054,latentcp (plug-in D),172.03547903609078,0.9904761904761905
socio_n2,73054,shape_free (plug-in D),183.15562850189193,0.9904761904761905
socio_n2,73055,usual,178.56801012043502,0.9904761904761905
socio_n2,73055,ours: Gaussian,178.56801012043502,0.9904761904761905
socio_n2,73055,ours: symmetric unimodal,178.56801012043502,0.9904761904761905
socio_n2,73055,ours: mean-zero log-concave,178.56801012043502,0.9904761904761905
socio_n2,73055,"no shape, median-zero",204.29047594311965,0.9904761904761905
socio_n2,73055,fay_herriot (plug-in D),122.88126103774552,0.9238095238095239
socio_n2,73055,latentcp (plug-in D),180.099908828021,0.9904761904761905
socio_n2,73055,shape_free (plug-in D),201.0293951720182,0.9904761904761905
socio_n2,73064,usual,171.98857076097386,1.0
socio_n2,73064,ours: Gaussian,171.98857076097386,1.0
socio_n2,73064,ours: symmetric unimodal,171.98857076097386,1.0
socio_n2,73064,ours: mean-zero log-concave,171.98857076097386,1.0
socio_n2,73064,"no shape, median-zero",200.48522862440552,1.0
socio_n2,73064,fay_herriot (plug-in D),141.84378871147842,0.9619047619047619
socio_n2,73064,latentcp (plug-in D),180.45946652916436,1.0
socio_n2,73064,shape_free (plug-in D),188.52966058528784,1.0
socio_n2,73065,usual,179.6992154399079,1.0
socio_n2,73065,ours: Gaussian,179.6992154399079,1.0
socio_n2,73065,ours: symmetric unimodal,179.6992154399079,1.0
socio_n2,73065,ours: mean-zero log-concave,179.6992154399079,1.0
socio_n2,73065,"no shape, median-zero",204.84906685577357,1.0
socio_n2,73065,fay_herriot (plug-in D),148.48692986079706,0.9904761904761905
socio_n2,73065,latentcp (plug-in D),195.4978089333252,1.0
socio_n2,73065,shape_free (plug-in D),204.05693465219636,1.0
socio_n3,72072,usual,152.93816553990564,0.9904761904761905
socio_n3,72072,ours: Gaussian,152.93816553990564,0.9904761904761905
socio_n3,72072,ours: symmetric unimodal,152.93816553990564,0.9904761904761905
socio_n3,72072,ours: mean-zero log-concave,152.93816553990564,0.9904761904761905
socio_n3,72072,"no shape, median-zero",198.69661197967244,0.9904761904761905
socio_n3,72072,fay_herriot (plug-in D),127.00736769315746,0.9428571428571428
socio_n3,72072,latentcp (plug-in D),158.4798538772894,0.9904761904761905
socio_n3,72072,shape_free (plug-in D),183.7791043644322,0.9904761904761905
socio_n3,72073,usual,139.1343685329263,0.9714285714285714
socio_n3,72073,ours: Gaussian,139.1343685329263,0.9714285714285714
socio_n3,72073,ours: symmetric unimodal,139.1343685329263,0.9714285714285714
socio_n3,72073,ours: mean-zero log-concave,139.1343685329263,0.9714285714285714
socio_n3,72073,"no shape, median-zero",189.74231977296373,1.0
socio_n3,72073,fay_herriot (plug-in D),127.90854693346813,0.9523809523809523
socio_n3,72073,latentcp (plug-in D),146.67702844760439,0.9809047619047618
socio_n3,72073,shape_free (plug-in D),164.08100524564136,0.9904761904761905
socio_n2,73060,usual,194.86839605062426,0.9809523809523809
socio_n2,73060,ours: Gaussian,194.86839605062426,0.9809523809523809
socio_n2,73060,ours: symmetric unimodal,194.86839605062426,0.9809523809523809
socio_n2,73060,ours: mean-zero log-concave,194.86839605062426,0.9809523809523809
socio_n2,73060,"no shape, median-zero",250.59312207752055,1.0
socio_n2,73060,fay_herriot (plug-in D),150.36688012642,0.9714285714285714
socio_n2,73060,latentcp (plug-in D),201.40795777751111,0.9809523809523809
socio_n2,73060,shape_free (plug-in D),234.3190508413418,1.0
socio_n2,73061,usual,187.09691663877004,1.0
socio_n2,73061,ours: Gaussian,187.09691663877004,1.0
socio_n2,73061,ours: symmetric unimodal,187.09691663877004,1.0
socio_n2,73061,ours: mean-zero log-concave,187.09691663877004,1.0
socio_n2,73061,"no shape, median-zero",271.2368076718269,1.0
socio_n2,73061,fay_herriot (plug-in D),157.31575197731243,0.9809523809523809
socio_n2,73061,latentcp (plug-in D),195.09183468349795,1.0
socio_n2,73061,shape_free (plug-in D),204.23446910276874,1.0
socio_n2,73074,usual,167.3472308109499,0.9523809523809523
socio_n2,73074,ours: Gaussian,167.3472308109499,0.9523809523809523
socio_n2,73074,ours: symmetric unimodal,167.3472308109499,0.9523809523809523
socio_n2,73074,ours: mean-zero log-concave,167.3472308109499,0.9523809523809523
socio_n2,73074,"no shape, median-zero",224.81996354223554,1.0
socio_n2,73074,fay_herriot (plug-in D),126.87382256196409,0.9238095238095239
socio_n2,73074,latentcp (plug-in D),171.21283517588665,0.9523809523809524
socio_n2,73074,shape_free (plug-in D),203.31461699090022,0.9809523809523809
socio_n2,73075,usual,151.74277550914383,0.9809523809523809
socio_n2,73075,ours: Gaussian,151.74277550914383,0.9809523809523809
socio_n2,73075,ours: symmetric unimodal,151.74277550914383,0.9809523809523809
socio_n2,73075,ours: mean-zero log-concave,151.74277550914383,0.9809523809523809
socio_n2,73075,"no shape, median-zero",192.67806634857027,1.0
socio_n2,73075,fay_herriot (plug-in D),145.23368355287698,0.9523809523809523
socio_n2,73075,latentcp (plug-in D),164.89312928551846,0.9903809523809524
socio_n2,73075,shape_free (plug-in D),170.75142036903895,1.0
socio_n3,72096,usual,138.68258291111624,0.9619047619047619
socio_n3,72096,ours: Gaussian,138.68258291111624,0.9619047619047619
socio_n3,72096,ours: symmetric unimodal,138.68258291111624,0.9619047619047619
socio_n3,72096,ours: mean-zero log-concave,138.68258291111624,0.9619047619047619
socio_n3,72096,"no shape, median-zero",193.71296125938898,0.9904761904761905
socio_n3,72096,fay_herriot (plug-in D),109.79446367952727,0.8761904761904762
socio_n3,72096,latentcp (plug-in D),143.3096872466653,0.9619047619047619
socio_n3,72096,shape_free (plug-in D),162.18843824980135,0.9904761904761905
socio_n3,72097,usual,157.0686401711176,0.9619047619047619
socio_n3,72097,ours: Gaussian,157.0686401711176,0.9619047619047619
socio_n3,72097,ours: symmetric unimodal,157.0686401711176,0.9619047619047619
socio_n3,72097,ours: mean-zero log-concave,157.0686401711176,0.9619047619047619
socio_n3,72097,"no shape, median-zero",195.0097892157079,0.9904761904761905
socio_n3,72097,fay_herriot (plug-in D),123.59380875146961,0.8952380952380953
socio_n3,72097,latentcp (plug-in D),166.14853002672308,0.9903333333333333
socio_n3,72097,shape_free (plug-in D),182.33889862681752,0.9904761904761905
socio_n3,72088,usual,154.09056264195056,1.0
socio_n3,72088,ours: Gaussian,154.09056264195056,1.0
socio_n3,72088,ours: symmetric unimodal,154.09056264195056,1.0
socio_n3,72088,ours: mean-zero log-concave,154.09056264195056,1.0
socio_n3,72088,"no shape, median-zero",194.3409344070718,1.0
socio_n3,72088,fay_herriot (plug-in D),130.91653523253197,0.9619047619047619
socio_n3,72088,latentcp (plug-in D),165.5302343836072,0.9999047619047619
socio_n3,72088,shape_free (plug-in D),172.07762055182914,1.0
socio_n3,72089,usual,139.11234076685233,0.9714285714285714
socio_n3,72089,ours: Gaussian,139.11234076685233,0.9714285714285714
socio_n3,72089,ours: symmetric unimodal,139.11234076685233,0.9714285714285714
socio_n3,72089,ours: mean-zero log-concave,139.11234076685233,0.9714285714285714
socio_n3,72089,"no shape, median-zero",195.97534340083985,0.9809523809523809
socio_n3,72089,fay_herriot (plug-in D),134.8003513712188,0.9619047619047619
socio_n3,72089,latentcp (plug-in D),144.58847215106343,0.9809523809523809
socio_n3,72089,shape_free (plug-in D),154.44944716973686,0.9809523809523809
socio_n3,72094,usual,141.99211698481577,0.9619047619047619
socio_n3,72094,ours: Gaussian,141.99211698481577,0.9619047619047619
socio_n3,72094,ours: symmetric unimodal,141.99211698481577,0.9619047619047619
socio_n3,72094,ours: mean-zero log-concave,141.99211698481577,0.9619047619047619
socio_n3,72094,"no shape, median-zero",162.2158352825589,0.9904761904761905
socio_n3,72094,fay_herriot (plug-in D),114.91967523297251,0.9142857142857143
socio_n3,72094,latentcp (plug-in D),143.584237988914,0.9619047619047619
socio_n3,72094,shape_free (plug-in D),163.84910902840474,0.9904761904761905
socio_n3,72095,usual,149.85581235318395,0.9809523809523809
socio_n3,72095,ours: Gaussian,149.85581235318395,0.9809523809523809
socio_n3,72095,ours: symmetric unimodal,149.85581235318395,0.9809523809523809
socio_n3,72095,ours: mean-zero log-concave,149.85581235318395,0.9809523809523809
socio_n3,72095,"no shape, median-zero",163.88815156910937,0.9809523809523809
socio_n3,72095,fay_herriot (plug-in D),120.29747709126934,0.9333333333333333
socio_n3,72095,latentcp (plug-in D),152.2459281948615,0.9809523809523809
socio_n3,72095,shape_free (plug-in D),163.20547204834472,0.9809523809523809
socio_n2,73082,usual,157.35802874356386,0.9619047619047619
socio_n2,73082,ours: Gaussian,157.35802874356386,0.9619047619047619
socio_n2,73082,ours: symmetric unimodal,157.35802874356386,0.9619047619047619
socio_n2,73082,ours: mean-zero log-concave,157.35802874356386,0.9619047619047619
socio_n2,73082,"no shape, median-zero",191.3356132366373,0.9904761904761905
socio_n2,73082,fay_herriot (plug-in D),130.9579811939313,0.9428571428571428
socio_n2,73082,latentcp (plug-in D),165.2361809207392,0.9713333333333333
socio_n2,73082,shape_free (plug-in D),166.52373684705572,0.9714285714285714
socio_n2,73083,usual,165.05233128662854,0.9904761904761905
socio_n2,73083,ours: Gaussian,165.05233128662854,0.9904761904761905
socio_n2,73083,ours: symmetric unimodal,165.05233128662854,0.9904761904761905
socio_n2,73083,ours: mean-zero log-concave,165.05233128662854,0.9904761904761905
socio_n2,73083,"no shape, median-zero",218.13451424631694,1.0
socio_n2,73083,fay_herriot (plug-in D),141.0925593073525,0.9523809523809523
socio_n2,73083,latentcp (plug-in D),194.52669859592186,1.0
socio_n2,73083,shape_free (plug-in D),217.80746926624715,1.0
socio_n2,73010,usual,159.6593868387746,0.9904761904761905
socio_n2,73010,ours: Gaussian,159.6593868387746,0.9904761904761905
socio_n2,73010,ours: symmetric unimodal,159.6593868387746,0.9904761904761905
socio_n2,73010,ours: mean-zero log-concave,159.6593868387746,0.9904761904761905
socio_n2,73010,"no shape, median-zero",208.65611154814155,1.0
socio_n2,73010,fay_herriot (plug-in D),139.6109557406003,0.9809523809523809
socio_n2,73010,latentcp (plug-in D),163.8000136920681,0.9904285714285714
socio_n2,73010,shape_free (plug-in D),166.0758128907918,0.9904761904761905
socio_n2,73011,usual,160.809511801525,0.9904761904761905
socio_n2,73011,ours: Gaussian,160.809511801525,0.9904761904761905
socio_n2,73011,ours: symmetric unimodal,160.809511801525,0.9904761904761905
socio_n2,73011,ours: mean-zero log-concave,160.809511801525,0.9904761904761905
socio_n2,73011,"no shape, median-zero",226.87416239693175,1.0
socio_n2,73011,fay_herriot (plug-in D),148.4129557621192,0.9809523809523809
socio_n2,73011,latentcp (plug-in D),177.70319379418115,1.0
socio_n2,73011,shape_free (plug-in D),201.9053031781173,1.0
socio_n2,73086,usual,189.57579640420306,0.9809523809523809
socio_n2,73086,ours: Gaussian,189.57579640420306,0.9809523809523809
socio_n2,73086,ours: symmetric unimodal,189.57579640420306,0.9809523809523809
socio_n2,73086,ours: mean-zero log-concave,189.57579640420306,0.9809523809523809
socio_n2,73086,"no shape, median-zero",250.66812498996467,1.0
socio_n2,73086,fay_herriot (plug-in D),150.8106609397952,0.9333333333333333
socio_n2,73086,latentcp (plug-in D),193.10664899631212,0.9808095238095238
socio_n2,73086,shape_free (plug-in D),205.56539823215726,0.9904761904761905
socio_n2,73087,usual,153.648729274218,0.9619047619047619
socio_n2,73087,ours: Gaussian,153.648729274218,0.9619047619047619
socio_n2,73087,ours: symmetric unimodal,153.648729274218,0.9619047619047619
socio_n2,73087,ours: mean-zero log-concave,153.648729274218,0.9619047619047619
socio_n2,73087,"no shape, median-zero",221.82790297613758,0.9904761904761905
socio_n2,73087,fay_herriot (plug-in D),119.16936083432631,0.9047619047619048
socio_n2,73087,latentcp (plug-in D),166.21677832520743,0.9703809523809523
socio_n2,73087,shape_free (plug-in D),175.43222920381433,0.9714285714285714
socio_n2,73084,usual,160.42308691579058,0.9714285714285714
socio_n2,73084,ours: Gaussian,160.42308691579058,0.9714285714285714
socio_n2,73084,ours: symmetric unimodal,160.42308691579058,0.9714285714285714
socio_n2,73084,ours: mean-zero log-concave,160.42308691579058,0.9714285714285714
socio_n2,73084,"no shape, median-zero",210.2246569385777,1.0
socio_n2,73084,fay_herriot (plug-in D),145.92619908380874,0.9333333333333333
socio_n2,73084,latentcp (plug-in D),165.4320758735282,0.97
socio_n2,73084,shape_free (plug-in D),195.92175423930976,0.9809523809523809
socio_n2,73085,usual,167.66590112975848,1.0
socio_n2,73085,ours: Gaussian,167.66590112975848,1.0
socio_n2,73085,ours: symmetric unimodal,167.66590112975848,1.0
socio_n2,73085,ours: mean-zero log-concave,167.66590112975848,1.0
socio_n2,73085,"no shape, median-zero",195.07721092581664,1.0
socio_n2,73085,fay_herriot (plug-in D),149.4032807738615,0.9714285714285714
socio_n2,73085,latentcp (plug-in D),177.56070665707574,1.0
socio_n2,73085,shape_free (plug-in D),192.63733668932252,1.0
socio_n2,73090,usual,168.25466640519812,0.9809523809523809
socio_n2,73090,ours: Gaussian,168.25466640519812,0.9809523809523809
socio_n2,73090,ours: symmetric unimodal,168.25466640519812,0.9809523809523809
socio_n2,73090,ours: mean-zero log-concave,168.25466640519812,0.9809523809523809
socio_n2,73090,"no shape, median-zero",216.8046114344188,1.0
socio_n2,73090,fay_herriot (plug-in D),157.07637773615588,0.9714285714285714
socio_n2,73090,latentcp (plug-in D),172.03627718479183,0.9809523809523809
socio_n2,73090,shape_free (plug-in D),177.76550771736808,0.9904761904761905
socio_n2,73091,usual,179.75801796352823,0.9809523809523809
socio_n2,73091,ours: Gaussian,179.75801796352823,0.9809523809523809
socio_n2,73091,ours: symmetric unimodal,179.75801796352823,0.9809523809523809
socio_n2,73091,ours: mean-zero log-concave,179.75801796352823,0.9809523809523809
socio_n2,73091,"no shape, median-zero",197.1817144055036,1.0
socio_n2,73091,fay_herriot (plug-in D),149.5908885604796,0.9619047619047619
socio_n2,73091,latentcp (plug-in D),188.72758565483463,1.0
socio_n2,73091,shape_free (plug-in D),197.9225904374436,1.0
socio_n2,73096,usual,166.59643758489563,0.9714285714285714
socio_n2,73096,ours: Gaussian,166.59643758489563,0.9714285714285714
socio_n2,73096,ours: symmetric unimodal,166.59643758489563,0.9714285714285714
socio_n2,73096,ours: mean-zero log-concave,166.59643758489563,0.9714285714285714
socio_n2,73096,"no shape, median-zero",185.941690250414,0.9809523809523809
socio_n2,73096,fay_herriot (plug-in D),128.82896470964397,0.9523809523809523
socio_n2,73096,latentcp (plug-in D),172.60218417838925,0.9714285714285714
socio_n2,73096,shape_free (plug-in D),186.01141155492476,0.9809523809523809
socio_n2,73097,usual,154.43073724574617,0.9904761904761905
socio_n2,73097,ours: Gaussian,154.43073724574617,0.9904761904761905
socio_n2,73097,ours: symmetric unimodal,154.43073724574617,0.9904761904761905
socio_n2,73097,ours: mean-zero log-concave,154.43073724574617,0.9904761904761905
socio_n2,73097,"no shape, median-zero",202.2442007531381,1.0
socio_n2,73097,fay_herriot (plug-in D),134.13195483552624,0.9714285714285714
socio_n2,73097,latentcp (plug-in D),156.73292155785916,1.0
socio_n2,73097,shape_free (plug-in D),165.43704580381925,1.0
socio_n2,73102,usual,161.4172906893973,0.9714285714285714
socio_n2,73102,ours: Gaussian,161.4172906893973,0.9714285714285714
socio_n2,73102,ours: symmetric unimodal,161.4172906893973,0.9714285714285714
socio_n2,73102,ours: mean-zero log-concave,161.4172906893973,0.9714285714285714
socio_n2,73102,"no shape, median-zero",192.47037233251888,1.0
socio_n2,73102,fay_herriot (plug-in D),126.64697800817778,0.9238095238095239
socio_n2,73102,latentcp (plug-in D),160.71469078228796,0.9701428571428572
socio_n2,73102,shape_free (plug-in D),167.84527835802393,0.9714285714285714
socio_n2,73103,usual,181.61027593364247,1.0
socio_n2,73103,ours: Gaussian,181.61027593364247,1.0
socio_n2,73103,ours: symmetric unimodal,181.61027593364247,1.0
socio_n2,73103,ours: mean-zero log-concave,181.61027593364247,1.0
socio_n2,73103,"no shape, median-zero",247.38243528401756,1.0
socio_n2,73103,fay_herriot (plug-in D),166.2168037148972,1.0
socio_n2,73103,latentcp (plug-in D),191.74942391269857,1.0
socio_n2,73103,shape_free (plug-in D),204.59364299989016,1.0
socio_n2,73056,usual,164.27600832192854,0.9809523809523809
socio_n2,73056,ours: Gaussian,164.27600832192854,0.9809523809523809
socio_n2,73056,ours: symmetric unimodal,164.27600832192854,0.9809523809523809
socio_n2,73056,ours: mean-zero log-concave,164.27600832192854,0.9809523809523809
socio_n2,73056,"no shape, median-zero",199.53177909160127,0.9809523809523809
socio_n2,73056,fay_herriot (plug-in D),135.25739547534772,0.9619047619047619
socio_n2,73056,latentcp (plug-in D),185.71094783668087,0.9809523809523809
socio_n2,73056,shape_free (plug-in D),190.31236120613147,0.9809523809523809
socio_n2,73057,usual,176.1694154646658,1.0
socio_n2,73057,ours: Gaussian,176.1694154646658,1.0
socio_n2,73057,ours: symmetric unimodal,176.1694154646658,1.0
socio_n2,73057,ours: mean-zero log-concave,176.1694154646658,1.0
socio_n2,73057,"no shape, median-zero",213.2352533424803,1.0
socio_n2,73057,fay_herriot (plug-in D),133.3809859555273,0.9809523809523809
socio_n2,73057,latentcp (plug-in D),179.5755138623371,0.9999523809523809
socio_n2,73057,shape_free (plug-in D),189.22729575795742,1.0
socio_n3,72044,usual,145.44573598878318,0.9523809523809523
socio_n3,72044,ours: Gaussian,145.44573598878318,0.9523809523809523
socio_n3,72044,ours: symmetric unimodal,145.44573598878318,0.9523809523809523
socio_n3,72044,ours: mean-zero log-concave,145.44573598878318,0.9523809523809523
socio_n3,72044,"no shape, median-zero",206.69955507234704,0.9809523809523809
socio_n3,72044,fay_herriot (plug-in D),124.8210972503853,0.9047619047619048
socio_n3,72044,latentcp (plug-in D),158.27612114064186,0.9809523809523809
socio_n3,72044,shape_free (plug-in D),175.27772604424055,0.9809523809523809
socio_n3,72045,usual,141.52651243926775,0.9619047619047619
socio_n3,72045,ours: Gaussian,141.52651243926775,0.9619047619047619
socio_n3,72045,ours: symmetric unimodal,141.52651243926775,0.9619047619047619
socio_n3,72045,ours: mean-zero log-concave,141.52651243926775,0.9619047619047619
socio_n3,72045,"no shape, median-zero",192.69328125949906,1.0
socio_n3,72045,fay_herriot (plug-in D),122.30329447628725,0.9428571428571428
socio_n3,72045,latentcp (plug-in D),151.33824979383292,0.971142857142857
socio_n3,72045,shape_free (plug-in D),160.8274155553907,0.9904761904761905
socio_n2,73070,usual,161.263550525004,0.9904761904761905
socio_n2,73070,ours: Gaussian,161.263550525004,0.9904761904761905
socio_n2,73070,ours: symmetric unimodal,161.263550525004,0.9904761904761905
socio_n2,73070,ours: mean-zero log-concave,161.263550525004,0.9904761904761905
socio_n2,73070,"no shape, median-zero",258.0183315365641,1.0
socio_n2,73070,fay_herriot (plug-in D),129.90945219521973,0.9714285714285714
socio_n2,73070,latentcp (plug-in D),163.6161528620034,0.9902857142857142
socio_n2,73070,shape_free (plug-in D),197.61317529093841,1.0
socio_n2,73071,usual,157.89846532651768,0.9714285714285714
socio_n2,73071,ours: Gaussian,157.89846532651768,0.9714285714285714
socio_n2,73071,ours: symmetric unimodal,157.89846532651768,0.9714285714285714
socio_n2,73071,ours: mean-zero log-concave,157.89846532651768,0.9714285714285714
socio_n2,73071,"no shape, median-zero",222.7501588098021,0.9904761904761905
socio_n2,73071,fay_herriot (plug-in D),139.07220828902783,0.9619047619047619
socio_n2,73071,latentcp (plug-in D),169.95200818878217,0.9760476190476188
socio_n2,73071,shape_free (plug-in D),191.96757015667174,0.9809523809523809
socio_n2,73046,usual,158.64833139677626,0.9619047619047619
socio_n2,73046,ours: Gaussian,158.64833139677626,0.9619047619047619
socio_n2,73046,ours: symmetric unimodal,158.64833139677626,0.9619047619047619
socio_n2,73046,ours: mean-zero log-concave,158.64833139677626,0.9619047619047619
socio_n2,73046,"no shape, median-zero",198.5707707627007,1.0
socio_n2,73046,fay_herriot (plug-in D),124.2023444524529,0.9523809523809523
socio_n2,73046,latentcp (plug-in D),175.46106366280284,0.9900952380952381
socio_n2,73046,shape_free (plug-in D),190.6721758788259,1.0
socio_n2,73047,usual,197.62035001476067,0.9428571428571428
socio_n2,73047,ours: Gaussian,197.62035001476067,0.9428571428571428
socio_n2,73047,ours: symmetric unimodal,197.62035001476067,0.9428571428571428
socio_n2,73047,ours: mean-zero log-concave,197.62035001476067,0.9428571428571428
socio_n2,73047,"no shape, median-zero",522.346951756315,0.9619047619047619
socio_n2,73047,fay_herriot (plug-in D),154.63423705959906,0.9333333333333333
socio_n2,73047,latentcp (plug-in D),205.5417159018902,0.9380952380952381
socio_n2,73047,shape_free (plug-in D),445.8508318108105,0.9523809523809523
socio_n2,73112,usual,175.7352420582564,1.0
socio_n2,73112,ours: Gaussian,175.7352420582564,1.0
socio_n2,73112,ours: symmetric unimodal,175.7352420582564,1.0
socio_n2,73112,ours: mean-zero log-concave,175.7352420582564,1.0
socio_n2,73112,"no shape, median-zero",203.81225592777128,1.0
socio_n2,73112,fay_herriot (plug-in D),132.3554607277086,0.9809523809523809
socio_n2,73112,latentcp (plug-in D),174.94982443088026,0.9986666666666667
socio_n2,73112,shape_free (plug-in D),189.73387656401266,1.0
socio_n2,73113,usual,147.67633926789722,0.9619047619047619
socio_n2,73113,ours: Gaussian,147.67633926789722,0.9619047619047619
socio_n2,73113,ours: symmetric unimodal,147.67633926789722,0.9619047619047619
socio_n2,73113,ours: mean-zero log-concave,147.67633926789722,0.9619047619047619
socio_n2,73113,"no shape, median-zero",199.8651045532613,1.0
socio_n2,73113,fay_herriot (plug-in D),131.11536953546855,0.9333333333333333
socio_n2,73113,latentcp (plug-in D),154.41194423380412,0.9619047619047619
socio_n2,73113,shape_free (plug-in D),161.65246686322445,0.9714285714285714
socio_n2,73012,usual,174.86922994929643,0.9904761904761905
socio_n2,73012,ours: Gaussian,174.86922994929643,0.9904761904761905
socio_n2,73012,ours: symmetric unimodal,174.86922994929643,0.9904761904761905
socio_n2,73012,ours: mean-zero log-concave,174.86922994929643,0.9904761904761905
socio_n2,73012,"no shape, median-zero",272.35057695201715,1.0
socio_n2,73012,fay_herriot (plug-in D),126.53819743476484,0.9619047619047619
socio_n2,73012,latentcp (plug-in D),176.1225466395481,0.9904761904761905
socio_n2,73012,shape_free (plug-in D),185.77467591237414,0.9904761904761905
socio_n2,73013,usual,184.75245976085,1.0
socio_n2,73013,ours: Gaussian,184.75245976085,1.0
socio_n2,73013,ours: symmetric unimodal,184.75245976085,1.0
socio_n2,73013,ours: mean-zero log-concave,184.75245976085,1.0
socio_n2,73013,"no shape, median-zero",256.83223256617396,1.0
socio_n2,73013,fay_herriot (plug-in D),148.29077646022378,0.9904761904761905
socio_n2,73013,latentcp (plug-in D),185.68083297471105,1.0
socio_n2,73013,shape_free (plug-in D),193.36360683939577,1.0
socio_n2,73002,usual,151.5142786571987,0.9809523809523809
socio_n2,73002,ours: Gaussian,151.5142786571987,0.9809523809523809
socio_n2,73002,ours: symmetric unimodal,151.5142786571987,0.9809523809523809
socio_n2,73002,ours: mean-zero log-concave,151.5142786571987,0.9809523809523809
socio_n2,73002,"no shape, median-zero",229.41693586284134,1.0
socio_n2,73002,fay_herriot (plug-in D),125.49073612162297,0.9714285714285714
socio_n2,73002,latentcp (plug-in D),157.0164523771732,0.9899523809523809
socio_n2,73002,shape_free (plug-in D),156.61632206104872,0.9904761904761905
socio_n2,73003,usual,186.02629112897034,0.9904761904761905
socio_n2,73003,ours: Gaussian,186.02629112897034,0.9904761904761905
socio_n2,73003,ours: symmetric unimodal,186.02629112897034,0.9904761904761905
socio_n2,73003,ours: mean-zero log-concave,186.02629112897034,0.9904761904761905
socio_n2,73003,"no shape, median-zero",244.7837669778704,1.0
socio_n2,73003,fay_herriot (plug-in D),143.99476759562455,0.9619047619047619
socio_n2,73003,latentcp (plug-in D),208.86671829616446,1.0
socio_n2,73003,shape_free (plug-in D),215.25440640126646,1.0
socio_n2,73018,usual,130.54122142927372,0.9523809523809523
socio_n2,73018,ours: Gaussian,130.54122142927372,0.9523809523809523
socio_n2,73018,ours: symmetric unimodal,130.54122142927372,0.9523809523809523
socio_n2,73018,ours: mean-zero log-concave,130.54122142927372,0.9523809523809523
socio_n2,73018,"no shape, median-zero",169.70856691803613,0.9809523809523809
socio_n2,73018,fay_herriot (plug-in D),124.27678671410754,0.9523809523809523
socio_n2,73018,latentcp (plug-in D),147.0196240205661,0.9619047619047619
socio_n2,73018,shape_free (plug-in D),150.71770879555424,0.9619047619047619
socio_n2,73019,usual,153.01716058171553,0.9904761904761905
socio_n2,73019,ours: Gaussian,153.01716058171553,0.9904761904761905
socio_n2,73019,ours: symmetric unimodal,153.01716058171553,0.9904761904761905
socio_n2,73019,ours: mean-zero log-concave,153.01716058171553,0.9904761904761905
socio_n2,73019,"no shape, median-zero",242.1838110208929,1.0
socio_n2,73019,fay_herriot (plug-in D),132.57993340697223,0.9333333333333333
socio_n2,73019,latentcp (plug-in D),153.96514337546034,0.9880000000000001
socio_n2,73019,shape_free (plug-in D),170.2415221432288,1.0
socio_n2,73114,usual,154.84474322622486,0.9714285714285714
socio_n2,73114,ours: Gaussian,154.84474322622486,0.9714285714285714
socio_n2,73114,ours: symmetric unimodal,154.84474322622486,0.9714285714285714
socio_n2,73114,ours: mean-zero log-concave,154.84474322622486,0.9714285714285714
socio_n2,73114,"no shape, median-zero",199.36999244147773,0.9904761904761905
socio_n2,73114,fay_herriot (plug-in D),118.02938519330112,0.8952380952380953
socio_n2,73114,latentcp (plug-in D),157.75382659486579,0.9714285714285714
socio_n2,73114,shape_free (plug-in D),179.54081199792597,0.9809523809523809
socio_n2,73115,usual,167.10244925678614,1.0
socio_n2,73115,ours: Gaussian,167.10244925678614,1.0
socio_n2,73115,ours: symmetric unimodal,167.10244925678614,1.0
socio_n2,73115,ours: mean-zero log-concave,167.10244925678614,1.0
socio_n2,73115,"no shape, median-zero",254.64307545261238,1.0
socio_n2,73115,fay_herriot (plug-in D),131.88300549654198,0.9809523809523809
socio_n2,73115,latentcp (plug-in D),175.26185121134233,0.99
socio_n2,73115,shape_free (plug-in D),183.66196472694776,1.0
socio_n2,73034,usual,195.30833057067298,1.0
socio_n2,73034,ours: Gaussian,195.30833057067298,1.0
socio_n2,73034,ours: symmetric unimodal,195.30833057067298,1.0
socio_n2,73034,ours: mean-zero log-concave,195.30833057067298,1.0
socio_n2,73034,"no shape, median-zero",273.2723411204414,1.0
socio_n2,73034,fay_herriot (plug-in D),182.1029647865513,1.0
socio_n2,73034,latentcp (plug-in D),204.8918501097977,1.0
socio_n2,73034,shape_free (plug-in D),214.2440730398273,1.0
socio_n2,73035,usual,174.44127931334936,0.9809523809523809
socio_n2,73035,ours: Gaussian,174.44127931334936,0.9809523809523809
socio_n2,73035,ours: symmetric unimodal,174.44127931334936,0.9809523809523809
socio_n2,73035,ours: mean-zero log-concave,174.44127931334936,0.9809523809523809
socio_n2,73035,"no shape, median-zero",245.64256351085146,1.0
socio_n2,73035,fay_herriot (plug-in D),145.81410231370418,0.9619047619047619
socio_n2,73035,latentcp (plug-in D),175.93387571824846,0.9799523809523809
socio_n2,73035,shape_free (plug-in D),186.53011585361284,0.9809523809523809
socio_n2,73004,usual,179.979705159511,0.9714285714285714
socio_n2,73004,ours: Gaussian,179.979705159511,0.9714285714285714
socio_n2,73004,ours: symmetric unimodal,179.979705159511,0.9714285714285714
socio_n2,73004,ours: mean-zero log-concave,179.979705159511,0.9714285714285714
socio_n2,73004,"no shape, median-zero",233.74337491781182,1.0
socio_n2,73004,fay_herriot (plug-in D),152.0552863026939,0.9428571428571428
socio_n2,73004,latentcp (plug-in D),187.1343555499281,0.9714285714285714
socio_n2,73004,shape_free (plug-in D),205.1631345671389,0.9904761904761905
socio_n2,73005,usual,168.57407800403416,0.9904761904761905
socio_n2,73005,ours: Gaussian,168.57407800403416,0.9904761904761905
socio_n2,73005,ours: symmetric unimodal,168.57407800403416,0.9904761904761905
socio_n2,73005,ours: mean-zero log-concave,168.57407800403416,0.9904761904761905
socio_n2,73005,"no shape, median-zero",276.2072293381618,1.0
socio_n2,73005,fay_herriot (plug-in D),148.15639769198467,0.9809523809523809
socio_n2,73005,latentcp (plug-in D),188.4968877942166,0.9901904761904763
socio_n2,73005,shape_free (plug-in D),243.28943322506026,1.0
socio_n2,73068,usual,168.7971576552743,0.9809523809523809
socio_n2,73068,ours: Gaussian,168.7971576552743,0.9809523809523809
socio_n2,73068,ours: symmetric unimodal,168.7971576552743,0.9809523809523809
socio_n2,73068,ours: mean-zero log-concave,168.7971576552743,0.9809523809523809
socio_n2,73068,"no shape, median-zero",227.5950330296406,1.0
socio_n2,73068,fay_herriot (plug-in D),153.99495911494475,0.9714285714285714
socio_n2,73068,latentcp (plug-in D),184.56929859060557,0.9821904761904762
socio_n2,73068,shape_free (plug-in D),203.12367990479189,0.9904761904761905
socio_n2,73069,usual,176.2171903527211,1.0
socio_n2,73069,ours: Gaussian,176.2171903527211,1.0
socio_n2,73069,ours: symmetric unimodal,176.2171903527211,1.0
socio_n2,73069,ours: mean-zero log-concave,176.2171903527211,1.0
socio_n2,73069,"no shape, median-zero",244.21339437941674,1.0
socio_n2,73069,fay_herriot (plug-in D),153.77419756940927,0.9809523809523809
socio_n2,73069,latentcp (plug-in D),210.93477103983304,1.0
socio_n2,73069,shape_free (plug-in D),242.0054056369784,1.0
socio_n2,73066,usual,149.38274951138612,0.9904761904761905
socio_n2,73066,ours: Gaussian,149.38274951138612,0.9904761904761905
socio_n2,73066,ours: symmetric unimodal,149.38274951138612,0.9904761904761905
socio_n2,73066,ours: mean-zero log-concave,149.38274951138612,0.9904761904761905
socio_n2,73066,"no shape, median-zero",179.5717554322698,0.9904761904761905
socio_n2,73066,fay_herriot (plug-in D),129.43840091728504,0.9714285714285714
socio_n2,73066,latentcp (plug-in D),155.119220165528,0.9890476190476192
socio_n2,73066,shape_free (plug-in D),155.58433549703028,0.9904761904761905
socio_n2,73067,usual,162.87233039078262,0.9904761904761905
socio_n2,73067,ours: Gaussian,162.87233039078262,0.9904761904761905
socio_n2,73067,ours: symmetric unimodal,162.87233039078262,0.9904761904761905
socio_n2,73067,ours: mean-zero log-concave,162.87233039078262,0.9904761904761905
socio_n2,73067,"no shape, median-zero",239.47494253045545,1.0
socio_n2,73067,fay_herriot (plug-in D),139.68895818271602,0.9714285714285714
socio_n2,73067,latentcp (plug-in D),181.33202273084228,0.9904761904761905
socio_n2,73067,shape_free (plug-in D),203.29454079478586,0.9904761904761905
socio_n2,73080,usual,206.1931052532505,1.0
socio_n2,73080,ours: Gaussian,206.1931052532505,1.0
socio_n2,73080,ours: symmetric unimodal,206.1931052532505,1.0
socio_n2,73080,ours: mean-zero log-concave,206.1931052532505,1.0
socio_n2,73080,"no shape, median-zero",256.9601409284851,1.0
socio_n2,73080,fay_herriot (plug-in D),144.42239723471997,0.9619047619047619
socio_n2,73080,latentcp (plug-in D),220.82250417081042,1.0
socio_n2,73080,shape_free (plug-in D),236.51351823921487,1.0
socio_n2,73081,usual,188.78984199759378,1.0
socio_n2,73081,ours: Gaussian,188.78984199759378,1.0
socio_n2,73081,ours: symmetric unimodal,188.78984199759378,1.0
socio_n2,73081,ours: mean-zero log-concave,188.78984199759378,1.0
socio_n2,73081,"no shape, median-zero",250.3452702769705,1.0
socio_n2,73081,fay_herriot (plug-in D),146.62299496562414,0.9333333333333333
socio_n2,73081,latentcp (plug-in D),212.57177338851696,1.0
socio_n2,73081,shape_free (plug-in D),230.72581843145906,1.0
socio_n3,72110,usual,157.66326472863634,1.0
socio_n3,72110,ours: Gaussian,157.66326472863634,1.0
socio_n3,72110,ours: symmetric unimodal,157.66326472863634,1.0
socio_n3,72110,ours: mean-zero log-concave,157.66326472863634,1.0
socio_n3,72110,"no shape, median-zero",200.77878794983795,1.0
socio_n3,72110,fay_herriot (plug-in D),132.59027240752314,0.9904761904761905
socio_n3,72110,latentcp (plug-in D),157.78772985401176,0.9999523809523809
socio_n3,72110,shape_free (plug-in D),173.42240447207314,1.0
socio_n3,72111,usual,138.57594307450518,0.9523809523809523
socio_n3,72111,ours: Gaussian,138.57594307450518,0.9523809523809523
socio_n3,72111,ours: symmetric unimodal,138.57594307450518,0.9523809523809523
socio_n3,72111,ours: mean-zero log-concave,138.57594307450518,0.9523809523809523
socio_n3,72111,"no shape, median-zero",168.98847913675203,0.9904761904761905
socio_n3,72111,fay_herriot (plug-in D),132.56973594086222,0.9428571428571428
socio_n3,72111,latentcp (plug-in D),139.45593931989524,0.9523809523809524
socio_n3,72111,shape_free (plug-in D),157.0310840488818,0.9809523809523809
socio_n2,73106,usual,185.99155380599552,0.9904761904761905
socio_n2,73106,ours: Gaussian,185.99155380599552,0.9904761904761905
socio_n2,73106,ours: symmetric unimodal,185.99155380599552,0.9904761904761905
socio_n2,73106,ours: mean-zero log-concave,185.99155380599552,0.9904761904761905
socio_n2,73106,"no shape, median-zero",231.18202739968757,1.0
socio_n2,73106,fay_herriot (plug-in D),141.39977362827753,0.9428571428571428
socio_n2,73106,latentcp (plug-in D),193.95679098572882,0.9904761904761905
socio_n2,73106,shape_free (plug-in D),209.3287072537528,1.0
socio_n2,73107,usual,160.32132286800527,0.9714285714285714
socio_n2,73107,ours: Gaussian,160.32132286800527,0.9714285714285714
socio_n2,73107,ours: symmetric unimodal,160.32132286800527,0.9714285714285714
socio_n2,73107,ours: mean-zero log-concave,160.32132286800527,0.9714285714285714
socio_n2,73107,"no shape, median-zero",174.51474095592607,0.9904761904761905
socio_n2,73107,fay_herriot (plug-in D),130.8524097562622,0.9428571428571428
socio_n2,73107,latentcp (plug-in D),160.3344500562139,0.9714285714285714
socio_n2,73107,shape_free (plug-in D),165.6712389042538,0.9809523809523809
socio_n2,73092,usual,201.6952541636258,1.0
socio_n2,73092,ours: Gaussian,201.6952541636258,1.0
socio_n2,73092,ours: symmetric unimodal,201.6952541636258,1.0
socio_n2,73092,ours: mean-zero log-concave,201.6952541636258,1.0
socio_n2,73092,"no shape, median-zero",321.2072738792806,1.0
socio_n2,73092,fay_herriot (plug-in D),177.61441363651213,0.9904761904761905
socio_n2,73092,latentcp (plug-in D),245.2353761222637,1.0
socio_n2,73092,shape_free (plug-in D),287.5084323282693,1.0
socio_n2,73093,usual,190.0901788366408,1.0
socio_n2,73093,ours: Gaussian,190.0901788366408,1.0
socio_n2,73093,ours: symmetric unimodal,190.0901788366408,1.0
socio_n2,73093,ours: mean-zero log-concave,190.0901788366408,1.0
socio_n2,73093,"no shape, median-zero",233.28627685234255,1.0
socio_n2,73093,fay_herriot (plug-in D),133.66382272799262,0.9619047619047619
socio_n2,73093,latentcp (plug-in D),191.09134133425314,1.0
socio_n2,73093,shape_free (plug-in D),200.28221271988838,1.0
socio_n2,73118,usual,185.64878303368846,0.9904761904761905
socio_n2,73118,ours: Gaussian,185.64878303368846,0.9904761904761905
socio_n2,73118,ours: symmetric unimodal,185.64878303368846,0.9904761904761905
socio_n2,73118,ours: mean-zero log-concave,185.64878303368846,0.9904761904761905
socio_n2,73118,"no shape, median-zero",275.2053118222383,1.0
socio_n2,73118,fay_herriot (plug-in D),162.77972717153898,0.9904761904761905
socio_n2,73118,latentcp (plug-in D),208.26865199548322,0.9904761904761905
socio_n2,73118,shape_free (plug-in D),255.17295180157717,1.0
socio_n2,73119,usual,173.21772558737393,0.9619047619047619
socio_n2,73119,ours: Gaussian,173.21772558737393,0.9619047619047619
socio_n2,73119,ours: symmetric unimodal,173.21772558737393,0.9619047619047619
socio_n2,73119,ours: mean-zero log-concave,173.21772558737393,0.9619047619047619
socio_n2,73119,"no shape, median-zero",220.5272458724246,0.9904761904761905
socio_n2,73119,fay_herriot (plug-in D),137.79410778138137,0.9333333333333333
socio_n2,73119,latentcp (plug-in D),175.5254218382222,0.9619047619047619
socio_n2,73119,shape_free (plug-in D),191.85069046577797,0.9809523809523809
socio_n2,73044,usual,149.81035971202948,0.9809523809523809
socio_n2,73044,ours: Gaussian,149.81035971202948,0.9809523809523809
socio_n2,73044,ours: symmetric unimodal,149.81035971202948,0.9809523809523809
socio_n2,73044,ours: mean-zero log-concave,149.81035971202948,0.9809523809523809
socio_n2,73044,"no shape, median-zero",237.62576268083183,1.0
socio_n2,73044,fay_herriot (plug-in D),127.51685280947157,0.9047619047619048
socio_n2,73044,latentcp (plug-in D),156.66938040003114,0.9887619047619048
socio_n2,73044,shape_free (plug-in D),170.1544940334966,0.9904761904761905
socio_n2,73045,usual,184.61002546474583,1.0
socio_n2,73045,ours: Gaussian,184.61002546474583,1.0
socio_n2,73045,ours: symmetric unimodal,184.61002546474583,1.0
socio_n2,73045,ours: mean-zero log-concave,184.61002546474583,1.0
socio_n2,73045,"no shape, median-zero",221.63458559749233,1.0
socio_n2,73045,fay_herriot (plug-in D),144.27909265817348,0.9809523809523809
socio_n2,73045,latentcp (plug-in D),204.3688161226629,1.0
socio_n2,73045,shape_free (plug-in D),215.27483679777043,1.0
socio_n2,73108,usual,152.1362024120392,0.9809523809523809
socio_n2,73108,ours: Gaussian,152.1362024120392,0.9809523809523809
socio_n2,73108,ours: symmetric unimodal,152.1362024120392,0.9809523809523809
socio_n2,73108,ours: mean-zero log-concave,152.1362024120392,0.9809523809523809
socio_n2,73108,"no shape, median-zero",189.41230048557122,0.9904761904761905
socio_n2,73108,fay_herriot (plug-in D),118.3873271916413,0.9523809523809523
socio_n2,73108,latentcp (plug-in D),157.8477553738022,0.9895714285714285
socio_n2,73108,shape_free (plug-in D),164.8321038915687,0.9904761904761905
socio_n2,73109,usual,147.21932002785684,0.9809523809523809
socio_n2,73109,ours: Gaussian,147.21932002785684,0.9809523809523809
socio_n2,73109,ours: symmetric unimodal,147.21932002785684,0.9809523809523809
socio_n2,73109,ours: mean-zero log-concave,147.21932002785684,0.9809523809523809
socio_n2,73109,"no shape, median-zero",175.1984742837493,1.0
socio_n2,73109,fay_herriot (plug-in D),125.5760023547418,0.9333333333333333
socio_n2,73109,latentcp (plug-in D),150.54435030338715,0.9886190476190475
socio_n2,73109,shape_free (plug-in D),160.1498903994937,0.9904761904761905
socio_n2,73088,usual,187.0640920752038,1.0
socio_n2,73088,ours: Gaussian,187.0640920752038,1.0
socio_n2,73088,ours: symmetric unimodal,187.0640920752038,1.0
socio_n2,73088,ours: mean-zero log-concave,187.0640920752038,1.0
socio_n2,73088,"no shape, median-zero",223.37941317369211,1.0
socio_n2,73088,fay_herriot (plug-in D),137.59298913566093,0.9714285714285714
socio_n2,73088,latentcp (plug-in D),187.63148178843986,1.0
socio_n2,73088,shape_free (plug-in D),192.97264409952928,1.0
socio_n2,73089,usual,168.27713875212783,0.9809523809523809
socio_n2,73089,ours: Gaussian,168.27713875212783,0.9809523809523809
socio_n2,73089,ours: symmetric unimodal,168.27713875212783,0.9809523809523809
socio_n2,73089,ours: mean-zero log-concave,168.27713875212783,0.9809523809523809
socio_n2,73089,"no shape, median-zero",195.4255190550207,0.9904761904761905
socio_n2,73089,fay_herriot (plug-in D),137.79189660254767,0.9619047619047619
socio_n2,73089,latentcp (plug-in D),177.72262392661534,0.9809523809523809
socio_n2,73089,shape_free (plug-in D),187.71758498570475,0.9904761904761905
socio_n2,73052,usual,185.40324889407339,0.9904761904761905
socio_n2,73052,ours: Gaussian,185.40324889407339,0.9904761904761905
socio_n2,73052,ours: symmetric unimodal,185.40324889407339,0.9904761904761905
socio_n2,73052,ours: mean-zero log-concave,185.40324889407339,0.9904761904761905
socio_n2,73052,"no shape, median-zero",218.02172995055935,1.0
socio_n2,73052,fay_herriot (plug-in D),139.43517247811215,0.9809523809523809
socio_n2,73052,latentcp (plug-in D),194.86127485704984,0.9904761904761905
socio_n2,73052,shape_free (plug-in D),200.4862415824453,1.0
socio_n2,73053,usual,186.2526246705021,0.9809523809523809
socio_n2,73053,ours: Gaussian,186.2526246705021,0.9809523809523809
socio_n2,73053,ours: symmetric unimodal,186.2526246705021,0.9809523809523809
socio_n2,73053,ours: mean-zero log-concave,186.2526246705021,0.9809523809523809
socio_n2,73053,"no shape, median-zero",226.58166042714402,0.9904761904761905
socio_n2,73053,fay_herriot (plug-in D),151.00035115899465,0.9714285714285714
socio_n2,73053,latentcp (plug-in D),183.22942715877176,0.9613333333333333
socio_n2,73053,shape_free (plug-in D),199.4270432222845,0.9904761904761905
socio_n2,73016,usual,198.16918318585454,0.9904761904761905
socio_n2,73016,ours: Gaussian,198.16918318585454,0.9904761904761905
socio_n2,73016,ours: symmetric unimodal,198.16918318585454,0.9904761904761905
socio_n2,73016,ours: mean-zero log-concave,198.16918318585454,0.9904761904761905
socio_n2,73016,"no shape, median-zero",253.5591447567474,1.0
socio_n2,73016,fay_herriot (plug-in D),146.8193806334424,0.9428571428571428
socio_n2,73016,latentcp (plug-in D),198.74970520525167,0.9903809523809524
socio_n2,73016,shape_free (plug-in D),228.24181801229196,1.0
socio_n2,73017,usual,181.095074298908,0.9809523809523809
socio_n2,73017,ours: Gaussian,181.095074298908,0.9809523809523809
socio_n2,73017,ours: symmetric unimodal,181.095074298908,0.9809523809523809
socio_n2,73017,ours: mean-zero log-concave,181.095074298908,0.9809523809523809
socio_n2,73017,"no shape, median-zero",250.34497294123594,1.0
socio_n2,73017,fay_herriot (plug-in D),141.9193355372206,0.9523809523809523
socio_n2,73017,latentcp (plug-in D),190.2192606769805,0.9904761904761905
socio_n2,73017,shape_free (plug-in D),202.89224760055623,1.0
socio_n2,73098,usual,137.76820076785873,0.9333333333333333
socio_n2,73098,ours: Gaussian,137.76820076785873,0.9333333333333333
socio_n2,73098,ours: symmetric unimodal,137.76820076785873,0.9333333333333333
socio_n2,73098,ours: mean-zero log-concave,137.76820076785873,0.9333333333333333
socio_n2,73098,"no shape, median-zero",181.31706082752487,0.9809523809523809
socio_n2,73098,fay_herriot (plug-in D),126.75546878835682,0.8857142857142857
socio_n2,73098,latentcp (plug-in D),150.6240664073673,0.952095238095238
socio_n2,73098,shape_free (plug-in D),170.04891635293694,0.9809523809523809
socio_n2,73099,usual,164.29836570319173,1.0
socio_n2,73099,ours: Gaussian,164.29836570319173,1.0
socio_n2,73099,ours: symmetric unimodal,164.29836570319173,1.0
socio_n2,73099,ours: mean-zero log-concave,164.29836570319173,1.0
socio_n2,73099,"no shape, median-zero",202.6871689440428,1.0
socio_n2,73099,fay_herriot (plug-in D),150.44246879336092,1.0
socio_n2,73099,latentcp (plug-in D),167.10898824641853,1.0
socio_n2,73099,shape_free (plug-in D),189.65409720914417,1.0
socio_n2,73104,usual,162.36242048563395,1.0
socio_n2,73104,ours: Gaussian,162.36242048563395,1.0
socio_n2,73104,ours: symmetric unimodal,162.36242048563395,1.0
socio_n2,73104,ours: mean-zero log-concave,162.36242048563395,1.0
socio_n2,73104,"no shape, median-zero",246.62140269622034,1.0
socio_n2,73104,fay_herriot (plug-in D),156.48461113076047,0.9714285714285714
socio_n2,73104,latentcp (plug-in D),158.81338392061068,0.9732857142857142
socio_n2,73104,shape_free (plug-in D),221.6236328930952,1.0
socio_n2,73105,usual,195.34694116255832,1.0
socio_n2,73105,ours: Gaussian,195.34694116255832,1.0
socio_n2,73105,ours: symmetric unimodal,195.34694116255832,1.0
socio_n2,73105,ours: mean-zero log-concave,195.34694116255832,1.0
socio_n2,73105,"no shape, median-zero",248.40826025110096,1.0
socio_n2,73105,fay_herriot (plug-in D),152.05962252211324,0.9904761904761905
socio_n2,73105,latentcp (plug-in D),197.32388374416936,1.0
socio_n2,73105,shape_free (plug-in D),211.72171995601096,1.0
socio_n2,73042,usual,162.01219938799773,1.0
socio_n2,73042,ours: Gaussian,162.01219938799773,1.0
socio_n2,73042,ours: symmetric unimodal,162.01219938799773,1.0
socio_n2,73042,ours: mean-zero log-concave,162.01219938799773,1.0
socio_n2,73042,"no shape, median-zero",202.3797179315834,1.0
socio_n2,73042,fay_herriot (plug-in D),133.61509342211997,0.9904761904761905
socio_n2,73042,latentcp (plug-in D),167.9843426017392,1.0
socio_n2,73042,shape_free (plug-in D),188.887015876363,1.0
socio_n2,73043,usual,177.54845734976197,0.9809523809523809
socio_n2,73043,ours: Gaussian,177.54845734976197,0.9809523809523809
socio_n2,73043,ours: symmetric unimodal,177.54845734976197,0.9809523809523809
socio_n2,73043,ours: mean-zero log-concave,177.54845734976197,0.9809523809523809
socio_n2,73043,"no shape, median-zero",226.29230887868744,1.0
socio_n2,73043,fay_herriot (plug-in D),132.5286461546275,0.9619047619047619
socio_n2,73043,latentcp (plug-in D),184.11370220434685,0.9904761904761905
socio_n2,73043,shape_free (plug-in D),189.43481368251344,0.9904761904761905
socio_n2,73110,usual,207.23673907977934,0.9904761904761905
socio_n2,73110,ours: Gaussian,207.23673907977934,0.9904761904761905
socio_n2,73110,ours: symmetric unimodal,207.23673907977934,0.9904761904761905
socio_n2,73110,ours: mean-zero log-concave,207.23673907977934,0.9904761904761905
socio_n2,73110,"no shape, median-zero",276.4472328027066,1.0
socio_n2,73110,fay_herriot (plug-in D),158.82818583513813,0.9809523809523809
socio_n2,73110,latentcp (plug-in D),240.81366579183123,1.0
socio_n2,73110,shape_free (plug-in D),263.3500807632505,1.0
socio_n2,73111,usual,147.2400680892614,0.9619047619047619
socio_n2,73111,ours: Gaussian,147.2400680892614,0.9619047619047619
socio_n2,73111,ours: symmetric unimodal,147.2400680892614,0.9619047619047619
socio_n2,73111,ours: mean-zero log-concave,147.2400680892614,0.9619047619047619
socio_n2,73111,"no shape, median-zero",220.45555798332714,1.0
socio_n2,73111,fay_herriot (plug-in D),131.36189051573768,0.9428571428571428
socio_n2,73111,latentcp (plug-in D),156.99457352274803,0.9803809523809522
socio_n2,73111,shape_free (plug-in D),162.23760400492597,0.9904761904761905
socio_n2,73094,usual,178.35310978560807,0.9904761904761905
socio_n2,73094,ours: Gaussian,178.35310978560807,0.9904761904761905
socio_n2,73094,ours: symmetric unimodal,178.35310978560807,0.9904761904761905
socio_n2,73094,ours: mean-zero log-concave,178.35310978560807,0.9904761904761905
socio_n2,73094,"no shape, median-zero",221.29355185843576,1.0
socio_n2,73094,fay_herriot (plug-in D),146.0544072654699,0.9523809523809523
socio_n2,73094,latentcp (plug-in D),185.53692037444546,0.9996190476190476
socio_n2,73094,shape_free (plug-in D),193.70559756511582,1.0
socio_n2,73095,usual,165.46815045508447,1.0
socio_n2,73095,ours: Gaussian,165.46815045508447,1.0
socio_n2,73095,ours: symmetric unimodal,165.46815045508447,1.0
socio_n2,73095,ours: mean-zero log-concave,165.46815045508447,1.0
socio_n2,73095,"no shape, median-zero",247.35535429527272,1.0
socio_n2,73095,fay_herriot (plug-in D),128.57607210648305,0.9523809523809523
socio_n2,73095,latentcp (plug-in D),167.37023186607928,0.9949523809523809
socio_n2,73095,shape_free (plug-in D),196.45697555424337,1.0
socio_n2,73100,usual,159.08093480348202,0.9714285714285714
socio_n2,73100,ours: Gaussian,159.08093480348202,0.9714285714285714
socio_n2,73100,ours: symmetric unimodal,159.08093480348202,0.9714285714285714
socio_n2,73100,ours: mean-zero log-concave,159.08093480348202,0.9714285714285714
socio_n2,73100,"no shape, median-zero",244.5655917840803,1.0
socio_n2,73100,fay_herriot (plug-in D),135.8483555345444,0.9047619047619048
socio_n2,73100,latentcp (plug-in D),176.50348129647224,0.9662380952380951
socio_n2,73100,shape_free (plug-in D),193.19356533587322,0.9809523809523809
socio_n2,73101,usual,150.65847305585078,0.9619047619047619
socio_n2,73101,ours: Gaussian,150.65847305585078,0.9619047619047619
socio_n2,73101,ours: symmetric unimodal,150.65847305585078,0.9619047619047619
socio_n2,73101,ours: mean-zero log-concave,150.65847305585078,0.9619047619047619
socio_n2,73101,"no shape, median-zero",199.0732376613887,1.0
socio_n2,73101,fay_herriot (plug-in D),140.05492662207706,0.9523809523809523
socio_n2,73101,latentcp (plug-in D),151.15418761318327,0.9606666666666667
socio_n2,73101,shape_free (plug-in D),187.22412971967793,1.0
socio_n2,73116,usual,154.5472378750784,0.9904761904761905
socio_n2,73116,ours: Gaussian,154.5472378750784,0.9904761904761905
socio_n2,73116,ours: symmetric unimodal,154.5472378750784,0.9904761904761905
socio_n2,73116,ours: mean-zero log-concave,154.5472378750784,0.9904761904761905
socio_n2,73116,"no shape, median-zero",169.7803472185076,0.9904761904761905
socio_n2,73116,fay_herriot (plug-in D),136.24769884679057,0.9714285714285714
socio_n2,73116,latentcp (plug-in D),158.71025928403523,0.9904761904761905
socio_n2,73116,shape_free (plug-in D),163.25160664239564,0.9904761904761905
socio_n2,73117,usual,174.62299251350095,0.9809523809523809
socio_n2,73117,ours: Gaussian,174.62299251350095,0.9809523809523809
socio_n2,73117,ours: symmetric unimodal,174.62299251350095,0.9809523809523809
socio_n2,73117,ours: mean-zero log-concave,174.62299251350095,0.9809523809523809
socio_n2,73117,"no shape, median-zero",199.87494412832882,1.0
socio_n2,73117,fay_herriot (plug-in D),150.7674657172011,0.9619047619047619
socio_n2,73117,latentcp (plug-in D),178.84349839277525,0.9809523809523809
socio_n2,73117,shape_free (plug-in D),186.4926371536519,1.0
socio_n2,73076,usual,179.6246402490085,1.0
socio_n2,73076,ours: Gaussian,179.6246402490085,1.0
socio_n2,73076,ours: symmetric unimodal,179.6246402490085,1.0
socio_n2,73076,ours: mean-zero log-concave,179.6246402490085,1.0
socio_n2,73076,"no shape, median-zero",232.7471118319478,1.0
socio_n2,73076,fay_herriot (plug-in D),132.09426810069272,0.9809523809523809
socio_n2,73076,latentcp (plug-in D),180.10028856764131,1.0
socio_n2,73076,shape_free (plug-in D),194.72633077246454,1.0
socio_n2,73077,usual,146.06729917135988,0.9523809523809523
socio_n2,73077,ours: Gaussian,146.06729917135988,0.9523809523809523
socio_n2,73077,ours: symmetric unimodal,146.06729917135988,0.9523809523809523
socio_n2,73077,ours: mean-zero log-concave,146.06729917135988,0.9523809523809523
socio_n2,73077,"no shape, median-zero",222.11072178034783,1.0
socio_n2,73077,fay_herriot (plug-in D),123.29757361094148,0.9047619047619048
socio_n2,73077,latentcp (plug-in D),149.23863393109082,0.9523809523809524
socio_n2,73077,shape_free (plug-in D),153.48439396403043,0.9619047619047619
socio_n2,73072,usual,175.002597955307,0.9809523809523809
socio_n2,73072,ours: Gaussian,175.002597955307,0.9809523809523809
socio_n2,73072,ours: symmetric unimodal,175.002597955307,0.9809523809523809
socio_n2,73072,ours: mean-zero log-concave,175.002597955307,0.9809523809523809
socio_n2,73072,"no shape, median-zero",199.0131666440077,1.0
socio_n2,73072,fay_herriot (plug-in D),146.1865849998864,0.9619047619047619
socio_n2,73072,latentcp (plug-in D),178.80143255529256,0.9902380952380951
socio_n2,73072,shape_free (plug-in D),193.95663737416132,1.0
socio_n2,73073,usual,147.10683851484316,0.9619047619047619
socio_n2,73073,ours: Gaussian,147.10683851484316,0.9619047619047619
socio_n2,73073,ours: symmetric unimodal,147.10683851484316,0.9619047619047619
socio_n2,73073,ours: mean-zero log-concave,147.10683851484316,0.9619047619047619
socio_n2,73073,"no shape, median-zero",181.0670483650747,0.9904761904761905
socio_n2,73073,fay_herriot (plug-in D),129.07741269250778,0.9238095238095239
socio_n2,73073,latentcp (plug-in D),147.70659325201322,0.9616190476190476
socio_n2,73073,shape_free (plug-in D),166.3181168371247,0.9809523809523809
socio_n2,73032,usual,168.1317076458538,0.9619047619047619
socio_n2,73032,ours: Gaussian,168.1317076458538,0.9619047619047619
socio_n2,73032,ours: symmetric unimodal,168.1317076458538,0.9619047619047619
socio_n2,73032,ours: mean-zero log-concave,168.1317076458538,0.9619047619047619
socio_n2,73032,"no shape, median-zero",216.10970358952864,0.9809523809523809
socio_n2,73032,fay_herriot (plug-in D),145.40522199996323,0.9523809523809523
socio_n2,73032,latentcp (plug-in D),192.03538912264446,0.9714285714285714
socio_n2,73032,shape_free (plug-in D),200.72904307717167,0.9714285714285714
socio_n2,73033,usual,145.03725423244657,0.9523809523809523
socio_n2,73033,ours: Gaussian,145.03725423244657,0.9523809523809523
socio_n2,73033,ours: symmetric unimodal,145.03725423244657,0.9523809523809523
socio_n2,73033,ours: mean-zero log-concave,145.03725423244657,0.9523809523809523
socio_n2,73033,"no shape, median-zero",185.45931393648732,0.9904761904761905
socio_n2,73033,fay_herriot (plug-in D),128.82533124431276,0.9523809523809523
socio_n2,73033,latentcp (plug-in D),145.77911240391552,0.9609523809523809
socio_n2,73033,shape_free (plug-in D),167.81867202446136,0.9809523809523809
socio_n2,73078,usual,169.12957231779967,0.9904761904761905
socio_n2,73078,ours: Gaussian,169.12957231779967,0.9904761904761905
socio_n2,73078,ours: symmetric unimodal,169.12957231779967,0.9904761904761905
socio_n2,73078,ours: mean-zero log-concave,169.12957231779967,0.9904761904761905
socio_n2,73078,"no shape, median-zero",208.5442795134046,0.9904761904761905
socio_n2,73078,fay_herriot (plug-in D),143.5026809712184,0.9523809523809523
socio_n2,73078,latentcp (plug-in D),172.2141872641194,0.9902380952380951
socio_n2,73078,shape_free (plug-in D),173.3462734617621,0.9904761904761905
socio_n2,73079,usual,183.1496814774855,0.9809523809523809
socio_n2,73079,ours: Gaussian,183.1496814774855,0.9809523809523809
socio_n2,73079,ours: symmetric unimodal,183.1496814774855,0.9809523809523809
socio_n2,73079,ours: mean-zero log-concave,183.1496814774855,0.9809523809523809
socio_n2,73079,"no shape, median-zero",254.17966875476395,1.0
socio_n2,73079,fay_herriot (plug-in D),150.81633637579205,0.9714285714285714
socio_n2,73079,latentcp (plug-in D),184.62272622204569,0.9806666666666666
socio_n2,73079,shape_free (plug-in D),191.65560696277302,0.9904761904761905
