K,q,latent,design,rule,rank,level,guaranteed,reliability,se_reliability,mean_coverage,rel_width,reps
110,0.8,Laplace,Gaussian,Gaussian,96.0,0.8044105932256035,True,1.0,0.0,0.9221725970376626,1.6089043312456557,2000
110,0.8,Laplace,Gaussian,"no shape, log-concave",107.0,0.9264241117657115,True,1.0,0.0,0.9806638386271394,2.5326534025803977,2000
110,0.8,Laplace,Gaussian,"no shape, median-zero",105.0,0.9,True,1.0,0.0,0.9707546779836652,2.2505742157650293,2000
110,0.8,Laplace,Gaussian,symmetric unimodal,96.0,0.8077245237682901,True,1.0,0.0,0.9221725970376626,1.6089043312456557,2000
110,0.8,Laplace,Gaussian,usual,96.0,0.8,False,1.0,0.0,0.9221725970376626,1.6089043312456557,2000
110,0.8,Laplace,Laplace,Gaussian,96.0,0.8044105932256035,False,1.0,0.0,0.9205705573912646,1.5979282123552194,2000
110,0.8,Laplace,Laplace,"no shape, log-concave",107.0,0.9264241117657115,True,1.0,0.0,0.9819786362342738,2.5944017627432663,2000
110,0.8,Laplace,Laplace,"no shape, median-zero",105.0,0.9,True,1.0,0.0,0.9715780083037188,2.276692780689361,2000
110,0.8,Laplace,Laplace,symmetric unimodal,96.0,0.8077245237682901,True,1.0,0.0,0.9205705573912646,1.5979282123552194,2000
110,0.8,Laplace,Laplace,usual,96.0,0.8,False,1.0,0.0,0.9205705573912646,1.5979282123552194,2000
110,0.8,Laplace,centred exp,Gaussian,96.0,0.8044105932256035,False,1.0,0.0,0.9165923245554575,1.566162321717452,2000
110,0.8,Laplace,centred exp,"no shape, log-concave",107.0,0.9264241117657115,True,1.0,0.0,0.9819732297791856,2.6054447405072505,2000
110,0.8,Laplace,centred exp,"no shape, median-zero",105.0,0.9,False,1.0,0.0,0.9707948379862809,2.264410473488887,2000
110,0.8,Laplace,centred exp,symmetric unimodal,96.0,0.8077245237682901,False,1.0,0.0,0.9165923245554575,1.566162321717452,2000
110,0.8,Laplace,centred exp,usual,96.0,0.8,False,1.0,0.0,0.9165923245554575,1.566162321717452,2000
110,0.8,Laplace,mixed across classes,Gaussian,96.0,0.8044105932256035,False,1.0,0.0,0.91937182081938,1.587214068493485,2000
110,0.8,Laplace,mixed across classes,"no shape, log-concave",107.0,0.9264241117657115,False,1.0,0.0,0.9814213410869691,2.571369752293652,2000
110,0.8,Laplace,mixed across classes,"no shape, median-zero",105.0,0.9,False,1.0,0.0,0.9709608585232827,2.26112509702578,2000
110,0.8,Laplace,mixed across classes,symmetric unimodal,96.0,0.8077245237682901,False,1.0,0.0,0.91937182081938,1.587214068493485,2000
110,0.8,Laplace,mixed across classes,usual,96.0,0.8,False,1.0,0.0,0.91937182081938,1.587214068493485,2000
110,0.8,Laplace,mixed log-concave,Gaussian,96.0,0.8044105932256035,False,1.0,0.0,0.920884147572577,1.5997590420634917,2000
110,0.8,Laplace,mixed log-concave,"no shape, log-concave",107.0,0.9264241117657115,True,1.0,0.0,0.9818004411850897,2.5828393487727683,2000
110,0.8,Laplace,mixed log-concave,"no shape, median-zero",105.0,0.9,False,1.0,0.0,0.9713768834883391,2.268279686432037,2000
110,0.8,Laplace,mixed log-concave,symmetric unimodal,96.0,0.8077245237682901,False,1.0,0.0,0.920884147572577,1.5997590420634917,2000
110,0.8,Laplace,mixed log-concave,usual,96.0,0.8,False,1.0,0.0,0.920884147572577,1.5997590420634917,2000
110,0.8,Laplace,mixed symmetric unimodal,Gaussian,96.0,0.8044105932256035,False,1.0,0.0,0.9189731742685402,1.5845648097533866,2000
110,0.8,Laplace,mixed symmetric unimodal,"no shape, log-concave",107.0,0.9264241117657115,False,1.0,0.0,0.9808298468506141,2.554861485610563,2000
110,0.8,Laplace,mixed symmetric unimodal,"no shape, median-zero",105.0,0.9,True,1.0,0.0,0.9701703578225815,2.244631924602385,2000
110,0.8,Laplace,mixed symmetric unimodal,symmetric unimodal,96.0,0.8077245237682901,True,1.0,0.0,0.9189731742685402,1.5845648097533866,2000
110,0.8,Laplace,mixed symmetric unimodal,usual,96.0,0.8,False,1.0,0.0,0.9189731742685402,1.5845648097533866,2000
110,0.8,Laplace,t3,Gaussian,96.0,0.8044105932256035,False,1.0,0.0,0.9117619395002682,1.5322084424535205,2000
110,0.8,Laplace,t3,"no shape, log-concave",107.0,0.9264241117657115,False,1.0,0.0,0.9806163668001101,2.5628324713359696,2000
110,0.8,Laplace,t3,"no shape, median-zero",105.0,0.9,True,1.0,0.0,0.9688086959855456,2.224648313552487,2000
110,0.8,Laplace,t3,symmetric unimodal,96.0,0.8077245237682901,True,1.0,0.0,0.9117619395002682,1.5322084424535205,2000
110,0.8,Laplace,t3,usual,96.0,0.8,False,1.0,0.0,0.9117619395002682,1.5322084424535205,2000
110,0.8,Laplace,uniform,Gaussian,96.0,0.8044105932256035,False,1.0,0.0,0.9219869667206306,1.6050963291298468,2000
110,0.8,Laplace,uniform,"no shape, log-concave",107.0,0.9264241117657115,True,1.0,0.0,0.9797724772688002,2.5008908117658795,2000
110,0.8,Laplace,uniform,"no shape, median-zero",105.0,0.9,True,1.0,0.0,0.9694759978028284,2.2172566574842145,2000
110,0.8,Laplace,uniform,symmetric unimodal,96.0,0.8077245237682901,True,1.0,0.0,0.9219869667206306,1.6050963291298468,2000
110,0.8,Laplace,uniform,usual,96.0,0.8,False,1.0,0.0,0.9219869667206306,1.6050963291298468,2000
110,0.8,bimodal,Gaussian,Gaussian,96.0,0.8044105932256035,True,1.0,0.0,0.9520506940650996,1.4296014892655406,2000
110,0.8,bimodal,Gaussian,"no shape, log-concave",107.0,0.9264241117657115,True,1.0,0.0,0.9965171813963398,2.019069480692003,2000
110,0.8,bimodal,Gaussian,"no shape, median-zero",105.0,0.9,True,1.0,0.0,0.992133694054116,1.8445725985501813,2000
110,0.8,bimodal,Gaussian,symmetric unimodal,96.0,0.8077245237682901,True,1.0,0.0,0.9520506940650996,1.4296014892655406,2000
110,0.8,bimodal,Gaussian,usual,96.0,0.8,False,1.0,0.0,0.9520506940650996,1.4296014892655406,2000
110,0.8,bimodal,Laplace,Gaussian,96.0,0.8044105932256035,False,1.0,0.0,0.9445511190819811,1.393799802256508,2000
110,0.8,bimodal,Laplace,"no shape, log-concave",107.0,0.9264241117657115,True,1.0,0.0,0.9963437721292766,2.0350363222547383,2000
110,0.8,bimodal,Laplace,"no shape, median-zero",105.0,0.9,True,1.0,0.0,0.9910398693926746,1.8277217501696819,2000
110,0.8,bimodal,Laplace,symmetric unimodal,96.0,0.8077245237682901,True,1.0,0.0,0.9445511190819811,1.393799802256508,2000
110,0.8,bimodal,Laplace,usual,96.0,0.8,False,1.0,0.0,0.9445511190819811,1.393799802256508,2000
110,0.8,bimodal,centred exp,Gaussian,96.0,0.8044105932256035,False,0.9995,0.000499874984371065,0.9449824140059092,1.3959807346628113,2000
110,0.8,bimodal,centred exp,"no shape, log-concave",107.0,0.9264241117657115,True,1.0,0.0,0.9961331882014844,2.026508569924699,2000
110,0.8,bimodal,centred exp,"no shape, median-zero",105.0,0.9,False,1.0,0.0,0.9906098330283561,1.8157075983577757,2000
110,0.8,bimodal,centred exp,symmetric unimodal,96.0,0.8077245237682901,False,0.9995,0.000499874984371065,0.9449824140059092,1.3959807346628113,2000
110,0.8,bimodal,centred exp,usual,96.0,0.8,False,0.9995,0.000499874984371065,0.9449824140059092,1.3959807346628113,2000
110,0.8,bimodal,mixed across classes,Gaussian,96.0,0.8044105932256035,False,1.0,0.0,0.9455905898304987,1.398001583278691,2000
110,0.8,bimodal,mixed across classes,"no shape, log-concave",107.0,0.9264241117657115,False,1.0,0.0,0.9958681746956086,1.999864295361631,2000
110,0.8,bimodal,mixed across classes,"no shape, median-zero",105.0,0.9,False,1.0,0.0,0.9907450583294996,1.8149536287816004,2000
110,0.8,bimodal,mixed across classes,symmetric unimodal,96.0,0.8077245237682901,False,1.0,0.0,0.9455905898304987,1.398001583278691,2000
110,0.8,bimodal,mixed across classes,usual,96.0,0.8,False,1.0,0.0,0.9455905898304987,1.398001583278691,2000
110,0.8,bimodal,mixed log-concave,Gaussian,96.0,0.8044105932256035,False,0.9995,0.000499874984371065,0.9483853960881641,1.4117282161422073,2000
110,0.8,bimodal,mixed log-concave,"no shape, log-concave",107.0,0.9264241117657115,True,1.0,0.0,0.9962352313573712,2.0161670367576474,2000
110,0.8,bimodal,mixed log-concave,"no shape, median-zero",105.0,0.9,False,1.0,0.0,0.9913971713164805,1.8287073306717834,2000
110,0.8,bimodal,mixed log-concave,symmetric unimodal,96.0,0.8077245237682901,False,0.9995,0.000499874984371065,0.9483853960881641,1.4117282161422073,2000
110,0.8,bimodal,mixed log-concave,usual,96.0,0.8,False,0.9995,0.000499874984371065,0.9483853960881641,1.4117282161422073,2000
110,0.8,bimodal,mixed symmetric unimodal,Gaussian,96.0,0.8044105932256035,False,1.0,0.0,0.9461507816147271,1.4009151020979103,2000
110,0.8,bimodal,mixed symmetric unimodal,"no shape, log-concave",107.0,0.9264241117657115,False,1.0,0.0,0.995910130513498,1.9933859443514061,2000
110,0.8,bimodal,mixed symmetric unimodal,"no shape, median-zero",105.0,0.9,True,1.0,0.0,0.9907983385993844,1.8132298143745855,2000
110,0.8,bimodal,mixed symmetric unimodal,symmetric unimodal,96.0,0.8077245237682901,True,1.0,0.0,0.9461507816147271,1.4009151020979103,2000
110,0.8,bimodal,mixed symmetric unimodal,usual,96.0,0.8,False,1.0,0.0,0.9461507816147271,1.4009151020979103,2000
110,0.8,bimodal,t3,Gaussian,96.0,0.8044105932256035,False,0.9995,0.000499874984371065,0.9336212364722459,1.3460095478735834,2000
110,0.8,bimodal,t3,"no shape, log-concave",107.0,0.9264241117657115,False,1.0,0.0,0.9944108783196451,1.953219278108577,2000
110,0.8,bimodal,t3,"no shape, median-zero",105.0,0.9,True,1.0,0.0,0.9873299739472493,1.7527924702936875,2000
110,0.8,bimodal,t3,symmetric unimodal,96.0,0.8077245237682901,True,0.9995,0.000499874984371065,0.9336212364722459,1.3460095478735834,2000
110,0.8,bimodal,t3,usual,96.0,0.8,False,0.9995,0.000499874984371065,0.9336212364722459,1.3460095478735834,2000
110,0.8,bimodal,uniform,Gaussian,96.0,0.8044105932256035,False,1.0,0.0,0.9558772252489866,1.4492492473399416,2000
110,0.8,bimodal,uniform,"no shape, log-concave",107.0,0.9264241117657115,True,1.0,0.0,0.9964164003362571,1.986771109724483,2000
110,0.8,bimodal,uniform,"no shape, median-zero",105.0,0.9,True,1.0,0.0,0.9921523512373978,1.8306887832237053,2000
110,0.8,bimodal,uniform,symmetric unimodal,96.0,0.8077245237682901,True,1.0,0.0,0.9558772252489866,1.4492492473399416,2000
110,0.8,bimodal,uniform,usual,96.0,0.8,False,1.0,0.0,0.9558772252489866,1.4492492473399416,2000
110,0.8,centred gamma,Gaussian,Gaussian,96.0,0.8044105932256035,True,1.0,0.0,0.9396879059055828,1.621459957855233,2000
110,0.8,centred gamma,Gaussian,"no shape, log-concave",107.0,0.9264241117657115,True,1.0,0.0,0.9810848036170414,2.566577732432609,2000
110,0.8,centred gamma,Gaussian,"no shape, median-zero",105.0,0.9,True,1.0,0.0,0.9724139844158786,2.2538030186494424,2000
110,0.8,centred gamma,Gaussian,symmetric unimodal,96.0,0.8077245237682901,True,1.0,0.0,0.9396879059055828,1.621459957855233,2000
110,0.8,centred gamma,Gaussian,usual,96.0,0.8,False,1.0,0.0,0.9396879059055828,1.621459957855233,2000
110,0.8,centred gamma,Laplace,Gaussian,96.0,0.8044105932256035,False,1.0,0.0,0.9369683764560613,1.5908581392874166,2000
110,0.8,centred gamma,Laplace,"no shape, log-concave",107.0,0.9264241117657115,True,1.0,0.0,0.9821892021316683,2.62712937262126,2000
110,0.8,centred gamma,Laplace,"no shape, median-zero",105.0,0.9,True,1.0,0.0,0.973309891836618,2.2894866906961013,2000
110,0.8,centred gamma,Laplace,symmetric unimodal,96.0,0.8077245237682901,True,1.0,0.0,0.9369683764560613,1.5908581392874166,2000
110,0.8,centred gamma,Laplace,usual,96.0,0.8,False,1.0,0.0,0.9369683764560613,1.5908581392874166,2000
110,0.8,centred gamma,centred exp,Gaussian,96.0,0.8044105932256035,False,1.0,0.0,0.9316418911034916,1.519419076161129,2000
110,0.8,centred gamma,centred exp,"no shape, log-concave",107.0,0.9264241117657115,True,1.0,0.0,0.9795587332264561,2.5551200735537822,2000
110,0.8,centred gamma,centred exp,"no shape, median-zero",105.0,0.9,False,1.0,0.0,0.968524832034066,2.178298692531719,2000
110,0.8,centred gamma,centred exp,symmetric unimodal,96.0,0.8077245237682901,False,1.0,0.0,0.9316418911034916,1.519419076161129,2000
110,0.8,centred gamma,centred exp,usual,96.0,0.8,False,1.0,0.0,0.9316418911034916,1.519419076161129,2000
110,0.8,centred gamma,mixed across classes,Gaussian,96.0,0.8044105932256035,False,1.0,0.0,0.9368208982681872,1.5846349057106603,2000
110,0.8,centred gamma,mixed across classes,"no shape, log-concave",107.0,0.9264241117657115,False,1.0,0.0,0.9811598866852856,2.5910784995702008,2000
110,0.8,centred gamma,mixed across classes,"no shape, median-zero",105.0,0.9,False,1.0,0.0,0.9719297216772451,2.2475535922610326,2000
110,0.8,centred gamma,mixed across classes,symmetric unimodal,96.0,0.8077245237682901,False,1.0,0.0,0.9368208982681872,1.5846349057106603,2000
110,0.8,centred gamma,mixed across classes,usual,96.0,0.8,False,1.0,0.0,0.9368208982681872,1.5846349057106603,2000
110,0.8,centred gamma,mixed log-concave,Gaussian,96.0,0.8044105932256035,False,1.0,0.0,0.9375719053588885,1.5945159604583579,2000
110,0.8,centred gamma,mixed log-concave,"no shape, log-concave",107.0,0.9264241117657115,True,1.0,0.0,0.981316190466305,2.5955874665876166,2000
110,0.8,centred gamma,mixed log-concave,"no shape, median-zero",105.0,0.9,False,1.0,0.0,0.972088689122307,2.253867201194071,2000
110,0.8,centred gamma,mixed log-concave,symmetric unimodal,96.0,0.8077245237682901,False,1.0,0.0,0.9375719053588885,1.5945159604583579,2000
110,0.8,centred gamma,mixed log-concave,usual,96.0,0.8,False,1.0,0.0,0.9375719053588885,1.5945159604583579,2000
110,0.8,centred gamma,mixed symmetric unimodal,Gaussian,96.0,0.8044105932256035,False,1.0,0.0,0.9371999957695596,1.59032609827944,2000
110,0.8,centred gamma,mixed symmetric unimodal,"no shape, log-concave",107.0,0.9264241117657115,False,1.0,0.0,0.9809779502652284,2.5762389705144004,2000
110,0.8,centred gamma,mixed symmetric unimodal,"no shape, median-zero",105.0,0.9,True,1.0,0.0,0.9718630456184214,2.2436051547808766,2000
110,0.8,centred gamma,mixed symmetric unimodal,symmetric unimodal,96.0,0.8077245237682901,True,1.0,0.0,0.9371999957695596,1.59032609827944,2000
110,0.8,centred gamma,mixed symmetric unimodal,usual,96.0,0.8,False,1.0,0.0,0.9371999957695596,1.59032609827944,2000
110,0.8,centred gamma,t3,Gaussian,96.0,0.8044105932256035,False,1.0,0.0,0.9305168738550389,1.5136310979562668,2000
110,0.8,centred gamma,t3,"no shape, log-concave",107.0,0.9264241117657115,False,1.0,0.0,0.980722370443633,2.587769259971629,2000
110,0.8,centred gamma,t3,"no shape, median-zero",105.0,0.9,True,1.0,0.0,0.9706003902439793,2.2219279514713564,2000
110,0.8,centred gamma,t3,symmetric unimodal,96.0,0.8077245237682901,True,1.0,0.0,0.9305168738550389,1.5136310979562668,2000
110,0.8,centred gamma,t3,usual,96.0,0.8,False,1.0,0.0,0.9305168738550389,1.5136310979562668,2000
110,0.8,centred gamma,uniform,Gaussian,96.0,0.8044105932256035,False,1.0,0.0,0.9410221198585224,1.6353316554972122,2000
110,0.8,centred gamma,uniform,"no shape, log-concave",107.0,0.9264241117657115,True,1.0,0.0,0.9792180961826502,2.488829285630117,2000
110,0.8,centred gamma,uniform,"no shape, median-zero",105.0,0.9,True,1.0,0.0,0.970757048645161,2.1999695455987576,2000
110,0.8,centred gamma,uniform,symmetric unimodal,96.0,0.8077245237682901,True,1.0,0.0,0.9410221198585224,1.6353316554972122,2000
110,0.8,centred gamma,uniform,usual,96.0,0.8,False,1.0,0.0,0.9410221198585224,1.6353316554972122,2000
110,0.8,normal,Gaussian,Gaussian,96.0,0.8044105932256035,True,1.0,0.0,0.9363546854331973,1.4647326342448632,2000
110,0.8,normal,Gaussian,"no shape, log-concave",107.0,0.9264241117657115,True,1.0,0.0,0.991335836866469,2.12031654967651,2000
110,0.8,normal,Gaussian,"no shape, median-zero",105.0,0.9,True,1.0,0.0,0.9839168817450402,1.9242752353275527,2000
110,0.8,normal,Gaussian,symmetric unimodal,96.0,0.8077245237682901,True,1.0,0.0,0.9363546854331973,1.4647326342448632,2000
110,0.8,normal,Gaussian,usual,96.0,0.8,False,1.0,0.0,0.9363546854331973,1.4647326342448632,2000
110,0.8,normal,Laplace,Gaussian,96.0,0.8044105932256035,False,1.0,0.0,0.930524842613076,1.4352756800971682,2000
110,0.8,normal,Laplace,"no shape, log-concave",107.0,0.9264241117657115,True,1.0,0.0,0.9913791517503721,2.1504206122618714,2000
110,0.8,normal,Laplace,"no shape, median-zero",105.0,0.9,True,1.0,0.0,0.9832451015174586,1.9269554944657366,2000
110,0.8,normal,Laplace,symmetric unimodal,96.0,0.8077245237682901,True,1.0,0.0,0.930524842613076,1.4352756800971682,2000
110,0.8,normal,Laplace,usual,96.0,0.8,False,1.0,0.0,0.930524842613076,1.4352756800971682,2000
110,0.8,normal,centred exp,Gaussian,96.0,0.8044105932256035,False,1.0,0.0,0.9282800164948012,1.4224565275400987,2000
110,0.8,normal,centred exp,"no shape, log-concave",107.0,0.9264241117657115,True,1.0,0.0,0.9907662324470718,2.131376545498919,2000
110,0.8,normal,centred exp,"no shape, median-zero",105.0,0.9,False,1.0,0.0,0.9821843601687464,1.9086907899362286,2000
110,0.8,normal,centred exp,symmetric unimodal,96.0,0.8077245237682901,False,1.0,0.0,0.9282800164948012,1.4224565275400987,2000
110,0.8,normal,centred exp,usual,96.0,0.8,False,1.0,0.0,0.9282800164948012,1.4224565275400987,2000
110,0.8,normal,mixed across classes,Gaussian,96.0,0.8044105932256035,False,1.0,0.0,0.9325786439550384,1.4454170792605596,2000
110,0.8,normal,mixed across classes,"no shape, log-concave",107.0,0.9264241117657115,False,1.0,0.0,0.9909565810486058,2.1234767878875274,2000
110,0.8,normal,mixed across classes,"no shape, median-zero",105.0,0.9,False,1.0,0.0,0.9827902239453415,1.913458834484009,2000
110,0.8,normal,mixed across classes,symmetric unimodal,96.0,0.8077245237682901,False,1.0,0.0,0.9325786439550384,1.4454170792605596,2000
110,0.8,normal,mixed across classes,usual,96.0,0.8,False,1.0,0.0,0.9325786439550384,1.4454170792605596,2000
110,0.8,normal,mixed log-concave,Gaussian,96.0,0.8044105932256035,False,1.0,0.0,0.9324809455888077,1.4440345464760904,2000
110,0.8,normal,mixed log-concave,"no shape, log-concave",107.0,0.9264241117657115,True,1.0,0.0,0.9907864580520839,2.1190568429490333,2000
110,0.8,normal,mixed log-concave,"no shape, median-zero",105.0,0.9,False,1.0,0.0,0.9828670344190631,1.914181383665826,2000
110,0.8,normal,mixed log-concave,symmetric unimodal,96.0,0.8077245237682901,False,1.0,0.0,0.9324809455888077,1.4440345464760904,2000
110,0.8,normal,mixed log-concave,usual,96.0,0.8,False,1.0,0.0,0.9324809455888077,1.4440345464760904,2000
110,0.8,normal,mixed symmetric unimodal,Gaussian,96.0,0.8044105932256035,False,1.0,0.0,0.9325208993728723,1.4443366110493527,2000
110,0.8,normal,mixed symmetric unimodal,"no shape, log-concave",107.0,0.9264241117657115,False,1.0,0.0,0.9907766752381103,2.1125445213608938,2000
110,0.8,normal,mixed symmetric unimodal,"no shape, median-zero",105.0,0.9,True,1.0,0.0,0.9831092063330313,1.9135034551551804,2000
110,0.8,normal,mixed symmetric unimodal,symmetric unimodal,96.0,0.8077245237682901,True,1.0,0.0,0.9325208993728723,1.4443366110493527,2000
110,0.8,normal,mixed symmetric unimodal,usual,96.0,0.8,False,1.0,0.0,0.9325208993728723,1.4443366110493527,2000
110,0.8,normal,t3,Gaussian,96.0,0.8044105932256035,False,1.0,0.0,0.9204122237767192,1.383992399357153,2000
110,0.8,normal,t3,"no shape, log-concave",107.0,0.9264241117657115,False,1.0,0.0,0.9889616437886436,2.0739350160119154,2000
110,0.8,normal,t3,"no shape, median-zero",105.0,0.9,True,1.0,0.0,0.9790880195432308,1.8533372028803539,2000
110,0.8,normal,t3,symmetric unimodal,96.0,0.8077245237682901,True,1.0,0.0,0.9204122237767192,1.383992399357153,2000
110,0.8,normal,t3,usual,96.0,0.8,False,1.0,0.0,0.9204122237767192,1.383992399357153,2000
110,0.8,normal,uniform,Gaussian,96.0,0.8044105932256035,False,1.0,0.0,0.9372612445907202,1.4704581173165265,2000
110,0.8,normal,uniform,"no shape, log-concave",107.0,0.9264241117657115,True,1.0,0.0,0.9905269920345858,2.0856787006267954,2000
110,0.8,normal,uniform,"no shape, median-zero",105.0,0.9,True,1.0,0.0,0.9831652121753268,1.9086882717471074,2000
110,0.8,normal,uniform,symmetric unimodal,96.0,0.8077245237682901,True,1.0,0.0,0.9372612445907202,1.4704581173165265,2000
110,0.8,normal,uniform,usual,96.0,0.8,False,1.0,0.0,0.9372612445907202,1.4704581173165265,2000
110,0.8,t3,Gaussian,Gaussian,96.0,0.8044105932256035,False,1.0,0.0,0.9354808694530893,1.775526400391522,2000
110,0.8,t3,Gaussian,"no shape, log-concave",107.0,0.9264241117657115,True,1.0,0.0,0.9805995914772013,2.9221932175817686,2000
110,0.8,t3,Gaussian,"no shape, median-zero",105.0,0.9,True,1.0,0.0,0.9726621881955492,2.53924234681812,2000
110,0.8,t3,Gaussian,symmetric unimodal,96.0,0.8077245237682901,False,1.0,0.0,0.9354808694530893,1.775526400391522,2000
110,0.8,t3,Gaussian,usual,96.0,0.8,False,1.0,0.0,0.9354808694530893,1.775526400391522,2000
110,0.8,t3,Laplace,Gaussian,96.0,0.8044105932256035,False,1.0,0.0,0.9325105905347479,1.7443121302167546,2000
110,0.8,t3,Laplace,"no shape, log-concave",107.0,0.9264241117657115,True,1.0,0.0,0.9815880369971527,2.9972027622959576,2000
110,0.8,t3,Laplace,"no shape, median-zero",105.0,0.9,True,1.0,0.0,0.9732771168815653,2.578387304595641,2000
110,0.8,t3,Laplace,symmetric unimodal,96.0,0.8077245237682901,False,1.0,0.0,0.9325105905347479,1.7443121302167546,2000
110,0.8,t3,Laplace,usual,96.0,0.8,False,1.0,0.0,0.9325105905347479,1.7443121302167546,2000
110,0.8,t3,centred exp,Gaussian,96.0,0.8044105932256035,False,1.0,0.0,0.928809573434321,1.7065475033700854,2000
110,0.8,t3,centred exp,"no shape, log-concave",107.0,0.9264241117657115,True,1.0,0.0,0.9817181719701362,3.030591517254089,2000
110,0.8,t3,centred exp,"no shape, median-zero",105.0,0.9,False,1.0,0.0,0.9726866277818336,2.5671746317282915,2000
110,0.8,t3,centred exp,symmetric unimodal,96.0,0.8077245237682901,False,1.0,0.0,0.928809573434321,1.7065475033700854,2000
110,0.8,t3,centred exp,usual,96.0,0.8,False,1.0,0.0,0.928809573434321,1.7065475033700854,2000
110,0.8,t3,mixed across classes,Gaussian,96.0,0.8044105932256035,False,1.0,0.0,0.9316767887384297,1.7363130503265176,2000
110,0.8,t3,mixed across classes,"no shape, log-concave",107.0,0.9264241117657115,False,1.0,0.0,0.9811865750079609,2.985109725104249,2000
110,0.8,t3,mixed across classes,"no shape, median-zero",105.0,0.9,False,1.0,0.0,0.9724538782268964,2.545667527258566,2000
110,0.8,t3,mixed across classes,symmetric unimodal,96.0,0.8077245237682901,False,1.0,0.0,0.9316767887384297,1.7363130503265176,2000
110,0.8,t3,mixed across classes,usual,96.0,0.8,False,1.0,0.0,0.9316767887384297,1.7363130503265176,2000
110,0.8,t3,mixed log-concave,Gaussian,96.0,0.8044105932256035,False,1.0,0.0,0.9320739399182296,1.7372869881169657,2000
110,0.8,t3,mixed log-concave,"no shape, log-concave",107.0,0.9264241117657115,True,1.0,0.0,0.9805452778733855,2.9350956834390765,2000
110,0.8,t3,mixed log-concave,"no shape, median-zero",105.0,0.9,False,1.0,0.0,0.9721901032949842,2.531072156389337,2000
110,0.8,t3,mixed log-concave,symmetric unimodal,96.0,0.8077245237682901,False,1.0,0.0,0.9320739399182296,1.7372869881169657,2000
110,0.8,t3,mixed log-concave,usual,96.0,0.8,False,1.0,0.0,0.9320739399182296,1.7372869881169657,2000
110,0.8,t3,mixed symmetric unimodal,Gaussian,96.0,0.8044105932256035,False,1.0,0.0,0.9317196061658085,1.7332767779399516,2000
110,0.8,t3,mixed symmetric unimodal,"no shape, log-concave",107.0,0.9264241117657115,False,1.0,0.0,0.9801145219878115,2.9172234656999647,2000
110,0.8,t3,mixed symmetric unimodal,"no shape, median-zero",105.0,0.9,True,1.0,0.0,0.9715959847326735,2.5083843412607685,2000
110,0.8,t3,mixed symmetric unimodal,symmetric unimodal,96.0,0.8077245237682901,False,1.0,0.0,0.9317196061658085,1.7332767779399516,2000
110,0.8,t3,mixed symmetric unimodal,usual,96.0,0.8,False,1.0,0.0,0.9317196061658085,1.7332767779399516,2000
110,0.8,t3,t3,Gaussian,96.0,0.8044105932256035,False,1.0,0.0,0.9233044662747893,1.6536056001127482,2000
110,0.8,t3,t3,"no shape, log-concave",107.0,0.9264241117657115,False,1.0,0.0,0.9805034792771805,2.9739589304629352,2000
110,0.8,t3,t3,"no shape, median-zero",105.0,0.9,True,1.0,0.0,0.9707445295103007,2.502801058962044,2000
110,0.8,t3,t3,symmetric unimodal,96.0,0.8077245237682901,False,1.0,0.0,0.9233044662747893,1.6536056001127482,2000
110,0.8,t3,t3,usual,96.0,0.8,False,1.0,0.0,0.9233044662747893,1.6536056001127482,2000
110,0.8,t3,uniform,Gaussian,96.0,0.8044105932256035,False,1.0,0.0,0.935364797296287,1.7685553431249983,2000
110,0.8,t3,uniform,"no shape, log-concave",107.0,0.9264241117657115,True,1.0,0.0,0.9788734025774668,2.8263175578994817,2000
110,0.8,t3,uniform,"no shape, median-zero",105.0,0.9,True,1.0,0.0,0.9706078778655896,2.462357381285175,2000
110,0.8,t3,uniform,symmetric unimodal,96.0,0.8077245237682901,False,1.0,0.0,0.935364797296287,1.7685553431249983,2000
110,0.8,t3,uniform,usual,96.0,0.8,False,1.0,0.0,0.935364797296287,1.7685553431249983,2000
110,0.8,truncated exponential,Gaussian,Gaussian,96.0,0.8044105932256035,True,1.0,0.0,0.9296979037261135,1.7418209433097103,2000
110,0.8,truncated exponential,Gaussian,"no shape, log-concave",107.0,0.9264241117657115,True,1.0,0.0,0.9794451456088357,2.7142240516460814,2000
110,0.8,truncated exponential,Gaussian,"no shape, median-zero",105.0,0.9,True,1.0,0.0,0.9686637564135963,2.4217798810425344,2000
110,0.8,truncated exponential,Gaussian,symmetric unimodal,96.0,0.8077245237682901,True,1.0,0.0,0.9296979037261135,1.7418209433097103,2000
110,0.8,truncated exponential,Gaussian,usual,96.0,0.8,False,1.0,0.0,0.9296979037261135,1.7418209433097103,2000
110,0.8,truncated exponential,Laplace,Gaussian,96.0,0.8044105932256035,False,1.0,0.0,0.9278123967939818,1.7216978251093324,2000
110,0.8,truncated exponential,Laplace,"no shape, log-concave",107.0,0.9264241117657115,True,1.0,0.0,0.9819252900227206,2.7958681700720707,2000
110,0.8,truncated exponential,Laplace,"no shape, median-zero",105.0,0.9,True,1.0,0.0,0.9705635362829897,2.472524818188118,2000
110,0.8,truncated exponential,Laplace,symmetric unimodal,96.0,0.8077245237682901,True,1.0,0.0,0.9278123967939818,1.7216978251093324,2000
110,0.8,truncated exponential,Laplace,usual,96.0,0.8,False,1.0,0.0,0.9278123967939818,1.7216978251093324,2000
110,0.8,truncated exponential,centred exp,Gaussian,96.0,0.8044105932256035,False,1.0,0.0,0.9308661771293311,1.7634934515401228,2000
110,0.8,truncated exponential,centred exp,"no shape, log-concave",107.0,0.9264241117657115,True,1.0,0.0,0.9839663069028526,2.863599297667078,2000
110,0.8,truncated exponential,centred exp,"no shape, median-zero",105.0,0.9,False,1.0,0.0,0.9732025301000766,2.538409422687594,2000
110,0.8,truncated exponential,centred exp,symmetric unimodal,96.0,0.8077245237682901,False,1.0,0.0,0.9308661771293311,1.7634934515401228,2000
110,0.8,truncated exponential,centred exp,usual,96.0,0.8,False,1.0,0.0,0.9308661771293311,1.7634934515401228,2000
110,0.8,truncated exponential,mixed across classes,Gaussian,96.0,0.8044105932256035,False,1.0,0.0,0.926842456111032,1.7077539084739701,2000
110,0.8,truncated exponential,mixed across classes,"no shape, log-concave",107.0,0.9264241117657115,False,1.0,0.0,0.9805475074654529,2.755350829564892,2000
110,0.8,truncated exponential,mixed across classes,"no shape, median-zero",105.0,0.9,False,1.0,0.0,0.9690196611235394,2.437088595440804,2000
110,0.8,truncated exponential,mixed across classes,symmetric unimodal,96.0,0.8077245237682901,False,1.0,0.0,0.926842456111032,1.7077539084739701,2000
110,0.8,truncated exponential,mixed across classes,usual,96.0,0.8,False,1.0,0.0,0.926842456111032,1.7077539084739701,2000
110,0.8,truncated exponential,mixed log-concave,Gaussian,96.0,0.8044105932256035,False,1.0,0.0,0.9276033098454693,1.7158137933237931,2000
110,0.8,truncated exponential,mixed log-concave,"no shape, log-concave",107.0,0.9264241117657115,True,1.0,0.0,0.9803716441514376,2.747624390045685,2000
110,0.8,truncated exponential,mixed log-concave,"no shape, median-zero",105.0,0.9,False,1.0,0.0,0.969132934766084,2.436658719877736,2000
110,0.8,truncated exponential,mixed log-concave,symmetric unimodal,96.0,0.8077245237682901,False,1.0,0.0,0.9276033098454693,1.7158137933237931,2000
110,0.8,truncated exponential,mixed log-concave,usual,96.0,0.8,False,1.0,0.0,0.9276033098454693,1.7158137933237931,2000
110,0.8,truncated exponential,mixed symmetric unimodal,Gaussian,96.0,0.8044105932256035,False,1.0,0.0,0.9273100474213917,1.712888524588306,2000
110,0.8,truncated exponential,mixed symmetric unimodal,"no shape, log-concave",107.0,0.9264241117657115,False,1.0,0.0,0.9797950205438226,2.7279936301467207,2000
110,0.8,truncated exponential,mixed symmetric unimodal,"no shape, median-zero",105.0,0.9,True,1.0,0.0,0.9680881225094905,2.4116809890641253,2000
110,0.8,truncated exponential,mixed symmetric unimodal,symmetric unimodal,96.0,0.8077245237682901,True,1.0,0.0,0.9273100474213917,1.712888524588306,2000
110,0.8,truncated exponential,mixed symmetric unimodal,usual,96.0,0.8,False,1.0,0.0,0.9273100474213917,1.712888524588306,2000
110,0.8,truncated exponential,t3,Gaussian,96.0,0.8044105932256035,False,1.0,0.0,0.9212462223445588,1.6410616225531722,2000
110,0.8,truncated exponential,t3,"no shape, log-concave",107.0,0.9264241117657115,False,1.0,0.0,0.979777771961486,2.739550315213208,2000
110,0.8,truncated exponential,t3,"no shape, median-zero",105.0,0.9,True,1.0,0.0,0.9674537929014181,2.4067365012495996,2000
110,0.8,truncated exponential,t3,symmetric unimodal,96.0,0.8077245237682901,True,1.0,0.0,0.9212462223445588,1.6410616225531722,2000
110,0.8,truncated exponential,t3,usual,96.0,0.8,False,1.0,0.0,0.9212462223445588,1.6410616225531722,2000
110,0.8,truncated exponential,uniform,Gaussian,96.0,0.8044105932256035,False,1.0,0.0,0.9310656893364285,1.7568311667904704,2000
110,0.8,truncated exponential,uniform,"no shape, log-concave",107.0,0.9264241117657115,True,1.0,0.0,0.977836685277347,2.666263814451207,2000
110,0.8,truncated exponential,uniform,"no shape, median-zero",105.0,0.9,True,1.0,0.0,0.9669891602905236,2.3813059789913957,2000
110,0.8,truncated exponential,uniform,symmetric unimodal,96.0,0.8077245237682901,True,1.0,0.0,0.9310656893364285,1.7568311667904704,2000
110,0.8,truncated exponential,uniform,usual,96.0,0.8,False,1.0,0.0,0.9310656893364285,1.7568311667904704,2000
110,0.9,Laplace,Gaussian,Gaussian,105.0,0.9008034694464981,True,1.0,0.0,0.9707546779836652,1.5730838693518159,2000
110,0.9,Laplace,Gaussian,log-concave,105.0,0.906,True,1.0,0.0,0.9707546779836652,1.5730838693518159,2000
110,0.9,Laplace,Gaussian,"no shape, log-concave",110.0,0.9632120558828557,True,1.0,0.0,0.9951743383596882,2.588269325143561,2000
110,0.9,Laplace,Gaussian,"no shape, median-zero",109.0,0.95,True,1.0,0.0,0.9905349385562293,2.1453460262172857,2000
110,0.9,Laplace,Gaussian,symmetric unimodal,105.0,0.9017873124108069,True,1.0,0.0,0.9707546779836652,1.5730838693518159,2000
110,0.9,Laplace,Gaussian,usual,105.0,0.9,False,1.0,0.0,0.9707546779836652,1.5730838693518159,2000
110,0.9,Laplace,Laplace,Gaussian,105.0,0.9008034694464981,False,1.0,0.0,0.9715780083037188,1.5913399627902265,2000
110,0.9,Laplace,Laplace,log-concave,105.0,0.906,True,1.0,0.0,0.9715780083037188,1.5913399627902265,2000
110,0.9,Laplace,Laplace,"no shape, log-concave",110.0,0.9632120558828557,True,1.0,0.0,0.9959810700385872,2.710303375912549,2000
110,0.9,Laplace,Laplace,"no shape, median-zero",109.0,0.95,True,1.0,0.0,0.9915717717199481,2.215043620490292,2000
110,0.9,Laplace,Laplace,symmetric unimodal,105.0,0.9017873124108069,True,1.0,0.0,0.9715780083037188,1.5913399627902265,2000
110,0.9,Laplace,Laplace,usual,105.0,0.9,False,1.0,0.0,0.9715780083037188,1.5913399627902265,2000
110,0.9,Laplace,centred exp,Gaussian,105.0,0.9008034694464981,False,0.9995,0.000499874984371065,0.9707948379862809,1.582754998473055,2000
110,0.9,Laplace,centred exp,log-concave,105.0,0.906,True,0.9995,0.000499874984371065,0.9707948379862809,1.582754998473055,2000
110,0.9,Laplace,centred exp,"no shape, log-concave",110.0,0.9632120558828557,True,1.0,0.0,0.9963291287800304,2.8357173435231826,2000
110,0.9,Laplace,centred exp,"no shape, median-zero",109.0,0.95,False,1.0,0.0,0.9920466497249879,2.2706205507551784,2000
110,0.9,Laplace,centred exp,symmetric unimodal,105.0,0.9017873124108069,False,0.9995,0.000499874984371065,0.9707948379862809,1.582754998473055,2000
110,0.9,Laplace,centred exp,usual,105.0,0.9,False,0.9995,0.000499874984371065,0.9707948379862809,1.582754998473055,2000
110,0.9,Laplace,mixed across classes,Gaussian,105.0,0.9008034694464981,False,0.9995,0.000499874984371065,0.9709608585232827,1.5804586188723915,2000
110,0.9,Laplace,mixed across classes,log-concave,105.0,0.906,False,0.9995,0.000499874984371065,0.9709608585232827,1.5804586188723915,2000
110,0.9,Laplace,mixed across classes,"no shape, log-concave",110.0,0.9632120558828557,False,1.0,0.0,0.9959236991332909,2.714468348358233,2000
110,0.9,Laplace,mixed across classes,"no shape, median-zero",109.0,0.95,False,1.0,0.0,0.9913067674086564,2.20448866096139,2000
110,0.9,Laplace,mixed across classes,symmetric unimodal,105.0,0.9017873124108069,False,0.9995,0.000499874984371065,0.9709608585232827,1.5804586188723915,2000
110,0.9,Laplace,mixed across classes,usual,105.0,0.9,False,0.9995,0.000499874984371065,0.9709608585232827,1.5804586188723915,2000
110,0.9,Laplace,mixed log-concave,Gaussian,105.0,0.9008034694464981,False,1.0,0.0,0.9713768834883391,1.585459462260705,2000
110,0.9,Laplace,mixed log-concave,log-concave,105.0,0.906,True,1.0,0.0,0.9713768834883391,1.585459462260705,2000
110,0.9,Laplace,mixed log-concave,"no shape, log-concave",110.0,0.9632120558828557,True,1.0,0.0,0.9960175781670902,2.7249884146834202,2000
110,0.9,Laplace,mixed log-concave,"no shape, median-zero",109.0,0.95,False,1.0,0.0,0.9914527586240484,2.2161956245550107,2000
110,0.9,Laplace,mixed log-concave,symmetric unimodal,105.0,0.9017873124108069,False,1.0,0.0,0.9713768834883391,1.585459462260705,2000
110,0.9,Laplace,mixed log-concave,usual,105.0,0.9,False,1.0,0.0,0.9713768834883391,1.585459462260705,2000
110,0.9,Laplace,mixed symmetric unimodal,Gaussian,105.0,0.9008034694464981,False,0.9995,0.000499874984371065,0.9701703578225815,1.5689303860720965,2000
110,0.9,Laplace,mixed symmetric unimodal,log-concave,105.0,0.906,False,0.9995,0.000499874984371065,0.9701703578225815,1.5689303860720965,2000
110,0.9,Laplace,mixed symmetric unimodal,"no shape, log-concave",110.0,0.9632120558828557,False,1.0,0.0,0.9957179798477487,2.710156421553238,2000
110,0.9,Laplace,mixed symmetric unimodal,"no shape, median-zero",109.0,0.95,True,1.0,0.0,0.9910302392290983,2.200195413944342,2000
110,0.9,Laplace,mixed symmetric unimodal,symmetric unimodal,105.0,0.9017873124108069,True,0.9995,0.000499874984371065,0.9701703578225815,1.5689303860720965,2000
110,0.9,Laplace,mixed symmetric unimodal,usual,105.0,0.9,False,0.9995,0.000499874984371065,0.9701703578225815,1.5689303860720965,2000
110,0.9,Laplace,t3,Gaussian,105.0,0.9008034694464981,False,0.9995,0.000499874984371065,0.9688086959855456,1.5549624413699,2000
110,0.9,Laplace,t3,log-concave,105.0,0.906,False,0.9995,0.000499874984371065,0.9688086959855456,1.5549624413699,2000
110,0.9,Laplace,t3,"no shape, log-concave",110.0,0.9632120558828557,False,1.0,0.0,0.9962304652965867,3.0221533627896693,2000
110,0.9,Laplace,t3,"no shape, median-zero",109.0,0.95,True,1.0,0.0,0.9915368717539013,2.265837988413135,2000
110,0.9,Laplace,t3,symmetric unimodal,105.0,0.9017873124108069,True,0.9995,0.000499874984371065,0.9688086959855456,1.5549624413699,2000
110,0.9,Laplace,t3,usual,105.0,0.9,False,0.9995,0.000499874984371065,0.9688086959855456,1.5549624413699,2000
110,0.9,Laplace,uniform,Gaussian,105.0,0.9008034694464981,False,1.0,0.0,0.9694759978028284,1.5497958954958089,2000
110,0.9,Laplace,uniform,log-concave,105.0,0.906,True,1.0,0.0,0.9694759978028284,1.5497958954958089,2000
110,0.9,Laplace,uniform,"no shape, log-concave",110.0,0.9632120558828557,True,1.0,0.0,0.9951556032763869,2.550709579972752,2000
110,0.9,Laplace,uniform,"no shape, median-zero",109.0,0.95,True,1.0,0.0,0.9900188819323062,2.112301730042279,2000
110,0.9,Laplace,uniform,symmetric unimodal,105.0,0.9017873124108069,True,1.0,0.0,0.9694759978028284,1.5497958954958089,2000
110,0.9,Laplace,uniform,usual,105.0,0.9,False,1.0,0.0,0.9694759978028284,1.5497958954958089,2000
110,0.9,bimodal,Gaussian,Gaussian,105.0,0.9008034694464981,True,1.0,0.0,0.992133694054116,1.5138970090116766,2000
110,0.9,bimodal,Gaussian,log-concave,105.0,0.906,True,1.0,0.0,0.992133694054116,1.5138970090116766,2000
110,0.9,bimodal,Gaussian,"no shape, log-concave",110.0,0.9632120558828557,True,1.0,0.0,0.9997449620405933,2.228003631390134,2000
110,0.9,bimodal,Gaussian,"no shape, median-zero",109.0,0.95,True,1.0,0.0,0.9990956544101259,1.9142743448556963,2000
110,0.9,bimodal,Gaussian,symmetric unimodal,105.0,0.9017873124108069,True,1.0,0.0,0.992133694054116,1.5138970090116766,2000
110,0.9,bimodal,Gaussian,usual,105.0,0.9,False,1.0,0.0,0.992133694054116,1.5138970090116766,2000
110,0.9,bimodal,Laplace,Gaussian,105.0,0.9008034694464981,False,1.0,0.0,0.9910398693926746,1.5000670036312445,2000
110,0.9,bimodal,Laplace,log-concave,105.0,0.906,True,1.0,0.0,0.9910398693926746,1.5000670036312445,2000
110,0.9,bimodal,Laplace,"no shape, log-concave",110.0,0.9632120558828557,True,1.0,0.0,0.9998266618941188,2.440423165294672,2000
110,0.9,bimodal,Laplace,"no shape, median-zero",109.0,0.95,True,1.0,0.0,0.9992198923225742,2.0015112685072087,2000
110,0.9,bimodal,Laplace,symmetric unimodal,105.0,0.9017873124108069,True,1.0,0.0,0.9910398693926746,1.5000670036312445,2000
110,0.9,bimodal,Laplace,usual,105.0,0.9,False,1.0,0.0,0.9910398693926746,1.5000670036312445,2000
110,0.9,bimodal,centred exp,Gaussian,105.0,0.9008034694464981,False,1.0,0.0,0.9906098330283561,1.490206622690883,2000
110,0.9,bimodal,centred exp,log-concave,105.0,0.906,True,1.0,0.0,0.9906098330283561,1.490206622690883,2000
110,0.9,bimodal,centred exp,"no shape, log-concave",110.0,0.9632120558828557,True,1.0,0.0,0.9997780351060401,2.5427585536363337,2000
110,0.9,bimodal,centred exp,"no shape, median-zero",109.0,0.95,False,1.0,0.0,0.9990982606527954,2.009383001668175,2000
110,0.9,bimodal,centred exp,symmetric unimodal,105.0,0.9017873124108069,False,1.0,0.0,0.9906098330283561,1.490206622690883,2000
110,0.9,bimodal,centred exp,usual,105.0,0.9,False,1.0,0.0,0.9906098330283561,1.490206622690883,2000
110,0.9,bimodal,mixed across classes,Gaussian,105.0,0.9008034694464981,False,1.0,0.0,0.9907450583294996,1.48958781685632,2000
110,0.9,bimodal,mixed across classes,log-concave,105.0,0.906,False,1.0,0.0,0.9907450583294996,1.48958781685632,2000
110,0.9,bimodal,mixed across classes,"no shape, log-concave",110.0,0.9632120558828557,False,1.0,0.0,0.9997134420556131,2.4657397919492916,2000
110,0.9,bimodal,mixed across classes,"no shape, median-zero",109.0,0.95,False,1.0,0.0,0.9989756075642222,1.9575738676685237,2000
110,0.9,bimodal,mixed across classes,symmetric unimodal,105.0,0.9017873124108069,False,1.0,0.0,0.9907450583294996,1.48958781685632,2000
110,0.9,bimodal,mixed across classes,usual,105.0,0.9,False,1.0,0.0,0.9907450583294996,1.48958781685632,2000
110,0.9,bimodal,mixed log-concave,Gaussian,105.0,0.9008034694464981,False,1.0,0.0,0.9913971713164805,1.5008758996190976,2000
110,0.9,bimodal,mixed log-concave,log-concave,105.0,0.906,True,1.0,0.0,0.9913971713164805,1.5008758996190976,2000
110,0.9,bimodal,mixed log-concave,"no shape, log-concave",110.0,0.9632120558828557,True,1.0,0.0,0.999773218474427,2.397642105485041,2000
110,0.9,bimodal,mixed log-concave,"no shape, median-zero",109.0,0.95,False,1.0,0.0,0.9991352020559339,1.9612069144771103,2000
110,0.9,bimodal,mixed log-concave,symmetric unimodal,105.0,0.9017873124108069,False,1.0,0.0,0.9913971713164805,1.5008758996190976,2000
110,0.9,bimodal,mixed log-concave,usual,105.0,0.9,False,1.0,0.0,0.9913971713164805,1.5008758996190976,2000
110,0.9,bimodal,mixed symmetric unimodal,Gaussian,105.0,0.9008034694464981,False,1.0,0.0,0.9907983385993844,1.4881730297793994,2000
110,0.9,bimodal,mixed symmetric unimodal,log-concave,105.0,0.906,False,1.0,0.0,0.9907983385993844,1.4881730297793994,2000
110,0.9,bimodal,mixed symmetric unimodal,"no shape, log-concave",110.0,0.9632120558828557,False,1.0,0.0,0.9997213429245937,2.3838617699922757,2000
110,0.9,bimodal,mixed symmetric unimodal,"no shape, median-zero",109.0,0.95,True,1.0,0.0,0.9989599542409692,1.9249150347770974,2000
110,0.9,bimodal,mixed symmetric unimodal,symmetric unimodal,105.0,0.9017873124108069,True,1.0,0.0,0.9907983385993844,1.4881730297793994,2000
110,0.9,bimodal,mixed symmetric unimodal,usual,105.0,0.9,False,1.0,0.0,0.9907983385993844,1.4881730297793994,2000
110,0.9,bimodal,t3,Gaussian,105.0,0.9008034694464981,False,1.0,0.0,0.9873299739472493,1.4385702575661528,2000
110,0.9,bimodal,t3,log-concave,105.0,0.906,False,1.0,0.0,0.9873299739472493,1.4385702575661528,2000
110,0.9,bimodal,t3,"no shape, log-concave",110.0,0.9632120558828557,False,1.0,0.0,0.9996725343039761,2.7000101145456976,2000
110,0.9,bimodal,t3,"no shape, median-zero",109.0,0.95,True,1.0,0.0,0.9986212825306663,1.9665355596537883,2000
110,0.9,bimodal,t3,symmetric unimodal,105.0,0.9017873124108069,True,1.0,0.0,0.9873299739472493,1.4385702575661528,2000
110,0.9,bimodal,t3,usual,105.0,0.9,False,1.0,0.0,0.9873299739472493,1.4385702575661528,2000
110,0.9,bimodal,uniform,Gaussian,105.0,0.9008034694464981,False,1.0,0.0,0.9921523512373978,1.50250213818201,2000
110,0.9,bimodal,uniform,log-concave,105.0,0.906,True,1.0,0.0,0.9921523512373978,1.50250213818201,2000
110,0.9,bimodal,uniform,"no shape, log-concave",110.0,0.9632120558828557,True,1.0,0.0,0.9996661347071866,2.0563574921363705,2000
110,0.9,bimodal,uniform,"no shape, median-zero",109.0,0.95,True,1.0,0.0,0.9989892731652611,1.8410042962937745,2000
110,0.9,bimodal,uniform,symmetric unimodal,105.0,0.9017873124108069,True,1.0,0.0,0.9921523512373978,1.50250213818201,2000
110,0.9,bimodal,uniform,usual,105.0,0.9,False,1.0,0.0,0.9921523512373978,1.50250213818201,2000
110,0.9,centred gamma,Gaussian,Gaussian,105.0,0.9008034694464981,True,1.0,0.0,0.9724139844158786,1.833996708138542,2000
110,0.9,centred gamma,Gaussian,log-concave,105.0,0.906,True,1.0,0.0,0.9724139844158786,1.833996708138542,2000
110,0.9,centred gamma,Gaussian,"no shape, log-concave",110.0,0.9632120558828557,True,1.0,0.0,0.9949657199114117,3.1375723961539133,2000
110,0.9,centred gamma,Gaussian,"no shape, median-zero",109.0,0.95,True,1.0,0.0,0.9900083304286732,2.5564498334418553,2000
110,0.9,centred gamma,Gaussian,symmetric unimodal,105.0,0.9017873124108069,True,1.0,0.0,0.9724139844158786,1.833996708138542,2000
110,0.9,centred gamma,Gaussian,usual,105.0,0.9,False,1.0,0.0,0.9724139844158786,1.833996708138542,2000
110,0.9,centred gamma,Laplace,Gaussian,105.0,0.9008034694464981,False,1.0,0.0,0.973309891836618,1.863033734234587,2000
110,0.9,centred gamma,Laplace,log-concave,105.0,0.906,True,1.0,0.0,0.973309891836618,1.863033734234587,2000
110,0.9,centred gamma,Laplace,"no shape, log-concave",110.0,0.9632120558828557,True,1.0,0.0,0.9954619390749758,3.254467448991888,2000
110,0.9,centred gamma,Laplace,"no shape, median-zero",109.0,0.95,True,1.0,0.0,0.9910499664740866,2.643785668974333,2000
110,0.9,centred gamma,Laplace,symmetric unimodal,105.0,0.9017873124108069,True,1.0,0.0,0.973309891836618,1.863033734234587,2000
110,0.9,centred gamma,Laplace,usual,105.0,0.9,False,1.0,0.0,0.973309891836618,1.863033734234587,2000
110,0.9,centred gamma,centred exp,Gaussian,105.0,0.9008034694464981,False,1.0,0.0,0.968524832034066,1.7725562519831932,2000
110,0.9,centred gamma,centred exp,log-concave,105.0,0.906,True,1.0,0.0,0.968524832034066,1.7725562519831932,2000
110,0.9,centred gamma,centred exp,"no shape, log-concave",110.0,0.9632120558828557,True,1.0,0.0,0.9957244693936372,3.4153922056969424,2000
110,0.9,centred gamma,centred exp,"no shape, median-zero",109.0,0.95,False,1.0,0.0,0.9906345020293442,2.6690611182522495,2000
110,0.9,centred gamma,centred exp,symmetric unimodal,105.0,0.9017873124108069,False,1.0,0.0,0.968524832034066,1.7725562519831932,2000
110,0.9,centred gamma,centred exp,usual,105.0,0.9,False,1.0,0.0,0.968524832034066,1.7725562519831932,2000
110,0.9,centred gamma,mixed across classes,Gaussian,105.0,0.9008034694464981,False,1.0,0.0,0.9719297216772451,1.828911335845907,2000
110,0.9,centred gamma,mixed across classes,log-concave,105.0,0.906,False,1.0,0.0,0.9719297216772451,1.828911335845907,2000
110,0.9,centred gamma,mixed across classes,"no shape, log-concave",110.0,0.9632120558828557,False,1.0,0.0,0.9955025280090181,3.3478478475425693,2000
110,0.9,centred gamma,mixed across classes,"no shape, median-zero",109.0,0.95,False,1.0,0.0,0.990834521479017,2.642407159727965,2000
110,0.9,centred gamma,mixed across classes,symmetric unimodal,105.0,0.9017873124108069,False,1.0,0.0,0.9719297216772451,1.828911335845907,2000
110,0.9,centred gamma,mixed across classes,usual,105.0,0.9,False,1.0,0.0,0.9719297216772451,1.828911335845907,2000
110,0.9,centred gamma,mixed log-concave,Gaussian,105.0,0.9008034694464981,False,1.0,0.0,0.972088689122307,1.8340489356733334,2000
110,0.9,centred gamma,mixed log-concave,log-concave,105.0,0.906,True,1.0,0.0,0.972088689122307,1.8340489356733334,2000
110,0.9,centred gamma,mixed log-concave,"no shape, log-concave",110.0,0.9632120558828557,True,1.0,0.0,0.9954929529274258,3.269097551255769,2000
110,0.9,centred gamma,mixed log-concave,"no shape, median-zero",109.0,0.95,False,1.0,0.0,0.990831615803504,2.632969922865338,2000
110,0.9,centred gamma,mixed log-concave,symmetric unimodal,105.0,0.9017873124108069,False,1.0,0.0,0.972088689122307,1.8340489356733334,2000
110,0.9,centred gamma,mixed log-concave,usual,105.0,0.9,False,1.0,0.0,0.972088689122307,1.8340489356733334,2000
110,0.9,centred gamma,mixed symmetric unimodal,Gaussian,105.0,0.9008034694464981,False,1.0,0.0,0.9718630456184214,1.8256983570358793,2000
110,0.9,centred gamma,mixed symmetric unimodal,log-concave,105.0,0.906,False,1.0,0.0,0.9718630456184214,1.8256983570358793,2000
110,0.9,centred gamma,mixed symmetric unimodal,"no shape, log-concave",110.0,0.9632120558828557,False,1.0,0.0,0.9953919080277494,3.3235694799456765,2000
110,0.9,centred gamma,mixed symmetric unimodal,"no shape, median-zero",109.0,0.95,True,1.0,0.0,0.9904465509707365,2.613309514469583,2000
110,0.9,centred gamma,mixed symmetric unimodal,symmetric unimodal,105.0,0.9017873124108069,True,1.0,0.0,0.9718630456184214,1.8256983570358793,2000
110,0.9,centred gamma,mixed symmetric unimodal,usual,105.0,0.9,False,1.0,0.0,0.9718630456184214,1.8256983570358793,2000
110,0.9,centred gamma,t3,Gaussian,105.0,0.9008034694464981,False,1.0,0.0,0.9706003902439793,1.8080588742672683,2000
110,0.9,centred gamma,t3,log-concave,105.0,0.906,False,1.0,0.0,0.9706003902439793,1.8080588742672683,2000
110,0.9,centred gamma,t3,"no shape, log-concave",110.0,0.9632120558828557,False,1.0,0.0,0.9958254811490183,3.6167376964094804,2000
110,0.9,centred gamma,t3,"no shape, median-zero",109.0,0.95,True,1.0,0.0,0.9909437292856996,2.693231454954775,2000
110,0.9,centred gamma,t3,symmetric unimodal,105.0,0.9017873124108069,True,1.0,0.0,0.9706003902439793,1.8080588742672683,2000
110,0.9,centred gamma,t3,usual,105.0,0.9,False,1.0,0.0,0.9706003902439793,1.8080588742672683,2000
110,0.9,centred gamma,uniform,Gaussian,105.0,0.9008034694464981,False,1.0,0.0,0.970757048645161,1.7901905673420038,2000
110,0.9,centred gamma,uniform,log-concave,105.0,0.906,True,1.0,0.0,0.970757048645161,1.7901905673420038,2000
110,0.9,centred gamma,uniform,"no shape, log-concave",110.0,0.9632120558828557,True,1.0,0.0,0.9941435910335458,3.049284614889398,2000
110,0.9,centred gamma,uniform,"no shape, median-zero",109.0,0.95,True,1.0,0.0,0.9887985423524084,2.4833722674310863,2000
110,0.9,centred gamma,uniform,symmetric unimodal,105.0,0.9017873124108069,True,1.0,0.0,0.970757048645161,1.7901905673420038,2000
110,0.9,centred gamma,uniform,usual,105.0,0.9,False,1.0,0.0,0.970757048645161,1.7901905673420038,2000
110,0.9,normal,Gaussian,Gaussian,105.0,0.9008034694464981,True,1.0,0.0,0.9839168817450402,1.4992567727398698,2000
110,0.9,normal,Gaussian,log-concave,105.0,0.906,True,1.0,0.0,0.9839168817450402,1.4992567727398698,2000
110,0.9,normal,Gaussian,"no shape, log-concave",110.0,0.9632120558828557,True,1.0,0.0,0.9989018850904858,2.2293135576558356,2000
110,0.9,normal,Gaussian,"no shape, median-zero",109.0,0.95,True,1.0,0.0,0.9969431748204804,1.920631981832004,2000
110,0.9,normal,Gaussian,symmetric unimodal,105.0,0.9017873124108069,True,1.0,0.0,0.9839168817450402,1.4992567727398698,2000
110,0.9,normal,Gaussian,usual,105.0,0.9,False,1.0,0.0,0.9839168817450402,1.4992567727398698,2000
110,0.9,normal,Laplace,Gaussian,105.0,0.9008034694464981,False,1.0,0.0,0.9832451015174586,1.5013450377613422,2000
110,0.9,normal,Laplace,log-concave,105.0,0.906,True,1.0,0.0,0.9832451015174586,1.5013450377613422,2000
110,0.9,normal,Laplace,"no shape, log-concave",110.0,0.9632120558828557,True,1.0,0.0,0.9990738483898413,2.4299615279488145,2000
110,0.9,normal,Laplace,"no shape, median-zero",109.0,0.95,True,1.0,0.0,0.9972958441359574,2.0058954519173766,2000
110,0.9,normal,Laplace,symmetric unimodal,105.0,0.9017873124108069,True,1.0,0.0,0.9832451015174586,1.5013450377613422,2000
110,0.9,normal,Laplace,usual,105.0,0.9,False,1.0,0.0,0.9832451015174586,1.5013450377613422,2000
110,0.9,normal,centred exp,Gaussian,105.0,0.9008034694464981,False,1.0,0.0,0.9821843601687464,1.4871144945078476,2000
110,0.9,normal,centred exp,log-concave,105.0,0.906,True,1.0,0.0,0.9821843601687464,1.4871144945078476,2000
110,0.9,normal,centred exp,"no shape, log-concave",110.0,0.9632120558828557,True,1.0,0.0,0.9990620236348812,2.5214182596567567,2000
110,0.9,normal,centred exp,"no shape, median-zero",109.0,0.95,False,1.0,0.0,0.9969643207008572,2.0078389076492686,2000
110,0.9,normal,centred exp,symmetric unimodal,105.0,0.9017873124108069,False,1.0,0.0,0.9821843601687464,1.4871144945078476,2000
110,0.9,normal,centred exp,usual,105.0,0.9,False,1.0,0.0,0.9821843601687464,1.4871144945078476,2000
110,0.9,normal,mixed across classes,Gaussian,105.0,0.9008034694464981,False,1.0,0.0,0.9827902239453415,1.4908294116619774,2000
110,0.9,normal,mixed across classes,log-concave,105.0,0.906,False,1.0,0.0,0.9827902239453415,1.4908294116619774,2000
110,0.9,normal,mixed across classes,"no shape, log-concave",110.0,0.9632120558828557,False,1.0,0.0,0.9989708803958753,2.4275142957508784,2000
110,0.9,normal,mixed across classes,"no shape, median-zero",109.0,0.95,False,1.0,0.0,0.9969680077031967,1.9648716633170948,2000
110,0.9,normal,mixed across classes,symmetric unimodal,105.0,0.9017873124108069,False,1.0,0.0,0.9827902239453415,1.4908294116619774,2000
110,0.9,normal,mixed across classes,usual,105.0,0.9,False,1.0,0.0,0.9827902239453415,1.4908294116619774,2000
110,0.9,normal,mixed log-concave,Gaussian,105.0,0.9008034694464981,False,1.0,0.0,0.9828670344190631,1.4913923699823821,2000
110,0.9,normal,mixed log-concave,log-concave,105.0,0.906,True,1.0,0.0,0.9828670344190631,1.4913923699823821,2000
110,0.9,normal,mixed log-concave,"no shape, log-concave",110.0,0.9632120558828557,True,1.0,0.0,0.9988574684811853,2.3552264089911543,2000
110,0.9,normal,mixed log-concave,"no shape, median-zero",109.0,0.95,False,1.0,0.0,0.9969053453503496,1.9560626000556554,2000
110,0.9,normal,mixed log-concave,symmetric unimodal,105.0,0.9017873124108069,False,1.0,0.0,0.9828670344190631,1.4913923699823821,2000
110,0.9,normal,mixed log-concave,usual,105.0,0.9,False,1.0,0.0,0.9828670344190631,1.4913923699823821,2000
110,0.9,normal,mixed symmetric unimodal,Gaussian,105.0,0.9008034694464981,False,1.0,0.0,0.9831092063330313,1.4908641768775917,2000
110,0.9,normal,mixed symmetric unimodal,log-concave,105.0,0.906,False,1.0,0.0,0.9831092063330313,1.4908641768775917,2000
110,0.9,normal,mixed symmetric unimodal,"no shape, log-concave",110.0,0.9632120558828557,False,1.0,0.0,0.998821395804606,2.3415281470977938,2000
110,0.9,normal,mixed symmetric unimodal,"no shape, median-zero",109.0,0.95,True,1.0,0.0,0.9967835561925658,1.9303981458063235,2000
110,0.9,normal,mixed symmetric unimodal,symmetric unimodal,105.0,0.9017873124108069,True,1.0,0.0,0.9831092063330313,1.4908641768775917,2000
110,0.9,normal,mixed symmetric unimodal,usual,105.0,0.9,False,1.0,0.0,0.9831092063330313,1.4908641768775917,2000
110,0.9,normal,t3,Gaussian,105.0,0.9008034694464981,False,1.0,0.0,0.9790880195432308,1.4439869632870659,2000
110,0.9,normal,t3,log-concave,105.0,0.906,False,1.0,0.0,0.9790880195432308,1.4439869632870659,2000
110,0.9,normal,t3,"no shape, log-concave",110.0,0.9632120558828557,False,1.0,0.0,0.9988231178916788,2.6758360670135257,2000
110,0.9,normal,t3,"no shape, median-zero",109.0,0.95,True,1.0,0.0,0.9964096676361296,1.9773347083681534,2000
110,0.9,normal,t3,symmetric unimodal,105.0,0.9017873124108069,True,1.0,0.0,0.9790880195432308,1.4439869632870659,2000
110,0.9,normal,t3,usual,105.0,0.9,False,1.0,0.0,0.9790880195432308,1.4439869632870659,2000
110,0.9,normal,uniform,Gaussian,105.0,0.9008034694464981,False,1.0,0.0,0.9831652121753268,1.487112532516119,2000
110,0.9,normal,uniform,log-concave,105.0,0.906,True,1.0,0.0,0.9831652121753268,1.487112532516119,2000
110,0.9,normal,uniform,"no shape, log-concave",110.0,0.9632120558828557,True,1.0,0.0,0.9985593001887267,2.119575083500958,2000
110,0.9,normal,uniform,"no shape, median-zero",109.0,0.95,True,1.0,0.0,0.9964248559211474,1.862508178951779,2000
110,0.9,normal,uniform,symmetric unimodal,105.0,0.9017873124108069,True,1.0,0.0,0.9831652121753268,1.487112532516119,2000
110,0.9,normal,uniform,usual,105.0,0.9,False,1.0,0.0,0.9831652121753268,1.487112532516119,2000
110,0.9,t3,Gaussian,Gaussian,105.0,0.9008034694464981,False,1.0,0.0,0.9726621881955492,1.7671005483765831,2000
110,0.9,t3,Gaussian,log-concave,105.0,0.906,False,1.0,0.0,0.9726621881955492,1.7671005483765831,2000
110,0.9,t3,Gaussian,"no shape, log-concave",110.0,0.9632120558828557,True,1.0,0.0,0.9940533180049116,3.7282905621332376,2000
110,0.9,t3,Gaussian,"no shape, median-zero",109.0,0.95,True,1.0,0.0,0.98917146984952,2.631110526903144,2000
110,0.9,t3,Gaussian,symmetric unimodal,105.0,0.9017873124108069,False,1.0,0.0,0.9726621881955492,1.7671005483765831,2000
110,0.9,t3,Gaussian,usual,105.0,0.9,False,1.0,0.0,0.9726621881955492,1.7671005483765831,2000
110,0.9,t3,Laplace,Gaussian,105.0,0.9008034694464981,False,1.0,0.0,0.9732771168815653,1.794342168870789,2000
110,0.9,t3,Laplace,log-concave,105.0,0.906,False,1.0,0.0,0.9732771168815653,1.794342168870789,2000
110,0.9,t3,Laplace,"no shape, log-concave",110.0,0.9632120558828557,True,1.0,0.0,0.9945565793457832,3.8976969661984815,2000
110,0.9,t3,Laplace,"no shape, median-zero",109.0,0.95,True,1.0,0.0,0.9900523659431172,2.7307126137587248,2000
110,0.9,t3,Laplace,symmetric unimodal,105.0,0.9017873124108069,False,1.0,0.0,0.9732771168815653,1.794342168870789,2000
110,0.9,t3,Laplace,usual,105.0,0.9,False,1.0,0.0,0.9732771168815653,1.794342168870789,2000
110,0.9,t3,centred exp,Gaussian,105.0,0.9008034694464981,False,1.0,0.0,0.9726866277818336,1.7865390852472465,2000
110,0.9,t3,centred exp,log-concave,105.0,0.906,False,1.0,0.0,0.9726866277818336,1.7865390852472465,2000
110,0.9,t3,centred exp,"no shape, log-concave",110.0,0.9632120558828557,True,1.0,0.0,0.9949283861524323,3.962391848527094,2000
110,0.9,t3,centred exp,"no shape, median-zero",109.0,0.95,False,1.0,0.0,0.9905494951870569,2.8256194700021924,2000
110,0.9,t3,centred exp,symmetric unimodal,105.0,0.9017873124108069,False,1.0,0.0,0.9726866277818336,1.7865390852472465,2000
110,0.9,t3,centred exp,usual,105.0,0.9,False,1.0,0.0,0.9726866277818336,1.7865390852472465,2000
110,0.9,t3,mixed across classes,Gaussian,105.0,0.9008034694464981,False,1.0,0.0,0.9724538782268964,1.7715719372119014,2000
110,0.9,t3,mixed across classes,log-concave,105.0,0.906,False,1.0,0.0,0.9724538782268964,1.7715719372119014,2000
110,0.9,t3,mixed across classes,"no shape, log-concave",110.0,0.9632120558828557,False,1.0,0.0,0.9945237136072403,3.874182457024767,2000
110,0.9,t3,mixed across classes,"no shape, median-zero",109.0,0.95,False,1.0,0.0,0.989900093592415,2.721735901105644,2000
110,0.9,t3,mixed across classes,symmetric unimodal,105.0,0.9017873124108069,False,1.0,0.0,0.9724538782268964,1.7715719372119014,2000
110,0.9,t3,mixed across classes,usual,105.0,0.9,False,1.0,0.0,0.9724538782268964,1.7715719372119014,2000
110,0.9,t3,mixed log-concave,Gaussian,105.0,0.9008034694464981,False,1.0,0.0,0.9721901032949842,1.761414778365251,2000
110,0.9,t3,mixed log-concave,log-concave,105.0,0.906,False,1.0,0.0,0.9721901032949842,1.761414778365251,2000
110,0.9,t3,mixed log-concave,"no shape, log-concave",110.0,0.9632120558828557,True,1.0,0.0,0.9943613236375252,3.8563465237027965,2000
110,0.9,t3,mixed log-concave,"no shape, median-zero",109.0,0.95,False,1.0,0.0,0.9897046071588503,2.7098777193424812,2000
110,0.9,t3,mixed log-concave,symmetric unimodal,105.0,0.9017873124108069,False,1.0,0.0,0.9721901032949842,1.761414778365251,2000
110,0.9,t3,mixed log-concave,usual,105.0,0.9,False,1.0,0.0,0.9721901032949842,1.761414778365251,2000
110,0.9,t3,mixed symmetric unimodal,Gaussian,105.0,0.9008034694464981,False,1.0,0.0,0.9715959847326735,1.7456259543463861,2000
110,0.9,t3,mixed symmetric unimodal,log-concave,105.0,0.906,False,1.0,0.0,0.9715959847326735,1.7456259543463861,2000
110,0.9,t3,mixed symmetric unimodal,"no shape, log-concave",110.0,0.9632120558828557,False,1.0,0.0,0.9941422515542839,3.8109270106043023,2000
110,0.9,t3,mixed symmetric unimodal,"no shape, median-zero",109.0,0.95,True,1.0,0.0,0.9891141269835332,2.661794158269496,2000
110,0.9,t3,mixed symmetric unimodal,symmetric unimodal,105.0,0.9017873124108069,False,1.0,0.0,0.9715959847326735,1.7456259543463861,2000
110,0.9,t3,mixed symmetric unimodal,usual,105.0,0.9,False,1.0,0.0,0.9715959847326735,1.7456259543463861,2000
110,0.9,t3,t3,Gaussian,105.0,0.9008034694464981,False,1.0,0.0,0.9707445295103007,1.741740456286628,2000
110,0.9,t3,t3,log-concave,105.0,0.906,False,1.0,0.0,0.9707445295103007,1.741740456286628,2000
110,0.9,t3,t3,"no shape, log-concave",110.0,0.9632120558828557,False,1.0,0.0,0.9951142331624865,4.305007795578485,2000
110,0.9,t3,t3,"no shape, median-zero",109.0,0.95,True,1.0,0.0,0.990182811176714,2.8370033643338592,2000
110,0.9,t3,t3,symmetric unimodal,105.0,0.9017873124108069,False,1.0,0.0,0.9707445295103007,1.741740456286628,2000
110,0.9,t3,t3,usual,105.0,0.9,False,1.0,0.0,0.9707445295103007,1.741740456286628,2000
110,0.9,t3,uniform,Gaussian,105.0,0.9008034694464981,False,1.0,0.0,0.9706078778655896,1.7135950352358504,2000
110,0.9,t3,uniform,log-concave,105.0,0.906,False,1.0,0.0,0.9706078778655896,1.7135950352358504,2000
110,0.9,t3,uniform,"no shape, log-concave",110.0,0.9632120558828557,True,1.0,0.0,0.993526246732691,3.706683457568009,2000
110,0.9,t3,uniform,"no shape, median-zero",109.0,0.95,True,1.0,0.0,0.9880698068579647,2.5455548621094226,2000
110,0.9,t3,uniform,symmetric unimodal,105.0,0.9017873124108069,False,1.0,0.0,0.9706078778655896,1.7135950352358504,2000
110,0.9,t3,uniform,usual,105.0,0.9,False,1.0,0.0,0.9706078778655896,1.7135950352358504,2000
110,0.9,truncated exponential,Gaussian,Gaussian,105.0,0.9008034694464981,True,1.0,0.0,0.9686637564135963,1.7298480114679446,2000
110,0.9,truncated exponential,Gaussian,log-concave,105.0,0.906,True,1.0,0.0,0.9686637564135963,1.7298480114679446,2000
110,0.9,truncated exponential,Gaussian,"no shape, log-concave",110.0,0.9632120558828557,True,1.0,0.0,0.9971280006391373,2.6515198578654386,2000
110,0.9,truncated exponential,Gaussian,"no shape, median-zero",109.0,0.95,True,1.0,0.0,0.9916923780137669,2.2958351281746117,2000
110,0.9,truncated exponential,Gaussian,symmetric unimodal,105.0,0.9017873124108069,True,1.0,0.0,0.9686637564135963,1.7298480114679446,2000
110,0.9,truncated exponential,Gaussian,usual,105.0,0.9,False,1.0,0.0,0.9686637564135963,1.7298480114679446,2000
110,0.9,truncated exponential,Laplace,Gaussian,105.0,0.9008034694464981,False,0.9995,0.000499874984371065,0.9705635362829897,1.7660945049252958,2000
110,0.9,truncated exponential,Laplace,log-concave,105.0,0.906,True,0.9995,0.000499874984371065,0.9705635362829897,1.7660945049252958,2000
110,0.9,truncated exponential,Laplace,"no shape, log-concave",110.0,0.9632120558828557,True,1.0,0.0,0.9976561981209634,2.8244698246472653,2000
110,0.9,truncated exponential,Laplace,"no shape, median-zero",109.0,0.95,True,1.0,0.0,0.993067263595074,2.3661019545470663,2000
110,0.9,truncated exponential,Laplace,symmetric unimodal,105.0,0.9017873124108069,True,0.9995,0.000499874984371065,0.9705635362829897,1.7660945049252958,2000
110,0.9,truncated exponential,Laplace,usual,105.0,0.9,False,0.9995,0.000499874984371065,0.9705635362829897,1.7660945049252958,2000
110,0.9,truncated exponential,centred exp,Gaussian,105.0,0.9008034694464981,False,1.0,0.0,0.9732025301000766,1.813155079245828,2000
110,0.9,truncated exponential,centred exp,log-concave,105.0,0.906,True,1.0,0.0,0.9732025301000766,1.813155079245828,2000
110,0.9,truncated exponential,centred exp,"no shape, log-concave",110.0,0.9632120558828557,True,1.0,0.0,0.9982586253051556,2.913186167047907,2000
110,0.9,truncated exponential,centred exp,"no shape, median-zero",109.0,0.95,False,1.0,0.0,0.9942767969543688,2.4165455140263092,2000
110,0.9,truncated exponential,centred exp,symmetric unimodal,105.0,0.9017873124108069,False,1.0,0.0,0.9732025301000766,1.813155079245828,2000
110,0.9,truncated exponential,centred exp,usual,105.0,0.9,False,1.0,0.0,0.9732025301000766,1.813155079245828,2000
110,0.9,truncated exponential,mixed across classes,Gaussian,105.0,0.9008034694464981,False,1.0,0.0,0.9690196611235394,1.7407828405856833,2000
110,0.9,truncated exponential,mixed across classes,log-concave,105.0,0.906,False,1.0,0.0,0.9690196611235394,1.7407828405856833,2000
110,0.9,truncated exponential,mixed across classes,"no shape, log-concave",110.0,0.9632120558828557,False,1.0,0.0,0.9976898827258885,2.8791520435252957,2000
110,0.9,truncated exponential,mixed across classes,"no shape, median-zero",109.0,0.95,False,1.0,0.0,0.9927162928158916,2.3620392812348885,2000
110,0.9,truncated exponential,mixed across classes,symmetric unimodal,105.0,0.9017873124108069,False,1.0,0.0,0.9690196611235394,1.7407828405856833,2000
110,0.9,truncated exponential,mixed across classes,usual,105.0,0.9,False,1.0,0.0,0.9690196611235394,1.7407828405856833,2000
110,0.9,truncated exponential,mixed log-concave,Gaussian,105.0,0.9008034694464981,False,1.0,0.0,0.969132934766084,1.7404757856820678,2000
110,0.9,truncated exponential,mixed log-concave,log-concave,105.0,0.906,True,1.0,0.0,0.969132934766084,1.7404757856820678,2000
110,0.9,truncated exponential,mixed log-concave,"no shape, log-concave",110.0,0.9632120558828557,True,1.0,0.0,0.9976610164362494,2.804758194731209,2000
110,0.9,truncated exponential,mixed log-concave,"no shape, median-zero",109.0,0.95,False,1.0,0.0,0.9923792669958796,2.3366382221755804,2000
110,0.9,truncated exponential,mixed log-concave,symmetric unimodal,105.0,0.9017873124108069,False,1.0,0.0,0.969132934766084,1.7404757856820678,2000
110,0.9,truncated exponential,mixed log-concave,usual,105.0,0.9,False,1.0,0.0,0.969132934766084,1.7404757856820678,2000
110,0.9,truncated exponential,mixed symmetric unimodal,Gaussian,105.0,0.9008034694464981,False,1.0,0.0,0.9680881225094905,1.7226344953496422,2000
110,0.9,truncated exponential,mixed symmetric unimodal,log-concave,105.0,0.906,False,1.0,0.0,0.9680881225094905,1.7226344953496422,2000
110,0.9,truncated exponential,mixed symmetric unimodal,"no shape, log-concave",110.0,0.9632120558828557,False,1.0,0.0,0.9971559296791798,2.799448306852075,2000
110,0.9,truncated exponential,mixed symmetric unimodal,"no shape, median-zero",109.0,0.95,True,1.0,0.0,0.9919997297138801,2.320436778766781,2000
110,0.9,truncated exponential,mixed symmetric unimodal,symmetric unimodal,105.0,0.9017873124108069,True,1.0,0.0,0.9680881225094905,1.7226344953496422,2000
110,0.9,truncated exponential,mixed symmetric unimodal,usual,105.0,0.9,False,1.0,0.0,0.9680881225094905,1.7226344953496422,2000
110,0.9,truncated exponential,t3,Gaussian,105.0,0.9008034694464981,False,1.0,0.0,0.9674537929014181,1.7191027076423289,2000
110,0.9,truncated exponential,t3,log-concave,105.0,0.906,False,1.0,0.0,0.9674537929014181,1.7191027076423289,2000
110,0.9,truncated exponential,t3,"no shape, log-concave",110.0,0.9632120558828557,False,1.0,0.0,0.997508976154469,3.179395594468152,2000
110,0.9,truncated exponential,t3,"no shape, median-zero",109.0,0.95,True,1.0,0.0,0.9925042700530469,2.3845558207508937,2000
110,0.9,truncated exponential,t3,symmetric unimodal,105.0,0.9017873124108069,True,1.0,0.0,0.9674537929014181,1.7191027076423289,2000
110,0.9,truncated exponential,t3,usual,105.0,0.9,False,1.0,0.0,0.9674537929014181,1.7191027076423289,2000
110,0.9,truncated exponential,uniform,Gaussian,105.0,0.9008034694464981,False,1.0,0.0,0.9669891602905236,1.7009379938699085,2000
110,0.9,truncated exponential,uniform,log-concave,105.0,0.906,True,1.0,0.0,0.9669891602905236,1.7009379938699085,2000
110,0.9,truncated exponential,uniform,"no shape, log-concave",110.0,0.9632120558828557,True,1.0,0.0,0.9967670837312054,2.6089874241650186,2000
110,0.9,truncated exponential,uniform,"no shape, median-zero",109.0,0.95,True,1.0,0.0,0.9906011430727022,2.2573711971245447,2000
110,0.9,truncated exponential,uniform,symmetric unimodal,105.0,0.9017873124108069,True,1.0,0.0,0.9669891602905236,1.7009379938699085,2000
110,0.9,truncated exponential,uniform,usual,105.0,0.9,False,1.0,0.0,0.9669891602905236,1.7009379938699085,2000
110,0.95,Laplace,Gaussian,Gaussian,109.0,0.9501589751489206,True,1.0,0.0,0.9905349385562293,1.6489596960617392,2000
110,0.95,Laplace,Gaussian,"no shape, log-concave",,0.9816060279414278,True,,,,,2000
110,0.95,Laplace,Gaussian,"no shape, median-zero",,0.975,True,,,,,2000
110,0.95,Laplace,Gaussian,symmetric unimodal,109.0,0.950431124223492,True,1.0,0.0,0.9905349385562293,1.6489596960617392,2000
110,0.95,Laplace,Gaussian,usual,109.0,0.95,False,1.0,0.0,0.9905349385562293,1.6489596960617392,2000
110,0.95,Laplace,Laplace,Gaussian,109.0,0.9501589751489206,False,0.9995,0.000499874984371065,0.9915717717199481,1.7025307855103233,2000
110,0.95,Laplace,Laplace,"no shape, log-concave",,0.9816060279414278,True,,,,,2000
110,0.95,Laplace,Laplace,"no shape, median-zero",,0.975,True,,,,,2000
110,0.95,Laplace,Laplace,symmetric unimodal,109.0,0.950431124223492,True,0.9995,0.000499874984371065,0.9915717717199481,1.7025307855103233,2000
110,0.95,Laplace,Laplace,usual,109.0,0.95,False,0.9995,0.000499874984371065,0.9915717717199481,1.7025307855103233,2000
110,0.95,Laplace,centred exp,Gaussian,109.0,0.9501589751489206,False,0.9995,0.000499874984371065,0.9920466497249879,1.7452484249576157,2000
110,0.95,Laplace,centred exp,"no shape, log-concave",,0.9816060279414278,True,,,,,2000
110,0.95,Laplace,centred exp,"no shape, median-zero",,0.975,False,,,,,2000
110,0.95,Laplace,centred exp,symmetric unimodal,109.0,0.950431124223492,False,0.9995,0.000499874984371065,0.9920466497249879,1.7452484249576157,2000
110,0.95,Laplace,centred exp,usual,109.0,0.95,False,0.9995,0.000499874984371065,0.9920466497249879,1.7452484249576157,2000
110,0.95,Laplace,mixed across classes,Gaussian,109.0,0.9501589751489206,False,1.0,0.0,0.9913067674086564,1.6944180136571922,2000
110,0.95,Laplace,mixed across classes,"no shape, log-concave",,0.9816060279414278,False,,,,,2000
110,0.95,Laplace,mixed across classes,"no shape, median-zero",,0.975,False,,,,,2000
110,0.95,Laplace,mixed across classes,symmetric unimodal,109.0,0.950431124223492,False,1.0,0.0,0.9913067674086564,1.6944180136571922,2000
110,0.95,Laplace,mixed across classes,usual,109.0,0.95,False,1.0,0.0,0.9913067674086564,1.6944180136571922,2000
110,0.95,Laplace,mixed log-concave,Gaussian,109.0,0.9501589751489206,False,0.999,0.0007067531393633852,0.9914527586240484,1.7034162409329943,2000
110,0.95,Laplace,mixed log-concave,"no shape, log-concave",,0.9816060279414278,True,,,,,2000
110,0.95,Laplace,mixed log-concave,"no shape, median-zero",,0.975,False,,,,,2000
110,0.95,Laplace,mixed log-concave,symmetric unimodal,109.0,0.950431124223492,False,0.999,0.0007067531393633852,0.9914527586240484,1.7034162409329943,2000
110,0.95,Laplace,mixed log-concave,usual,109.0,0.95,False,0.999,0.0007067531393633852,0.9914527586240484,1.7034162409329943,2000
110,0.95,Laplace,mixed symmetric unimodal,Gaussian,109.0,0.9501589751489206,False,0.999,0.0007067531393633852,0.9910302392290983,1.6911181304636023,2000
110,0.95,Laplace,mixed symmetric unimodal,"no shape, log-concave",,0.9816060279414278,False,,,,,2000
110,0.95,Laplace,mixed symmetric unimodal,"no shape, median-zero",,0.975,True,,,,,2000
110,0.95,Laplace,mixed symmetric unimodal,symmetric unimodal,109.0,0.950431124223492,True,0.999,0.0007067531393633852,0.9910302392290983,1.6911181304636023,2000
110,0.95,Laplace,mixed symmetric unimodal,usual,109.0,0.95,False,0.999,0.0007067531393633852,0.9910302392290983,1.6911181304636023,2000
110,0.95,Laplace,t3,Gaussian,109.0,0.9501589751489206,False,0.9995,0.000499874984371065,0.9915368717539013,1.7415724433445994,2000
110,0.95,Laplace,t3,"no shape, log-concave",,0.9816060279414278,False,,,,,2000
110,0.95,Laplace,t3,"no shape, median-zero",,0.975,True,,,,,2000
110,0.95,Laplace,t3,symmetric unimodal,109.0,0.950431124223492,True,0.9995,0.000499874984371065,0.9915368717539013,1.7415724433445994,2000
110,0.95,Laplace,t3,usual,109.0,0.95,False,0.9995,0.000499874984371065,0.9915368717539013,1.7415724433445994,2000
110,0.95,Laplace,uniform,Gaussian,109.0,0.9501589751489206,False,1.0,0.0,0.9900188819323062,1.6235611300908273,2000
110,0.95,Laplace,uniform,"no shape, log-concave",,0.9816060279414278,True,,,,,2000
110,0.95,Laplace,uniform,"no shape, median-zero",,0.975,True,,,,,2000
110,0.95,Laplace,uniform,symmetric unimodal,109.0,0.950431124223492,True,1.0,0.0,0.9900188819323062,1.6235611300908273,2000
110,0.95,Laplace,uniform,usual,109.0,0.95,False,1.0,0.0,0.9900188819323062,1.6235611300908273,2000
110,0.95,bimodal,Gaussian,Gaussian,109.0,0.9501589751489206,True,1.0,0.0,0.9990956544101259,1.6668819681849272,2000
110,0.95,bimodal,Gaussian,"no shape, log-concave",,0.9816060279414278,True,,,,,2000
110,0.95,bimodal,Gaussian,"no shape, median-zero",,0.975,True,,,,,2000
110,0.95,bimodal,Gaussian,symmetric unimodal,109.0,0.950431124223492,True,1.0,0.0,0.9990956544101259,1.6668819681849272,2000
110,0.95,bimodal,Gaussian,usual,109.0,0.95,False,1.0,0.0,0.9990956544101259,1.6668819681849272,2000
110,0.95,bimodal,Laplace,Gaussian,109.0,0.9501589751489206,False,1.0,0.0,0.9992198923225742,1.7428447764341248,2000
110,0.95,bimodal,Laplace,"no shape, log-concave",,0.9816060279414278,True,,,,,2000
110,0.95,bimodal,Laplace,"no shape, median-zero",,0.975,True,,,,,2000
110,0.95,bimodal,Laplace,symmetric unimodal,109.0,0.950431124223492,True,1.0,0.0,0.9992198923225742,1.7428447764341248,2000
110,0.95,bimodal,Laplace,usual,109.0,0.95,False,1.0,0.0,0.9992198923225742,1.7428447764341248,2000
110,0.95,bimodal,centred exp,Gaussian,109.0,0.9501589751489206,False,1.0,0.0,0.9990982606527954,1.7496992015062882,2000
110,0.95,bimodal,centred exp,"no shape, log-concave",,0.9816060279414278,True,,,,,2000
110,0.95,bimodal,centred exp,"no shape, median-zero",,0.975,False,,,,,2000
110,0.95,bimodal,centred exp,symmetric unimodal,109.0,0.950431124223492,False,1.0,0.0,0.9990982606527954,1.7496992015062882,2000
110,0.95,bimodal,centred exp,usual,109.0,0.95,False,1.0,0.0,0.9990982606527954,1.7496992015062882,2000
110,0.95,bimodal,mixed across classes,Gaussian,109.0,0.9501589751489206,False,1.0,0.0,0.9989756075642222,1.7045856515684892,2000
110,0.95,bimodal,mixed across classes,"no shape, log-concave",,0.9816060279414278,False,,,,,2000
110,0.95,bimodal,mixed across classes,"no shape, median-zero",,0.975,False,,,,,2000
110,0.95,bimodal,mixed across classes,symmetric unimodal,109.0,0.950431124223492,False,1.0,0.0,0.9989756075642222,1.7045856515684892,2000
110,0.95,bimodal,mixed across classes,usual,109.0,0.95,False,1.0,0.0,0.9989756075642222,1.7045856515684892,2000
110,0.95,bimodal,mixed log-concave,Gaussian,109.0,0.9501589751489206,False,1.0,0.0,0.9991352020559339,1.7077491794249213,2000
110,0.95,bimodal,mixed log-concave,"no shape, log-concave",,0.9816060279414278,True,,,,,2000
110,0.95,bimodal,mixed log-concave,"no shape, median-zero",,0.975,False,,,,,2000
110,0.95,bimodal,mixed log-concave,symmetric unimodal,109.0,0.950431124223492,False,1.0,0.0,0.9991352020559339,1.7077491794249213,2000
110,0.95,bimodal,mixed log-concave,usual,109.0,0.95,False,1.0,0.0,0.9991352020559339,1.7077491794249213,2000
110,0.95,bimodal,mixed symmetric unimodal,Gaussian,109.0,0.9501589751489206,False,1.0,0.0,0.9989599542409692,1.6761475022535919,2000
110,0.95,bimodal,mixed symmetric unimodal,"no shape, log-concave",,0.9816060279414278,False,,,,,2000
110,0.95,bimodal,mixed symmetric unimodal,"no shape, median-zero",,0.975,True,,,,,2000
110,0.95,bimodal,mixed symmetric unimodal,symmetric unimodal,109.0,0.950431124223492,True,1.0,0.0,0.9989599542409692,1.6761475022535919,2000
110,0.95,bimodal,mixed symmetric unimodal,usual,109.0,0.95,False,1.0,0.0,0.9989599542409692,1.6761475022535919,2000
110,0.95,bimodal,t3,Gaussian,109.0,0.9501589751489206,False,1.0,0.0,0.9986212825306663,1.712389173991912,2000
110,0.95,bimodal,t3,"no shape, log-concave",,0.9816060279414278,False,,,,,2000
110,0.95,bimodal,t3,"no shape, median-zero",,0.975,True,,,,,2000
110,0.95,bimodal,t3,symmetric unimodal,109.0,0.950431124223492,True,1.0,0.0,0.9986212825306663,1.712389173991912,2000
110,0.95,bimodal,t3,usual,109.0,0.95,False,1.0,0.0,0.9986212825306663,1.712389173991912,2000
110,0.95,bimodal,uniform,Gaussian,109.0,0.9501589751489206,False,1.0,0.0,0.9989892731652611,1.6030810176659422,2000
110,0.95,bimodal,uniform,"no shape, log-concave",,0.9816060279414278,True,,,,,2000
110,0.95,bimodal,uniform,"no shape, median-zero",,0.975,True,,,,,2000
110,0.95,bimodal,uniform,symmetric unimodal,109.0,0.950431124223492,True,1.0,0.0,0.9989892731652611,1.6030810176659422,2000
110,0.95,bimodal,uniform,usual,109.0,0.95,False,1.0,0.0,0.9989892731652611,1.6030810176659422,2000
110,0.95,centred gamma,Gaussian,Gaussian,109.0,0.9501589751489206,True,1.0,0.0,0.9900083304286732,1.7929206370696122,2000
110,0.95,centred gamma,Gaussian,"no shape, log-concave",,0.9816060279414278,True,,,,,2000
110,0.95,centred gamma,Gaussian,"no shape, median-zero",,0.975,True,,,,,2000
110,0.95,centred gamma,Gaussian,symmetric unimodal,109.0,0.950431124223492,True,1.0,0.0,0.9900083304286732,1.7929206370696122,2000
110,0.95,centred gamma,Gaussian,usual,109.0,0.95,False,1.0,0.0,0.9900083304286732,1.7929206370696122,2000
110,0.95,centred gamma,Laplace,Gaussian,109.0,0.9501589751489206,False,1.0,0.0,0.9910499664740866,1.8541720724913184,2000
110,0.95,centred gamma,Laplace,"no shape, log-concave",,0.9816060279414278,True,,,,,2000
110,0.95,centred gamma,Laplace,"no shape, median-zero",,0.975,True,,,,,2000
110,0.95,centred gamma,Laplace,symmetric unimodal,109.0,0.950431124223492,True,1.0,0.0,0.9910499664740866,1.8541720724913184,2000
110,0.95,centred gamma,Laplace,usual,109.0,0.95,False,1.0,0.0,0.9910499664740866,1.8541720724913184,2000
110,0.95,centred gamma,centred exp,Gaussian,109.0,0.9501589751489206,False,0.999,0.0007067531393633852,0.9906345020293442,1.8718985594455222,2000
110,0.95,centred gamma,centred exp,"no shape, log-concave",,0.9816060279414278,True,,,,,2000
110,0.95,centred gamma,centred exp,"no shape, median-zero",,0.975,False,,,,,2000
110,0.95,centred gamma,centred exp,symmetric unimodal,109.0,0.950431124223492,False,0.999,0.0007067531393633852,0.9906345020293442,1.8718985594455222,2000
110,0.95,centred gamma,centred exp,usual,109.0,0.95,False,0.999,0.0007067531393633852,0.9906345020293442,1.8718985594455222,2000
110,0.95,centred gamma,mixed across classes,Gaussian,109.0,0.9501589751489206,False,1.0,0.0,0.990834521479017,1.8532052795412388,2000
110,0.95,centred gamma,mixed across classes,"no shape, log-concave",,0.9816060279414278,False,,,,,2000
110,0.95,centred gamma,mixed across classes,"no shape, median-zero",,0.975,False,,,,,2000
110,0.95,centred gamma,mixed across classes,symmetric unimodal,109.0,0.950431124223492,False,1.0,0.0,0.990834521479017,1.8532052795412388,2000
110,0.95,centred gamma,mixed across classes,usual,109.0,0.95,False,1.0,0.0,0.990834521479017,1.8532052795412388,2000
110,0.95,centred gamma,mixed log-concave,Gaussian,109.0,0.9501589751489206,False,1.0,0.0,0.990831615803504,1.8465866412614733,2000
110,0.95,centred gamma,mixed log-concave,"no shape, log-concave",,0.9816060279414278,True,,,,,2000
110,0.95,centred gamma,mixed log-concave,"no shape, median-zero",,0.975,False,,,,,2000
110,0.95,centred gamma,mixed log-concave,symmetric unimodal,109.0,0.950431124223492,False,1.0,0.0,0.990831615803504,1.8465866412614733,2000
110,0.95,centred gamma,mixed log-concave,usual,109.0,0.95,False,1.0,0.0,0.990831615803504,1.8465866412614733,2000
110,0.95,centred gamma,mixed symmetric unimodal,Gaussian,109.0,0.9501589751489206,False,1.0,0.0,0.9904465509707365,1.8327981633946862,2000
110,0.95,centred gamma,mixed symmetric unimodal,"no shape, log-concave",,0.9816060279414278,False,,,,,2000
110,0.95,centred gamma,mixed symmetric unimodal,"no shape, median-zero",,0.975,True,,,,,2000
110,0.95,centred gamma,mixed symmetric unimodal,symmetric unimodal,109.0,0.950431124223492,True,1.0,0.0,0.9904465509707365,1.8327981633946862,2000
110,0.95,centred gamma,mixed symmetric unimodal,usual,109.0,0.95,False,1.0,0.0,0.9904465509707365,1.8327981633946862,2000
110,0.95,centred gamma,t3,Gaussian,109.0,0.9501589751489206,False,0.9995,0.000499874984371065,0.9909437292856996,1.8888499953438496,2000
110,0.95,centred gamma,t3,"no shape, log-concave",,0.9816060279414278,False,,,,,2000
110,0.95,centred gamma,t3,"no shape, median-zero",,0.975,True,,,,,2000
110,0.95,centred gamma,t3,symmetric unimodal,109.0,0.950431124223492,True,0.9995,0.000499874984371065,0.9909437292856996,1.8888499953438496,2000
110,0.95,centred gamma,t3,usual,109.0,0.95,False,0.9995,0.000499874984371065,0.9909437292856996,1.8888499953438496,2000
110,0.95,centred gamma,uniform,Gaussian,109.0,0.9501589751489206,False,1.0,0.0,0.9887985423524084,1.7416689854652758,2000
110,0.95,centred gamma,uniform,"no shape, log-concave",,0.9816060279414278,True,,,,,2000
110,0.95,centred gamma,uniform,"no shape, median-zero",,0.975,True,,,,,2000
110,0.95,centred gamma,uniform,symmetric unimodal,109.0,0.950431124223492,True,1.0,0.0,0.9887985423524084,1.7416689854652758,2000
110,0.95,centred gamma,uniform,usual,109.0,0.95,False,1.0,0.0,0.9887985423524084,1.7416689854652758,2000
110,0.95,normal,Gaussian,Gaussian,109.0,0.9501589751489206,True,1.0,0.0,0.9969431748204804,1.6118451697451637,2000
110,0.95,normal,Gaussian,"no shape, log-concave",,0.9816060279414278,True,,,,,2000
110,0.95,normal,Gaussian,"no shape, median-zero",,0.975,True,,,,,2000
110,0.95,normal,Gaussian,symmetric unimodal,109.0,0.950431124223492,True,1.0,0.0,0.9969431748204804,1.6118451697451637,2000
110,0.95,normal,Gaussian,usual,109.0,0.95,False,1.0,0.0,0.9969431748204804,1.6118451697451637,2000
110,0.95,normal,Laplace,Gaussian,109.0,0.9501589751489206,False,1.0,0.0,0.9972958441359574,1.6834005294980143,2000
110,0.95,normal,Laplace,"no shape, log-concave",,0.9816060279414278,True,,,,,2000
110,0.95,normal,Laplace,"no shape, median-zero",,0.975,True,,,,,2000
110,0.95,normal,Laplace,symmetric unimodal,109.0,0.950431124223492,True,1.0,0.0,0.9972958441359574,1.6834005294980143,2000
110,0.95,normal,Laplace,usual,109.0,0.95,False,1.0,0.0,0.9972958441359574,1.6834005294980143,2000
110,0.95,normal,centred exp,Gaussian,109.0,0.9501589751489206,False,1.0,0.0,0.9969643207008572,1.6850315289626152,2000
110,0.95,normal,centred exp,"no shape, log-concave",,0.9816060279414278,True,,,,,2000
110,0.95,normal,centred exp,"no shape, median-zero",,0.975,False,,,,,2000
110,0.95,normal,centred exp,symmetric unimodal,109.0,0.950431124223492,False,1.0,0.0,0.9969643207008572,1.6850315289626152,2000
110,0.95,normal,centred exp,usual,109.0,0.95,False,1.0,0.0,0.9969643207008572,1.6850315289626152,2000
110,0.95,normal,mixed across classes,Gaussian,109.0,0.9501589751489206,False,1.0,0.0,0.9969680077031967,1.6489722808145064,2000
110,0.95,normal,mixed across classes,"no shape, log-concave",,0.9816060279414278,False,,,,,2000
110,0.95,normal,mixed across classes,"no shape, median-zero",,0.975,False,,,,,2000
110,0.95,normal,mixed across classes,symmetric unimodal,109.0,0.950431124223492,False,1.0,0.0,0.9969680077031967,1.6489722808145064,2000
110,0.95,normal,mixed across classes,usual,109.0,0.95,False,1.0,0.0,0.9969680077031967,1.6489722808145064,2000
110,0.95,normal,mixed log-concave,Gaussian,109.0,0.9501589751489206,False,0.9995,0.000499874984371065,0.9969053453503496,1.641579481880487,2000
110,0.95,normal,mixed log-concave,"no shape, log-concave",,0.9816060279414278,True,,,,,2000
110,0.95,normal,mixed log-concave,"no shape, median-zero",,0.975,False,,,,,2000
110,0.95,normal,mixed log-concave,symmetric unimodal,109.0,0.950431124223492,False,0.9995,0.000499874984371065,0.9969053453503496,1.641579481880487,2000
110,0.95,normal,mixed log-concave,usual,109.0,0.95,False,0.9995,0.000499874984371065,0.9969053453503496,1.641579481880487,2000
110,0.95,normal,mixed symmetric unimodal,Gaussian,109.0,0.9501589751489206,False,1.0,0.0,0.9967835561925658,1.620041192917667,2000
110,0.95,normal,mixed symmetric unimodal,"no shape, log-concave",,0.9816060279414278,False,,,,,2000
110,0.95,normal,mixed symmetric unimodal,"no shape, median-zero",,0.975,True,,,,,2000
110,0.95,normal,mixed symmetric unimodal,symmetric unimodal,109.0,0.950431124223492,True,1.0,0.0,0.9967835561925658,1.620041192917667,2000
110,0.95,normal,mixed symmetric unimodal,usual,109.0,0.95,False,1.0,0.0,0.9967835561925658,1.620041192917667,2000
110,0.95,normal,t3,Gaussian,109.0,0.9501589751489206,False,1.0,0.0,0.9964096676361296,1.6594315979329808,2000
110,0.95,normal,t3,"no shape, log-concave",,0.9816060279414278,False,,,,,2000
110,0.95,normal,t3,"no shape, median-zero",,0.975,True,,,,,2000
110,0.95,normal,t3,symmetric unimodal,109.0,0.950431124223492,True,1.0,0.0,0.9964096676361296,1.6594315979329808,2000
110,0.95,normal,t3,usual,109.0,0.95,False,1.0,0.0,0.9964096676361296,1.6594315979329808,2000
110,0.95,normal,uniform,Gaussian,109.0,0.9501589751489206,False,1.0,0.0,0.9964248559211474,1.5630661366946221,2000
110,0.95,normal,uniform,"no shape, log-concave",,0.9816060279414278,True,,,,,2000
110,0.95,normal,uniform,"no shape, median-zero",,0.975,True,,,,,2000
110,0.95,normal,uniform,symmetric unimodal,109.0,0.950431124223492,True,1.0,0.0,0.9964248559211474,1.5630661366946221,2000
110,0.95,normal,uniform,usual,109.0,0.95,False,1.0,0.0,0.9964248559211474,1.5630661366946221,2000
110,0.95,t3,Gaussian,Gaussian,109.0,0.9501589751489206,False,1.0,0.0,0.98917146984952,1.9456602603650257,2000
110,0.95,t3,Gaussian,"no shape, log-concave",,0.9816060279414278,True,,,,,2000
110,0.95,t3,Gaussian,"no shape, median-zero",,0.975,True,,,,,2000
110,0.95,t3,Gaussian,symmetric unimodal,109.0,0.950431124223492,False,1.0,0.0,0.98917146984952,1.9456602603650257,2000
110,0.95,t3,Gaussian,usual,109.0,0.95,False,1.0,0.0,0.98917146984952,1.9456602603650257,2000
110,0.95,t3,Laplace,Gaussian,109.0,0.9501589751489206,False,1.0,0.0,0.9900523659431172,2.0193142632139396,2000
110,0.95,t3,Laplace,"no shape, log-concave",,0.9816060279414278,True,,,,,2000
110,0.95,t3,Laplace,"no shape, median-zero",,0.975,True,,,,,2000
110,0.95,t3,Laplace,symmetric unimodal,109.0,0.950431124223492,False,1.0,0.0,0.9900523659431172,2.0193142632139396,2000
110,0.95,t3,Laplace,usual,109.0,0.95,False,1.0,0.0,0.9900523659431172,2.0193142632139396,2000
110,0.95,t3,centred exp,Gaussian,109.0,0.9501589751489206,False,0.9995,0.000499874984371065,0.9905494951870569,2.089496225066539,2000
110,0.95,t3,centred exp,"no shape, log-concave",,0.9816060279414278,True,,,,,2000
110,0.95,t3,centred exp,"no shape, median-zero",,0.975,False,,,,,2000
110,0.95,t3,centred exp,symmetric unimodal,109.0,0.950431124223492,False,0.9995,0.000499874984371065,0.9905494951870569,2.089496225066539,2000
110,0.95,t3,centred exp,usual,109.0,0.95,False,0.9995,0.000499874984371065,0.9905494951870569,2.089496225066539,2000
110,0.95,t3,mixed across classes,Gaussian,109.0,0.9501589751489206,False,0.9995,0.000499874984371065,0.989900093592415,2.012676141060108,2000
110,0.95,t3,mixed across classes,"no shape, log-concave",,0.9816060279414278,False,,,,,2000
110,0.95,t3,mixed across classes,"no shape, median-zero",,0.975,False,,,,,2000
110,0.95,t3,mixed across classes,symmetric unimodal,109.0,0.950431124223492,False,0.9995,0.000499874984371065,0.989900093592415,2.012676141060108,2000
110,0.95,t3,mixed across classes,usual,109.0,0.95,False,0.9995,0.000499874984371065,0.989900093592415,2.012676141060108,2000
110,0.95,t3,mixed log-concave,Gaussian,109.0,0.9501589751489206,False,1.0,0.0,0.9897046071588503,2.00390722284825,2000
110,0.95,t3,mixed log-concave,"no shape, log-concave",,0.9816060279414278,True,,,,,2000
110,0.95,t3,mixed log-concave,"no shape, median-zero",,0.975,False,,,,,2000
110,0.95,t3,mixed log-concave,symmetric unimodal,109.0,0.950431124223492,False,1.0,0.0,0.9897046071588503,2.00390722284825,2000
110,0.95,t3,mixed log-concave,usual,109.0,0.95,False,1.0,0.0,0.9897046071588503,2.00390722284825,2000
110,0.95,t3,mixed symmetric unimodal,Gaussian,109.0,0.9501589751489206,False,0.999,0.0007067531393633852,0.9891141269835332,1.9683502696150248,2000
110,0.95,t3,mixed symmetric unimodal,"no shape, log-concave",,0.9816060279414278,False,,,,,2000
110,0.95,t3,mixed symmetric unimodal,"no shape, median-zero",,0.975,True,,,,,2000
110,0.95,t3,mixed symmetric unimodal,symmetric unimodal,109.0,0.950431124223492,False,0.999,0.0007067531393633852,0.9891141269835332,1.9683502696150248,2000
110,0.95,t3,mixed symmetric unimodal,usual,109.0,0.95,False,0.999,0.0007067531393633852,0.9891141269835332,1.9683502696150248,2000
110,0.95,t3,t3,Gaussian,109.0,0.9501589751489206,False,1.0,0.0,0.990182811176714,2.09791441601019,2000
110,0.95,t3,t3,"no shape, log-concave",,0.9816060279414278,False,,,,,2000
110,0.95,t3,t3,"no shape, median-zero",,0.975,True,,,,,2000
110,0.95,t3,t3,symmetric unimodal,109.0,0.950431124223492,False,1.0,0.0,0.990182811176714,2.09791441601019,2000
110,0.95,t3,t3,usual,109.0,0.95,False,1.0,0.0,0.990182811176714,2.09791441601019,2000
110,0.95,t3,uniform,Gaussian,109.0,0.9501589751489206,False,1.0,0.0,0.9880698068579647,1.882393341192998,2000
110,0.95,t3,uniform,"no shape, log-concave",,0.9816060279414278,True,,,,,2000
110,0.95,t3,uniform,"no shape, median-zero",,0.975,True,,,,,2000
110,0.95,t3,uniform,symmetric unimodal,109.0,0.950431124223492,False,1.0,0.0,0.9880698068579647,1.882393341192998,2000
110,0.95,t3,uniform,usual,109.0,0.95,False,1.0,0.0,0.9880698068579647,1.882393341192998,2000
110,0.95,truncated exponential,Gaussian,Gaussian,109.0,0.9501589751489206,True,1.0,0.0,0.9916923780137669,1.5868840947497769,2000
110,0.95,truncated exponential,Gaussian,"no shape, log-concave",,0.9816060279414278,True,,,,,2000
110,0.95,truncated exponential,Gaussian,"no shape, median-zero",,0.975,True,,,,,2000
110,0.95,truncated exponential,Gaussian,symmetric unimodal,109.0,0.950431124223492,True,1.0,0.0,0.9916923780137669,1.5868840947497769,2000
110,0.95,truncated exponential,Gaussian,usual,109.0,0.95,False,1.0,0.0,0.9916923780137669,1.5868840947497769,2000
110,0.95,truncated exponential,Laplace,Gaussian,109.0,0.9501589751489206,False,0.9985,0.0008653756409790912,0.993067263595074,1.6354526124933173,2000
110,0.95,truncated exponential,Laplace,"no shape, log-concave",,0.9816060279414278,True,,,,,2000
110,0.95,truncated exponential,Laplace,"no shape, median-zero",,0.975,True,,,,,2000
110,0.95,truncated exponential,Laplace,symmetric unimodal,109.0,0.950431124223492,True,0.9985,0.0008653756409790912,0.993067263595074,1.6354526124933173,2000
110,0.95,truncated exponential,Laplace,usual,109.0,0.95,False,0.9985,0.0008653756409790912,0.993067263595074,1.6354526124933173,2000
110,0.95,truncated exponential,centred exp,Gaussian,109.0,0.9501589751489206,False,1.0,0.0,0.9942767969543688,1.6703192635162158,2000
110,0.95,truncated exponential,centred exp,"no shape, log-concave",,0.9816060279414278,True,,,,,2000
110,0.95,truncated exponential,centred exp,"no shape, median-zero",,0.975,False,,,,,2000
110,0.95,truncated exponential,centred exp,symmetric unimodal,109.0,0.950431124223492,False,1.0,0.0,0.9942767969543688,1.6703192635162158,2000
110,0.95,truncated exponential,centred exp,usual,109.0,0.95,False,1.0,0.0,0.9942767969543688,1.6703192635162158,2000
110,0.95,truncated exponential,mixed across classes,Gaussian,109.0,0.9501589751489206,False,0.9995,0.000499874984371065,0.9927162928158916,1.632644487649272,2000
110,0.95,truncated exponential,mixed across classes,"no shape, log-concave",,0.9816060279414278,False,,,,,2000
110,0.95,truncated exponential,mixed across classes,"no shape, median-zero",,0.975,False,,,,,2000
110,0.95,truncated exponential,mixed across classes,symmetric unimodal,109.0,0.950431124223492,False,0.9995,0.000499874984371065,0.9927162928158916,1.632644487649272,2000
110,0.95,truncated exponential,mixed across classes,usual,109.0,0.95,False,0.9995,0.000499874984371065,0.9927162928158916,1.632644487649272,2000
110,0.95,truncated exponential,mixed log-concave,Gaussian,109.0,0.9501589751489206,False,1.0,0.0,0.9923792669958796,1.6150872440491773,2000
110,0.95,truncated exponential,mixed log-concave,"no shape, log-concave",,0.9816060279414278,True,,,,,2000
110,0.95,truncated exponential,mixed log-concave,"no shape, median-zero",,0.975,False,,,,,2000
110,0.95,truncated exponential,mixed log-concave,symmetric unimodal,109.0,0.950431124223492,False,1.0,0.0,0.9923792669958796,1.6150872440491773,2000
110,0.95,truncated exponential,mixed log-concave,usual,109.0,0.95,False,1.0,0.0,0.9923792669958796,1.6150872440491773,2000
110,0.95,truncated exponential,mixed symmetric unimodal,Gaussian,109.0,0.9501589751489206,False,0.9995,0.000499874984371065,0.9919997297138801,1.6038887862235698,2000
110,0.95,truncated exponential,mixed symmetric unimodal,"no shape, log-concave",,0.9816060279414278,False,,,,,2000
110,0.95,truncated exponential,mixed symmetric unimodal,"no shape, median-zero",,0.975,True,,,,,2000
110,0.95,truncated exponential,mixed symmetric unimodal,symmetric unimodal,109.0,0.950431124223492,True,0.9995,0.000499874984371065,0.9919997297138801,1.6038887862235698,2000
110,0.95,truncated exponential,mixed symmetric unimodal,usual,109.0,0.95,False,0.9995,0.000499874984371065,0.9919997297138801,1.6038887862235698,2000
110,0.95,truncated exponential,t3,Gaussian,109.0,0.9501589751489206,False,0.9995,0.000499874984371065,0.9925042700530469,1.6482079477550342,2000
110,0.95,truncated exponential,t3,"no shape, log-concave",,0.9816060279414278,False,,,,,2000
110,0.95,truncated exponential,t3,"no shape, median-zero",,0.975,True,,,,,2000
110,0.95,truncated exponential,t3,symmetric unimodal,109.0,0.950431124223492,True,0.9995,0.000499874984371065,0.9925042700530469,1.6482079477550342,2000
110,0.95,truncated exponential,t3,usual,109.0,0.95,False,0.9995,0.000499874984371065,0.9925042700530469,1.6482079477550342,2000
110,0.95,truncated exponential,uniform,Gaussian,109.0,0.9501589751489206,False,1.0,0.0,0.9906011430727022,1.5602977777900597,2000
110,0.95,truncated exponential,uniform,"no shape, log-concave",,0.9816060279414278,True,,,,,2000
110,0.95,truncated exponential,uniform,"no shape, median-zero",,0.975,True,,,,,2000
110,0.95,truncated exponential,uniform,symmetric unimodal,109.0,0.950431124223492,True,1.0,0.0,0.9906011430727022,1.5602977777900597,2000
110,0.95,truncated exponential,uniform,usual,109.0,0.95,False,1.0,0.0,0.9906011430727022,1.5602977777900597,2000
1000,0.8,Laplace,Gaussian,Gaussian,826.0,0.8044105932256035,True,1.0,0.0,0.8975694649377514,1.4175722162005997,2000
1000,0.8,Laplace,Gaussian,"no shape, log-concave",941.0,0.9264241117657115,True,1.0,0.0,0.967672273212058,2.137529319438955,2000
1000,0.8,Laplace,Gaussian,"no shape, median-zero",916.0,0.9,True,1.0,0.0,0.9532154283526706,1.906299825063027,2000
1000,0.8,Laplace,Gaussian,symmetric unimodal,829.0,0.8077245237682901,True,1.0,0.0,0.8995319348650953,1.4296470487751667,2000
1000,0.8,Laplace,Gaussian,usual,822.0,0.8,False,1.0,0.0,0.8948690486560575,1.4013422601369538,2000
1000,0.8,Laplace,Laplace,Gaussian,826.0,0.8044105932256035,False,1.0,0.0,0.8940724226157547,1.3968517623817853,2000
1000,0.8,Laplace,Laplace,"no shape, log-concave",941.0,0.9264241117657115,True,1.0,0.0,0.9687657432722336,2.1597219852355463,2000
1000,0.8,Laplace,Laplace,"no shape, median-zero",916.0,0.9,True,1.0,0.0,0.9536248369397433,1.912347810927308,2000
1000,0.8,Laplace,Laplace,symmetric unimodal,829.0,0.8077245237682901,True,1.0,0.0,0.8961968039179709,1.4094856156578037,2000
1000,0.8,Laplace,Laplace,usual,822.0,0.8,False,1.0,0.0,0.8912486929938253,1.3804672871027301,2000
1000,0.8,Laplace,centred exp,Gaussian,826.0,0.8044105932256035,False,1.0,0.0,0.8891557114236791,1.368730013214306,2000
1000,0.8,Laplace,centred exp,"no shape, log-concave",941.0,0.9264241117657115,True,1.0,0.0,0.9678503837068384,2.142798967185152,2000
1000,0.8,Laplace,centred exp,"no shape, median-zero",916.0,0.9,False,1.0,0.0,0.9518881894666599,1.8899697433581204,2000
1000,0.8,Laplace,centred exp,symmetric unimodal,829.0,0.8077245237682901,False,1.0,0.0,0.8913431990829865,1.3811665438914307,2000
1000,0.8,Laplace,centred exp,usual,822.0,0.8,False,1.0,0.0,0.8862409964578986,1.3525639852483196,2000
1000,0.8,Laplace,mixed across classes,Gaussian,826.0,0.8044105932256035,False,1.0,0.0,0.8921809976701986,1.3857206118583427,2000
1000,0.8,Laplace,mixed across classes,"no shape, log-concave",941.0,0.9264241117657115,False,1.0,0.0,0.9672457263405845,2.1303912123149504,2000
1000,0.8,Laplace,mixed across classes,"no shape, median-zero",916.0,0.9,False,1.0,0.0,0.9518353005412796,1.8888752507757767,2000
1000,0.8,Laplace,mixed across classes,symmetric unimodal,829.0,0.8077245237682901,False,1.0,0.0,0.8942194269104321,1.397619416058044,2000
1000,0.8,Laplace,mixed across classes,usual,822.0,0.8,False,1.0,0.0,0.8893857960908924,1.3697872953376677,2000
1000,0.8,Laplace,mixed log-concave,Gaussian,826.0,0.8044105932256035,False,1.0,0.0,0.8941064044362336,1.3969214814270285,2000
1000,0.8,Laplace,mixed log-concave,"no shape, log-concave",941.0,0.9264241117657115,True,1.0,0.0,0.9677484639983356,2.1396431286438538,2000
1000,0.8,Laplace,mixed log-concave,"no shape, median-zero",916.0,0.9,False,1.0,0.0,0.9526016086127924,1.8985421236273792,2000
1000,0.8,Laplace,mixed log-concave,symmetric unimodal,829.0,0.8077245237682901,False,1.0,0.0,0.8961236485235744,1.4088797212125683,2000
1000,0.8,Laplace,mixed log-concave,usual,822.0,0.8,False,1.0,0.0,0.8913962759964656,1.3811753784206195,2000
1000,0.8,Laplace,mixed symmetric unimodal,Gaussian,826.0,0.8044105932256035,False,1.0,0.0,0.8932793603602149,1.3920387289469704,2000
1000,0.8,Laplace,mixed symmetric unimodal,"no shape, log-concave",941.0,0.9264241117657115,False,1.0,0.0,0.9669207316971843,2.1239584331367887,2000
1000,0.8,Laplace,mixed symmetric unimodal,"no shape, median-zero",916.0,0.9,True,1.0,0.0,0.9516814024858259,1.8865528776794334,2000
1000,0.8,Laplace,mixed symmetric unimodal,symmetric unimodal,829.0,0.8077245237682901,True,1.0,0.0,0.8953220868494196,1.4040838988739193,2000
1000,0.8,Laplace,mixed symmetric unimodal,usual,822.0,0.8,False,1.0,0.0,0.8905839765348237,1.376487279263993,2000
1000,0.8,Laplace,t3,Gaussian,826.0,0.8044105932256035,False,1.0,0.0,0.882672370832219,1.3332154474071367,2000
1000,0.8,Laplace,t3,"no shape, log-concave",941.0,0.9264241117657115,False,1.0,0.0,0.9656008953087243,2.1003092511657786,2000
1000,0.8,Laplace,t3,"no shape, median-zero",916.0,0.9,True,1.0,0.0,0.9486404078476359,1.848971825154812,2000
1000,0.8,Laplace,t3,symmetric unimodal,829.0,0.8077245237682901,True,1.0,0.0,0.8849710268365955,1.3455582990847474,2000
1000,0.8,Laplace,t3,usual,822.0,0.8,False,1.0,0.0,0.8796007756449783,1.3171036373913179,2000
1000,0.8,Laplace,uniform,Gaussian,826.0,0.8044105932256035,False,1.0,0.0,0.8983903087502046,1.4223037949023014,2000
1000,0.8,Laplace,uniform,"no shape, log-concave",941.0,0.9264241117657115,True,1.0,0.0,0.9660607790161154,2.1069155177692465,2000
1000,0.8,Laplace,uniform,"no shape, median-zero",916.0,0.9,True,1.0,0.0,0.9517108775197511,1.886274972918308,2000
1000,0.8,Laplace,uniform,symmetric unimodal,829.0,0.8077245237682901,True,1.0,0.0,0.9002705437817378,1.4339433009913716,2000
1000,0.8,Laplace,uniform,usual,822.0,0.8,False,1.0,0.0,0.8959362310122919,1.4074079311735919,2000
1000,0.8,bimodal,Gaussian,Gaussian,826.0,0.8044105932256035,True,1.0,0.0,0.9240169599161377,1.2953160297993678,2000
1000,0.8,bimodal,Gaussian,"no shape, log-concave",941.0,0.9264241117657115,True,1.0,0.0,0.9912984638374837,1.770535795775867,2000
1000,0.8,bimodal,Gaussian,"no shape, median-zero",916.0,0.9,True,1.0,0.0,0.9817216739962921,1.6254768049436046,2000
1000,0.8,bimodal,Gaussian,symmetric unimodal,829.0,0.8077245237682901,True,1.0,0.0,0.9263963227026671,1.303747868100936,2000
1000,0.8,bimodal,Gaussian,usual,822.0,0.8,False,1.0,0.0,0.9207175351455399,1.2839531794294035,2000
1000,0.8,bimodal,Laplace,Gaussian,826.0,0.8044105932256035,False,1.0,0.0,0.9137081502987288,1.260988962786879,2000
1000,0.8,bimodal,Laplace,"no shape, log-concave",941.0,0.9264241117657115,True,1.0,0.0,0.9901359016191731,1.7484856083260811,2000
1000,0.8,bimodal,Laplace,"no shape, median-zero",916.0,0.9,True,1.0,0.0,0.9786466905158206,1.5938638570191805,2000
1000,0.8,bimodal,Laplace,symmetric unimodal,829.0,0.8077245237682901,True,1.0,0.0,0.9163570150269118,1.2695009449179506,2000
1000,0.8,bimodal,Laplace,usual,822.0,0.8,False,1.0,0.0,0.9101812678787035,1.2499405881887187,2000
1000,0.8,bimodal,centred exp,Gaussian,826.0,0.8044105932256035,False,1.0,0.0,0.9153865713166862,1.2663390781764585,2000
1000,0.8,bimodal,centred exp,"no shape, log-concave",941.0,0.9264241117657115,True,1.0,0.0,0.9898924124564092,1.742866979293845,2000
1000,0.8,bimodal,centred exp,"no shape, median-zero",916.0,0.9,False,1.0,0.0,0.9788650498677799,1.5954680970982522,2000
1000,0.8,bimodal,centred exp,symmetric unimodal,829.0,0.8077245237682901,False,1.0,0.0,0.9179979062534199,1.274851940275274,2000
1000,0.8,bimodal,centred exp,usual,822.0,0.8,False,1.0,0.0,0.9118794530109527,1.2551993781696769,2000
1000,0.8,bimodal,mixed across classes,Gaussian,826.0,0.8044105932256035,False,1.0,0.0,0.915768434503786,1.2674742605060905,2000
1000,0.8,bimodal,mixed across classes,"no shape, log-concave",941.0,0.9264241117657115,False,1.0,0.0,0.9897068278520119,1.7393540662069868,2000
1000,0.8,bimodal,mixed across classes,"no shape, median-zero",916.0,0.9,False,1.0,0.0,0.9786252183966471,1.593052840550221,2000
1000,0.8,bimodal,mixed across classes,symmetric unimodal,829.0,0.8077245237682901,False,1.0,0.0,0.9183137524084959,1.275789899735683,2000
1000,0.8,bimodal,mixed across classes,usual,822.0,0.8,False,1.0,0.0,0.9123458765832226,1.25656127830357,2000
1000,0.8,bimodal,mixed log-concave,Gaussian,826.0,0.8044105932256035,False,1.0,0.0,0.918815598042383,1.2775360901006065,2000
1000,0.8,bimodal,mixed log-concave,"no shape, log-concave",941.0,0.9264241117657115,True,1.0,0.0,0.9903024487132894,1.7503646847332903,2000
1000,0.8,bimodal,mixed log-concave,"no shape, median-zero",916.0,0.9,False,1.0,0.0,0.9797675714926529,1.604497906803371,2000
1000,0.8,bimodal,mixed log-concave,symmetric unimodal,829.0,0.8077245237682901,False,1.0,0.0,0.9212347230423205,1.2856795569082329,2000
1000,0.8,bimodal,mixed log-concave,usual,822.0,0.8,False,1.0,0.0,0.9154808481812184,1.2666206303117094,2000
1000,0.8,bimodal,mixed symmetric unimodal,Gaussian,826.0,0.8044105932256035,False,1.0,0.0,0.9178924205705884,1.2744868941178933,2000
1000,0.8,bimodal,mixed symmetric unimodal,"no shape, log-concave",941.0,0.9264241117657115,False,1.0,0.0,0.9901367343388279,1.7474279058832953,2000
1000,0.8,bimodal,mixed symmetric unimodal,"no shape, median-zero",916.0,0.9,True,1.0,0.0,0.9794432252183253,1.6013388019013612,2000
1000,0.8,bimodal,mixed symmetric unimodal,symmetric unimodal,829.0,0.8077245237682901,True,1.0,0.0,0.9203716373437575,1.2827610759353159,2000
1000,0.8,bimodal,mixed symmetric unimodal,usual,822.0,0.8,False,1.0,0.0,0.9145382773322299,1.2635889511485512,2000
1000,0.8,bimodal,t3,Gaussian,826.0,0.8044105932256035,False,1.0,0.0,0.8993047077486993,1.217757845263916,2000
1000,0.8,bimodal,t3,"no shape, log-concave",941.0,0.9264241117657115,False,1.0,0.0,0.98567144755549,1.6755523378537913,2000
1000,0.8,bimodal,t3,"no shape, median-zero",916.0,0.9,True,1.0,0.0,0.9713980972082183,1.5308288396769139,2000
1000,0.8,bimodal,t3,symmetric unimodal,829.0,0.8077245237682901,True,1.0,0.0,0.9021018571074431,1.2257625371889913,2000
1000,0.8,bimodal,t3,usual,822.0,0.8,False,1.0,0.0,0.8956108596560943,1.2074564865995487,2000
1000,0.8,bimodal,uniform,Gaussian,826.0,0.8044105932256035,False,1.0,0.0,0.9303523354159124,1.3181337229202994,2000
1000,0.8,bimodal,uniform,"no shape, log-concave",941.0,0.9264241117657115,True,1.0,0.0,0.9914822970715051,1.773522326791307,2000
1000,0.8,bimodal,uniform,"no shape, median-zero",916.0,0.9,True,1.0,0.0,0.9828859273900429,1.6383196322315188,2000
1000,0.8,bimodal,uniform,symmetric unimodal,829.0,0.8077245237682901,True,1.0,0.0,0.9326052801688245,1.3266593258279487,2000
1000,0.8,bimodal,uniform,usual,822.0,0.8,False,1.0,0.0,0.927389771575813,1.3072130257561683,2000
1000,0.8,centred gamma,Gaussian,Gaussian,826.0,0.8044105932256035,True,1.0,0.0,0.9252436587550222,1.4394007152717225,2000
1000,0.8,centred gamma,Gaussian,"no shape, log-concave",941.0,0.9264241117657115,True,1.0,0.0,0.9692429322577586,2.1286697863822273,2000
1000,0.8,centred gamma,Gaussian,"no shape, median-zero",916.0,0.9,True,1.0,0.0,0.958615709216162,1.9007675582455514,2000
1000,0.8,centred gamma,Gaussian,symmetric unimodal,829.0,0.8077245237682901,True,1.0,0.0,0.9262939634734396,1.45059242609811,2000
1000,0.8,centred gamma,Gaussian,usual,822.0,0.8,False,1.0,0.0,0.9238673893503613,1.4249861668833292,2000
1000,0.8,centred gamma,Laplace,Gaussian,826.0,0.8044105932256035,False,1.0,0.0,0.9207069608134106,1.3930155339769583,2000
1000,0.8,centred gamma,Laplace,"no shape, log-concave",941.0,0.9264241117657115,True,1.0,0.0,0.9703743730000125,2.158497964709219,2000
1000,0.8,centred gamma,Laplace,"no shape, median-zero",916.0,0.9,True,1.0,0.0,0.9586254448911835,1.901666898893776,2000
1000,0.8,centred gamma,Laplace,symmetric unimodal,829.0,0.8077245237682901,True,1.0,0.0,0.9219016550767524,1.4050350564154055,2000
1000,0.8,centred gamma,Laplace,usual,822.0,0.8,False,1.0,0.0,0.9191711668633508,1.3778174609613079,2000
1000,0.8,centred gamma,centred exp,Gaussian,826.0,0.8044105932256035,False,1.0,0.0,0.9179817501524706,1.3656537450416408,2000
1000,0.8,centred gamma,centred exp,"no shape, log-concave",941.0,0.9264241117657115,True,1.0,0.0,0.9640918695977466,2.012664731370776,2000
1000,0.8,centred gamma,centred exp,"no shape, median-zero",916.0,0.9,False,1.0,0.0,0.9502785030950816,1.7593188711007266,2000
1000,0.8,centred gamma,centred exp,symmetric unimodal,829.0,0.8077245237682901,False,1.0,0.0,0.9188817992662164,1.3744078276173155,2000
1000,0.8,centred gamma,centred exp,usual,822.0,0.8,False,1.0,0.0,0.916789156710156,1.3542073732847053,2000
1000,0.8,centred gamma,mixed across classes,Gaussian,826.0,0.8044105932256035,False,1.0,0.0,0.9213016010539561,1.3987493500419235,2000
1000,0.8,centred gamma,mixed across classes,"no shape, log-concave",941.0,0.9264241117657115,False,1.0,0.0,0.9685567316911504,2.1126588064309515,2000
1000,0.8,centred gamma,mixed across classes,"no shape, median-zero",916.0,0.9,False,1.0,0.0,0.956781257997375,1.86783720205879,2000
1000,0.8,centred gamma,mixed across classes,symmetric unimodal,829.0,0.8077245237682901,False,1.0,0.0,0.9223681964638665,1.4095667443248325,2000
1000,0.8,centred gamma,mixed across classes,usual,822.0,0.8,False,1.0,0.0,0.9198846361628,1.3845996643110976,2000
1000,0.8,centred gamma,mixed log-concave,Gaussian,826.0,0.8044105932256035,False,1.0,0.0,0.9228216624767526,1.4141660539405512,2000
1000,0.8,centred gamma,mixed log-concave,"no shape, log-concave",941.0,0.9264241117657115,True,1.0,0.0,0.9690437857212135,2.124304678300198,2000
1000,0.8,centred gamma,mixed log-concave,"no shape, median-zero",916.0,0.9,False,1.0,0.0,0.9575797737825696,1.8819061568473299,2000
1000,0.8,centred gamma,mixed log-concave,symmetric unimodal,829.0,0.8077245237682901,False,1.0,0.0,0.9238925987750944,1.4252229002842913,2000
1000,0.8,centred gamma,mixed log-concave,usual,822.0,0.8,False,1.0,0.0,0.9214145662105065,1.3998491149189105,2000
1000,0.8,centred gamma,mixed symmetric unimodal,Gaussian,826.0,0.8044105932256035,False,1.0,0.0,0.9222699819587531,1.408590433629588,2000
1000,0.8,centred gamma,mixed symmetric unimodal,"no shape, log-concave",941.0,0.9264241117657115,False,1.0,0.0,0.9685241332398596,2.111424565951922,2000
1000,0.8,centred gamma,mixed symmetric unimodal,"no shape, median-zero",916.0,0.9,True,1.0,0.0,0.9571992978697279,1.8748554884324489,2000
1000,0.8,centred gamma,mixed symmetric unimodal,symmetric unimodal,829.0,0.8077245237682901,True,1.0,0.0,0.9233554072206435,1.419725418932578,2000
1000,0.8,centred gamma,mixed symmetric unimodal,usual,822.0,0.8,False,1.0,0.0,0.9208236008763012,1.3939883265213158,2000
1000,0.8,centred gamma,t3,Gaussian,826.0,0.8044105932256035,False,1.0,0.0,0.9136580469293588,1.3261088784128179,2000
1000,0.8,centred gamma,t3,"no shape, log-concave",941.0,0.9264241117657115,False,1.0,0.0,0.9669444716587957,2.0753314914827987,2000
1000,0.8,centred gamma,t3,"no shape, median-zero",916.0,0.9,True,1.0,0.0,0.9535189548392812,1.8120130748210779,2000
1000,0.8,centred gamma,t3,symmetric unimodal,829.0,0.8077245237682901,True,1.0,0.0,0.914848530384726,1.3367929360428936,2000
1000,0.8,centred gamma,t3,usual,822.0,0.8,False,1.0,0.0,0.9120432588259761,1.3122521481917075,2000
1000,0.8,centred gamma,uniform,Gaussian,826.0,0.8044105932256035,False,1.0,0.0,0.9280687060447464,1.4695691469995178,2000
1000,0.8,centred gamma,uniform,"no shape, log-concave",941.0,0.9264241117657115,True,1.0,0.0,0.9675517936934613,2.087078113215251,2000
1000,0.8,centred gamma,uniform,"no shape, median-zero",916.0,0.9,True,1.0,0.0,0.9577853011527652,1.8847940945778978,2000
1000,0.8,centred gamma,uniform,symmetric unimodal,829.0,0.8077245237682901,True,1.0,0.0,0.9289993906124446,1.479825538763425,2000
1000,0.8,centred gamma,uniform,usual,822.0,0.8,False,1.0,0.0,0.9268155226789767,1.455959645247965,2000
1000,0.8,normal,Gaussian,Gaussian,826.0,0.8044105932256035,True,1.0,0.0,0.9080110262853307,1.3163776391585502,2000
1000,0.8,normal,Gaussian,"no shape, log-concave",941.0,0.9264241117657115,True,1.0,0.0,0.9819695096477814,1.8505204279893346,2000
1000,0.8,normal,Gaussian,"no shape, median-zero",916.0,0.9,True,1.0,0.0,0.9689265647145269,1.6859366517062009,2000
1000,0.8,normal,Gaussian,symmetric unimodal,829.0,0.8077245237682901,True,1.0,0.0,0.9103340182573467,1.3259042587951921,2000
1000,0.8,normal,Gaussian,usual,822.0,0.8,False,1.0,0.0,0.9049570051312089,1.3041429267717735,2000
1000,0.8,normal,Laplace,Gaussian,826.0,0.8044105932256035,False,1.0,0.0,0.9011427768943471,1.2893317156603936,2000
1000,0.8,normal,Laplace,"no shape, log-concave",941.0,0.9264241117657115,True,1.0,0.0,0.98144462113436,1.8427676624009135,2000
1000,0.8,normal,Laplace,"no shape, median-zero",916.0,0.9,True,1.0,0.0,0.9672162530426575,1.6695852153139785,2000
1000,0.8,normal,Laplace,symmetric unimodal,829.0,0.8077245237682901,True,1.0,0.0,0.9036058683545518,1.2988612805754796,2000
1000,0.8,normal,Laplace,usual,822.0,0.8,False,1.0,0.0,0.8978237449012747,1.2767771042748681,2000
1000,0.8,normal,centred exp,Gaussian,826.0,0.8044105932256035,False,1.0,0.0,0.8978007759068904,1.2765947560660005,2000
1000,0.8,normal,centred exp,"no shape, log-concave",941.0,0.9264241117657115,True,1.0,0.0,0.9800974176511393,1.8216346735231919,2000
1000,0.8,normal,centred exp,"no shape, median-zero",916.0,0.9,False,1.0,0.0,0.9650529626723319,1.6489650210386018,2000
1000,0.8,normal,centred exp,symmetric unimodal,829.0,0.8077245237682901,False,1.0,0.0,0.9002467266340722,1.2858179486577015,2000
1000,0.8,normal,centred exp,usual,822.0,0.8,False,1.0,0.0,0.894447277730093,1.2642389739352666,2000
1000,0.8,normal,mixed across classes,Gaussian,826.0,0.8044105932256035,False,1.0,0.0,0.900775583959502,1.2878988726031717,2000
1000,0.8,normal,mixed across classes,"no shape, log-concave",941.0,0.9264241117657115,False,1.0,0.0,0.9802295687492962,1.8236452036082427,2000
1000,0.8,normal,mixed across classes,"no shape, median-zero",916.0,0.9,False,1.0,0.0,0.9660157422149896,1.6579337814848663,2000
1000,0.8,normal,mixed across classes,symmetric unimodal,829.0,0.8077245237682901,False,1.0,0.0,0.9031954195073721,1.297246227044327,2000
1000,0.8,normal,mixed across classes,usual,822.0,0.8,False,1.0,0.0,0.8975256055777168,1.2756724626689793,2000
1000,0.8,normal,mixed log-concave,Gaussian,826.0,0.8044105932256035,False,1.0,0.0,0.9034307221344889,1.2981072299890473,2000
1000,0.8,normal,mixed log-concave,"no shape, log-concave",941.0,0.9264241117657115,True,1.0,0.0,0.9810313443135944,1.8360275982883727,2000
1000,0.8,normal,mixed log-concave,"no shape, median-zero",916.0,0.9,False,1.0,0.0,0.96729187915581,1.6700494889904267,2000
1000,0.8,normal,mixed log-concave,symmetric unimodal,829.0,0.8077245237682901,False,1.0,0.0,0.9058483834518493,1.3076190314160425,2000
1000,0.8,normal,mixed log-concave,usual,822.0,0.8,False,1.0,0.0,0.9002203733272336,1.2857249805236932,2000
1000,0.8,normal,mixed symmetric unimodal,Gaussian,826.0,0.8044105932256035,False,1.0,0.0,0.9032768292642226,1.297495663399909,2000
1000,0.8,normal,mixed symmetric unimodal,"no shape, log-concave",941.0,0.9264241117657115,False,1.0,0.0,0.9808776651243556,1.8335573464987864,2000
1000,0.8,normal,mixed symmetric unimodal,"no shape, median-zero",916.0,0.9,True,1.0,0.0,0.9670238038499521,1.6672712030231032,2000
1000,0.8,normal,mixed symmetric unimodal,symmetric unimodal,829.0,0.8077245237682901,True,1.0,0.0,0.9057020335603229,1.3070269282033458,2000
1000,0.8,normal,mixed symmetric unimodal,usual,822.0,0.8,False,1.0,0.0,0.9000169277455907,1.2849546909753005,2000
1000,0.8,normal,t3,Gaussian,826.0,0.8044105932256035,False,1.0,0.0,0.8888970822288846,1.2445461470807857,2000
1000,0.8,normal,t3,"no shape, log-concave",941.0,0.9264241117657115,False,1.0,0.0,0.9768798325459497,1.7777760016305901,2000
1000,0.8,normal,t3,"no shape, median-zero",916.0,0.9,True,1.0,0.0,0.9604083716489376,1.6092285621477007,2000
1000,0.8,normal,t3,symmetric unimodal,829.0,0.8077245237682901,True,1.0,0.0,0.8915023003371971,1.2537277562475815,2000
1000,0.8,normal,t3,usual,822.0,0.8,False,1.0,0.0,0.8854003306551398,1.2325016760185508,2000
1000,0.8,normal,uniform,Gaussian,826.0,0.8044105932256035,False,1.0,0.0,0.9112202527526242,1.3294886281872482,2000
1000,0.8,normal,uniform,"no shape, log-concave",941.0,0.9264241117657115,True,1.0,0.0,0.9815401594533495,1.8428446292847804,2000
1000,0.8,normal,uniform,"no shape, median-zero",916.0,0.9,True,1.0,0.0,0.9691609470506988,1.6878728513821828,2000
1000,0.8,normal,uniform,symmetric unimodal,829.0,0.8077245237682901,True,1.0,0.0,0.9134339474302722,1.338837882006541,2000
1000,0.8,normal,uniform,usual,822.0,0.8,False,1.0,0.0,0.9082795942178931,1.3173565765647919,2000
1000,0.8,t3,Gaussian,Gaussian,826.0,0.8044105932256035,False,1.0,0.0,0.9161511092421984,1.5603013983028118,2000
1000,0.8,t3,Gaussian,"no shape, log-concave",941.0,0.9264241117657115,True,1.0,0.0,0.9699492519234731,2.3846195466627096,2000
1000,0.8,t3,Gaussian,"no shape, median-zero",916.0,0.9,True,1.0,0.0,0.9590312200257037,2.110961091976973,2000
1000,0.8,t3,Gaussian,symmetric unimodal,829.0,0.8077245237682901,False,1.0,0.0,0.9176949647390832,1.5733684639174184,2000
1000,0.8,t3,Gaussian,usual,822.0,0.8,False,1.0,0.0,0.9140375117851101,1.5428827887768815,2000
1000,0.8,t3,Laplace,Gaussian,826.0,0.8044105932256035,False,1.0,0.0,0.9110126894278171,1.519244502678915,2000
1000,0.8,t3,Laplace,"no shape, log-concave",941.0,0.9264241117657115,True,1.0,0.0,0.9710073140466807,2.419234872586664,2000
1000,0.8,t3,Laplace,"no shape, median-zero",916.0,0.9,True,1.0,0.0,0.9591969151972732,2.1154132943525044,2000
1000,0.8,t3,Laplace,symmetric unimodal,829.0,0.8077245237682901,False,1.0,0.0,0.9127760354849616,1.5331113623818402,2000
1000,0.8,t3,Laplace,usual,822.0,0.8,False,1.0,0.0,0.9086083386008852,1.5008496431273934,2000
1000,0.8,t3,centred exp,Gaussian,826.0,0.8044105932256035,False,1.0,0.0,0.9060275485204116,1.481602410122733,2000
1000,0.8,t3,centred exp,"no shape, log-concave",941.0,0.9264241117657115,True,1.0,0.0,0.969998613933507,2.3881531291983618,2000
1000,0.8,t3,centred exp,"no shape, median-zero",916.0,0.9,False,1.0,0.0,0.9570766937553452,2.073213019483271,2000
1000,0.8,t3,centred exp,symmetric unimodal,829.0,0.8077245237682901,False,1.0,0.0,0.9078177989489415,1.4948109623756527,2000
1000,0.8,t3,centred exp,usual,822.0,0.8,False,1.0,0.0,0.9036229807819224,1.4643639746282904,2000
1000,0.8,t3,mixed across classes,Gaussian,826.0,0.8044105932256035,False,1.0,0.0,0.9101234638224202,1.5118801094911571,2000
1000,0.8,t3,mixed across classes,"no shape, log-concave",941.0,0.9264241117657115,False,1.0,0.0,0.9697304806439426,2.3789134949112203,2000
1000,0.8,t3,mixed across classes,"no shape, median-zero",916.0,0.9,False,1.0,0.0,0.9577535099376469,2.0857668440754322,2000
1000,0.8,t3,mixed across classes,symmetric unimodal,829.0,0.8077245237682901,False,1.0,0.0,0.9118505348060647,1.5253490122676883,2000
1000,0.8,t3,mixed across classes,usual,822.0,0.8,False,1.0,0.0,0.9078458937702061,1.4946604866258382,2000
1000,0.8,t3,mixed log-concave,Gaussian,826.0,0.8044105932256035,False,1.0,0.0,0.9116779780942371,1.5241163411003114,2000
1000,0.8,t3,mixed log-concave,"no shape, log-concave",941.0,0.9264241117657115,True,1.0,0.0,0.9698165615230894,2.380885070344214,2000
1000,0.8,t3,mixed log-concave,"no shape, median-zero",916.0,0.9,False,1.0,0.0,0.9579757104931662,2.0898538244201745,2000
1000,0.8,t3,mixed log-concave,symmetric unimodal,829.0,0.8077245237682901,False,1.0,0.0,0.9133604208603417,1.5375053515433423,2000
1000,0.8,t3,mixed log-concave,usual,822.0,0.8,False,1.0,0.0,0.9094391017995234,1.5067791423663017,2000
1000,0.8,t3,mixed symmetric unimodal,Gaussian,826.0,0.8044105932256035,False,1.0,0.0,0.9119000341999619,1.525841163643694,2000
1000,0.8,t3,mixed symmetric unimodal,"no shape, log-concave",941.0,0.9264241117657115,False,1.0,0.0,0.969162854368657,2.3615103321397037,2000
1000,0.8,t3,mixed symmetric unimodal,"no shape, median-zero",916.0,0.9,True,1.0,0.0,0.9575307979528698,2.081183647874094,2000
1000,0.8,t3,mixed symmetric unimodal,symmetric unimodal,829.0,0.8077245237682901,False,1.0,0.0,0.9135557814365415,1.5390515855078746,2000
1000,0.8,t3,mixed symmetric unimodal,usual,822.0,0.8,False,1.0,0.0,0.909649162731639,1.508387942538732,2000
1000,0.8,t3,t3,Gaussian,826.0,0.8044105932256035,False,1.0,0.0,0.8992464713687537,1.4344974140182263,2000
1000,0.8,t3,t3,"no shape, log-concave",941.0,0.9264241117657115,False,1.0,0.0,0.9678712061623468,2.3260485151902395,2000
1000,0.8,t3,t3,"no shape, median-zero",916.0,0.9,True,1.0,0.0,0.9540734629879589,2.0177185629766234,2000
1000,0.8,t3,t3,symmetric unimodal,829.0,0.8077245237682901,False,1.0,0.0,0.9012021924621622,1.447737528178349,2000
1000,0.8,t3,t3,usual,822.0,0.8,False,1.0,0.0,0.8966072558032949,1.4171050273526395,2000
1000,0.8,t3,uniform,Gaussian,826.0,0.8044105932256035,False,1.0,0.0,0.9179586832757183,1.575078347039361,2000
1000,0.8,t3,uniform,"no shape, log-concave",941.0,0.9264241117657115,True,1.0,0.0,0.9680269218628125,2.327025131968113,2000
1000,0.8,t3,uniform,"no shape, median-zero",916.0,0.9,True,1.0,0.0,0.9574428264285124,2.078202377060886,2000
1000,0.8,t3,uniform,symmetric unimodal,829.0,0.8077245237682901,False,1.0,0.0,0.9193990416936886,1.58759943175324,2000
1000,0.8,t3,uniform,usual,822.0,0.8,False,1.0,0.0,0.9161236302986563,1.5595068908056844,2000
1000,0.8,truncated exponential,Gaussian,Gaussian,826.0,0.8044105932256035,True,1.0,0.0,0.9138456177895634,1.542847881567044,2000
1000,0.8,truncated exponential,Gaussian,"no shape, log-concave",941.0,0.9264241117657115,True,1.0,0.0,0.9649695495772971,2.3102323674683505,2000
1000,0.8,truncated exponential,Gaussian,"no shape, median-zero",916.0,0.9,True,1.0,0.0,0.9517870667237531,2.0579960874828087,2000
1000,0.8,truncated exponential,Gaussian,symmetric unimodal,829.0,0.8077245237682901,True,1.0,0.0,0.914973387676283,1.5552330959076872,2000
1000,0.8,truncated exponential,Gaussian,usual,822.0,0.8,False,1.0,0.0,0.9123791321855201,1.5269447076152047,2000
1000,0.8,truncated exponential,Laplace,Gaussian,826.0,0.8044105932256035,False,1.0,0.0,0.9094037174371069,1.4955553224603069,2000
1000,0.8,truncated exponential,Laplace,"no shape, log-concave",941.0,0.9264241117657115,True,1.0,0.0,0.966666750439618,2.347337062367284,2000
1000,0.8,truncated exponential,Laplace,"no shape, median-zero",916.0,0.9,True,1.0,0.0,0.952387661238077,2.0688199638512765,2000
1000,0.8,truncated exponential,Laplace,symmetric unimodal,829.0,0.8077245237682901,True,1.0,0.0,0.9106566065356656,1.5087753845022582,2000
1000,0.8,truncated exponential,Laplace,usual,822.0,0.8,False,1.0,0.0,0.9077419738754678,1.478271143648409,2000
1000,0.8,truncated exponential,centred exp,Gaussian,826.0,0.8044105932256035,False,1.0,0.0,0.9110531324592619,1.5132290436335532,2000
1000,0.8,truncated exponential,centred exp,"no shape, log-concave",941.0,0.9264241117657115,True,1.0,0.0,0.969294561847244,2.4069420741667438,2000
1000,0.8,truncated exponential,centred exp,"no shape, median-zero",916.0,0.9,False,1.0,0.0,0.9554731265737506,2.12362801086078,2000
1000,0.8,truncated exponential,centred exp,symmetric unimodal,829.0,0.8077245237682901,False,1.0,0.0,0.912446079482226,1.528148140812589,2000
1000,0.8,truncated exponential,centred exp,usual,822.0,0.8,False,1.0,0.0,0.9092563659445595,1.4942617277083532,2000
1000,0.8,truncated exponential,mixed across classes,Gaussian,826.0,0.8044105932256035,False,1.0,0.0,0.9097005798244092,1.4985157450779738,2000
1000,0.8,truncated exponential,mixed across classes,"no shape, log-concave",941.0,0.9264241117657115,False,1.0,0.0,0.9644800821428627,2.300159496748721,2000
1000,0.8,truncated exponential,mixed across classes,"no shape, median-zero",916.0,0.9,False,1.0,0.0,0.9500979066954398,2.02979531353223,2000
1000,0.8,truncated exponential,mixed across classes,symmetric unimodal,829.0,0.8077245237682901,False,1.0,0.0,0.9108331108363946,1.5104752698538024,2000
1000,0.8,truncated exponential,mixed across classes,usual,822.0,0.8,False,1.0,0.0,0.9082014242894981,1.4828645082651373,2000
1000,0.8,truncated exponential,mixed log-concave,Gaussian,826.0,0.8044105932256035,False,1.0,0.0,0.9111192291342387,1.5134176946375937,2000
1000,0.8,truncated exponential,mixed log-concave,"no shape, log-concave",941.0,0.9264241117657115,True,1.0,0.0,0.9648513605876369,2.3081503816224593,2000
1000,0.8,truncated exponential,mixed log-concave,"no shape, median-zero",916.0,0.9,False,1.0,0.0,0.9507311460430453,2.0404542768138954,2000
1000,0.8,truncated exponential,mixed log-concave,symmetric unimodal,829.0,0.8077245237682901,False,1.0,0.0,0.9122416166053327,1.5254348844990024,2000
1000,0.8,truncated exponential,mixed log-concave,usual,822.0,0.8,False,1.0,0.0,0.9096256286957466,1.4976207131812591,2000
1000,0.8,truncated exponential,mixed symmetric unimodal,Gaussian,826.0,0.8044105932256035,False,1.0,0.0,0.9110904607896816,1.5132217449984786,2000
1000,0.8,truncated exponential,mixed symmetric unimodal,"no shape, log-concave",941.0,0.9264241117657115,False,1.0,0.0,0.9640657808147578,2.29144763757881,2000
1000,0.8,truncated exponential,mixed symmetric unimodal,"no shape, median-zero",916.0,0.9,True,1.0,0.0,0.9503135768680627,2.033419722852795,2000
1000,0.8,truncated exponential,mixed symmetric unimodal,symmetric unimodal,829.0,0.8077245237682901,True,1.0,0.0,0.9122460566736192,1.5255896987508033,2000
1000,0.8,truncated exponential,mixed symmetric unimodal,usual,822.0,0.8,False,1.0,0.0,0.9095687690748091,1.4971267489703033,2000
1000,0.8,truncated exponential,t3,Gaussian,826.0,0.8044105932256035,False,1.0,0.0,0.9019293845231203,1.4198038210391004,2000
1000,0.8,truncated exponential,t3,"no shape, log-concave",941.0,0.9264241117657115,False,1.0,0.0,0.9629723787775131,2.2692383591879275,2000
1000,0.8,truncated exponential,t3,"no shape, median-zero",916.0,0.9,True,1.0,0.0,0.9472744121820961,1.9840077438735995,2000
1000,0.8,truncated exponential,t3,symmetric unimodal,829.0,0.8077245237682901,True,1.0,0.0,0.9031998154990585,1.4323490999577306,2000
1000,0.8,truncated exponential,t3,usual,822.0,0.8,False,1.0,0.0,0.9003043704371537,1.4039528829971237,2000
1000,0.8,truncated exponential,uniform,Gaussian,826.0,0.8044105932256035,False,1.0,0.0,0.9165717184736613,1.572818615951227,2000
1000,0.8,truncated exponential,uniform,"no shape, log-concave",941.0,0.9264241117657115,True,1.0,0.0,0.962338232509769,2.2547911168172017,2000
1000,0.8,truncated exponential,uniform,"no shape, median-zero",916.0,0.9,True,1.0,0.0,0.9499389696562406,2.0263921910032208,2000
1000,0.8,truncated exponential,uniform,symmetric unimodal,829.0,0.8077245237682901,True,1.0,0.0,0.9175677828116096,1.5840371205878527,2000
1000,0.8,truncated exponential,uniform,usual,822.0,0.8,False,1.0,0.0,0.9152783876879755,1.5584099224249548,2000
1000,0.9,Laplace,Gaussian,Gaussian,917.0,0.9008034694464981,True,1.0,0.0,0.9537881101768259,1.3378313436572367,2000
1000,0.9,Laplace,Gaussian,log-concave,922.0,0.906,True,1.0,0.0,0.9567279499273907,1.3665849568340136,2000
1000,0.9,Laplace,Gaussian,"no shape, log-concave",974.0,0.9632120558828557,True,1.0,0.0,0.9859585920760935,1.8612552938939249,2000
1000,0.9,Laplace,Gaussian,"no shape, median-zero",962.0,0.95,True,1.0,0.0,0.9794490237892074,1.6929363703948062,2000
1000,0.9,Laplace,Gaussian,symmetric unimodal,918.0,0.9017873124108069,True,1.0,0.0,0.954374349920296,1.3434257010717656,2000
1000,0.9,Laplace,Gaussian,usual,916.0,0.9,False,1.0,0.0,0.9532154283526706,1.3324463969900566,2000
1000,0.9,Laplace,Laplace,Gaussian,917.0,0.9008034694464981,False,1.0,0.0,0.9542354419070161,1.3424696758666632,2000
1000,0.9,Laplace,Laplace,log-concave,922.0,0.906,True,1.0,0.0,0.9573357219353648,1.3731392259831938,2000
1000,0.9,Laplace,Laplace,"no shape, log-concave",974.0,0.9632120558828557,True,1.0,0.0,0.9873115629353992,1.9063915888304883,2000
1000,0.9,Laplace,Laplace,"no shape, median-zero",962.0,0.95,True,1.0,0.0,0.9807958064428001,1.7233702681487129,2000
1000,0.9,Laplace,Laplace,symmetric unimodal,918.0,0.9017873124108069,True,1.0,0.0,0.9548579104122705,1.3484432083968068,2000
1000,0.9,Laplace,Laplace,usual,916.0,0.9,False,1.0,0.0,0.9536248369397433,1.3366737576958376,2000
1000,0.9,Laplace,centred exp,Gaussian,917.0,0.9008034694464981,False,1.0,0.0,0.9525420037787984,1.3270291124139013,2000
1000,0.9,Laplace,centred exp,log-concave,922.0,0.906,True,1.0,0.0,0.9557868205871057,1.358059032199035,2000
1000,0.9,Laplace,centred exp,"no shape, log-concave",974.0,0.9632120558828557,True,1.0,0.0,0.9875257943059503,1.9156811591617429,2000
1000,0.9,Laplace,centred exp,"no shape, median-zero",962.0,0.95,False,1.0,0.0,0.9806271580036386,1.7209476726845427,2000
1000,0.9,Laplace,centred exp,symmetric unimodal,918.0,0.9017873124108069,False,1.0,0.0,0.9531991094419058,1.3331285833062658,2000
1000,0.9,Laplace,centred exp,usual,916.0,0.9,False,1.0,0.0,0.9518881894666599,1.3210321597099708,2000
1000,0.9,Laplace,mixed across classes,Gaussian,917.0,0.9008034694464981,False,1.0,0.0,0.9524482428493047,1.325874706157985,2000
1000,0.9,Laplace,mixed across classes,log-concave,922.0,0.906,False,1.0,0.0,0.9555561545615683,1.3554529938811628,2000
1000,0.9,Laplace,mixed across classes,"no shape, log-concave",974.0,0.9632120558828557,False,1.0,0.0,0.9865046091887557,1.8794809694561467,2000
1000,0.9,Laplace,mixed across classes,"no shape, median-zero",962.0,0.95,False,1.0,0.0,0.9796730720686453,1.6984664550064004,2000
1000,0.9,Laplace,mixed across classes,symmetric unimodal,918.0,0.9017873124108069,False,1.0,0.0,0.9530718060986763,1.3316841513516755,2000
1000,0.9,Laplace,mixed across classes,usual,916.0,0.9,False,1.0,0.0,0.9518353005412796,1.3202671422249441,2000
1000,0.9,Laplace,mixed log-concave,Gaussian,917.0,0.9008034694464981,False,1.0,0.0,0.9531874591379297,1.3324511845453308,2000
1000,0.9,Laplace,mixed log-concave,log-concave,922.0,0.906,True,1.0,0.0,0.9562526302469325,1.3620693719559565,2000
1000,0.9,Laplace,mixed log-concave,"no shape, log-concave",974.0,0.9632120558828557,True,1.0,0.0,0.9867308660644087,1.8867932501620865,2000
1000,0.9,Laplace,mixed log-concave,"no shape, median-zero",962.0,0.95,False,1.0,0.0,0.9800646162190638,1.7069173708428897,2000
1000,0.9,Laplace,mixed log-concave,symmetric unimodal,918.0,0.9017873124108069,False,1.0,0.0,0.9538014669332019,1.3382189756692964,2000
1000,0.9,Laplace,mixed log-concave,usual,916.0,0.9,False,1.0,0.0,0.9526016086127924,1.3270239963839445,2000
1000,0.9,Laplace,mixed symmetric unimodal,Gaussian,917.0,0.9008034694464981,False,1.0,0.0,0.9522907703973487,1.3242030307902761,2000
1000,0.9,Laplace,mixed symmetric unimodal,log-concave,922.0,0.906,False,1.0,0.0,0.9554237336091385,1.3539031532747596,2000
1000,0.9,Laplace,mixed symmetric unimodal,"no shape, log-concave",974.0,0.9632120558828557,False,1.0,0.0,0.9861697175030502,1.8688790615589292,2000
1000,0.9,Laplace,mixed symmetric unimodal,"no shape, median-zero",962.0,0.95,True,1.0,0.0,0.9792947513278215,1.69022139938759,2000
1000,0.9,Laplace,mixed symmetric unimodal,symmetric unimodal,918.0,0.9017873124108069,True,1.0,0.0,0.9529257421047836,1.3300612556089126,2000
1000,0.9,Laplace,mixed symmetric unimodal,usual,916.0,0.9,False,1.0,0.0,0.9516814024858259,1.3186438730917232,2000
1000,0.9,Laplace,t3,Gaussian,917.0,0.9008034694464981,False,1.0,0.0,0.949322092365489,1.2982049226558334,2000
1000,0.9,Laplace,t3,log-concave,922.0,0.906,False,1.0,0.0,0.952724643873017,1.3286874864746991,2000
1000,0.9,Laplace,t3,"no shape, log-concave",974.0,0.9632120558828557,False,1.0,0.0,0.9865012882314792,1.8805786093153565,2000
1000,0.9,Laplace,t3,"no shape, median-zero",962.0,0.95,True,1.0,0.0,0.9791222046188008,1.6877247185735382,2000
1000,0.9,Laplace,t3,symmetric unimodal,918.0,0.9017873124108069,True,1.0,0.0,0.9500093863845023,1.3041849114392485,2000
1000,0.9,Laplace,t3,usual,916.0,0.9,False,1.0,0.0,0.9486404078476359,1.2923758446456364,2000
1000,0.9,Laplace,uniform,Gaussian,917.0,0.9008034694464981,False,1.0,0.0,0.9522857086254721,1.3236796161798041,2000
1000,0.9,Laplace,uniform,log-concave,922.0,0.906,True,1.0,0.0,0.9551889705861625,1.3511202215024751,2000
1000,0.9,Laplace,uniform,"no shape, log-concave",974.0,0.9632120558828557,True,1.0,0.0,0.9848414480710954,1.8270196625226016,2000
1000,0.9,Laplace,uniform,"no shape, median-zero",962.0,0.95,True,1.0,0.0,0.978083181184268,1.664673165319223,2000
1000,0.9,Laplace,uniform,symmetric unimodal,918.0,0.9017873124108069,True,1.0,0.0,0.9528757062658162,1.329119253297302,2000
1000,0.9,Laplace,uniform,usual,916.0,0.9,False,1.0,0.0,0.9517108775197511,1.3184496259996346,2000
1000,0.9,bimodal,Gaussian,Gaussian,917.0,0.9008034694464981,True,1.0,0.0,0.982157725755907,1.338130664227048,2000
1000,0.9,bimodal,Gaussian,log-concave,922.0,0.906,True,1.0,0.0,0.9842952038601498,1.359350816697674,2000
1000,0.9,bimodal,Gaussian,"no shape, log-concave",974.0,0.9632120558828557,True,1.0,0.0,0.9986332624409291,1.7127125258404408,2000
1000,0.9,bimodal,Gaussian,"no shape, median-zero",962.0,0.95,True,1.0,0.0,0.9967303787848585,1.5953562531562868,2000
1000,0.9,bimodal,Gaussian,symmetric unimodal,918.0,0.9017873124108069,True,1.0,0.0,0.9826014292774589,1.342359714242491,2000
1000,0.9,bimodal,Gaussian,usual,916.0,0.9,False,1.0,0.0,0.9817216739962921,1.3340784066488633,2000
1000,0.9,bimodal,Laplace,Gaussian,917.0,0.9008034694464981,False,1.0,0.0,0.9791747461213873,1.3124521902643465,2000
1000,0.9,bimodal,Laplace,log-concave,922.0,0.906,True,1.0,0.0,0.9817346802463938,1.3348405846351201,2000
1000,0.9,bimodal,Laplace,"no shape, log-concave",974.0,0.9632120558828557,True,1.0,0.0,0.9987756282524161,1.7330114742688492,2000
1000,0.9,bimodal,Laplace,"no shape, median-zero",962.0,0.95,True,1.0,0.0,0.9965969009912823,1.5931219271953756,2000
1000,0.9,bimodal,Laplace,symmetric unimodal,918.0,0.9017873124108069,True,1.0,0.0,0.979705423953732,1.316891975061723,2000
1000,0.9,bimodal,Laplace,usual,916.0,0.9,False,1.0,0.0,0.9786466905158206,1.308132695785304,2000
1000,0.9,bimodal,centred exp,Gaussian,917.0,0.9008034694464981,False,1.0,0.0,0.9793810830138935,1.3137044116613834,2000
1000,0.9,bimodal,centred exp,log-concave,922.0,0.906,True,1.0,0.0,0.9817991661811225,1.334868789797858,2000
1000,0.9,bimodal,centred exp,"no shape, log-concave",974.0,0.9632120558828557,True,1.0,0.0,0.9985885900516523,1.7134031281982447,2000
1000,0.9,bimodal,centred exp,"no shape, median-zero",962.0,0.95,False,1.0,0.0,0.9963095871854605,1.5804548853765858,2000
1000,0.9,bimodal,centred exp,symmetric unimodal,918.0,0.9017873124108069,False,1.0,0.0,0.9798977898614055,1.318061566954872,2000
1000,0.9,bimodal,centred exp,usual,916.0,0.9,False,1.0,0.0,0.9788650498677799,1.3094493445631035,2000
1000,0.9,bimodal,mixed across classes,Gaussian,917.0,0.9008034694464981,False,1.0,0.0,0.9791376447326107,1.3116704339484833,2000
1000,0.9,bimodal,mixed across classes,log-concave,922.0,0.906,False,1.0,0.0,0.9815991288030984,1.3330088934139075,2000
1000,0.9,bimodal,mixed across classes,"no shape, log-concave",974.0,0.9632120558828557,False,1.0,0.0,0.998499690328202,1.7035088602796642,2000
1000,0.9,bimodal,mixed across classes,"no shape, median-zero",962.0,0.95,False,1.0,0.0,0.9961748222040134,1.574949507933336,2000
1000,0.9,bimodal,mixed across classes,symmetric unimodal,918.0,0.9017873124108069,False,1.0,0.0,0.9796428840086681,1.3158557371278152,2000
1000,0.9,bimodal,mixed across classes,usual,916.0,0.9,False,1.0,0.0,0.9786252183966471,1.3074670698253488,2000
1000,0.9,bimodal,mixed log-concave,Gaussian,917.0,0.9008034694464981,False,1.0,0.0,0.9802547344800314,1.321004584369438,2000
1000,0.9,bimodal,mixed log-concave,log-concave,922.0,0.906,True,1.0,0.0,0.9825572242384719,1.3419204904266848,2000
1000,0.9,bimodal,mixed log-concave,"no shape, log-concave",974.0,0.9632120558828557,True,1.0,0.0,0.9985576070781577,1.7085855396685266,2000
1000,0.9,bimodal,mixed log-concave,"no shape, median-zero",962.0,0.95,False,1.0,0.0,0.9963955593414233,1.5833747825869287,2000
1000,0.9,bimodal,mixed log-concave,symmetric unimodal,918.0,0.9017873124108069,False,1.0,0.0,0.9807147017954767,1.324995869103786,2000
1000,0.9,bimodal,mixed log-concave,usual,916.0,0.9,False,1.0,0.0,0.9797675714926529,1.3168603848850016,2000
1000,0.9,bimodal,mixed symmetric unimodal,Gaussian,917.0,0.9008034694464981,False,1.0,0.0,0.9799256085946173,1.3183181300431643,2000
1000,0.9,bimodal,mixed symmetric unimodal,log-concave,922.0,0.906,False,1.0,0.0,0.9822633249589253,1.3393192404034089,2000
1000,0.9,bimodal,mixed symmetric unimodal,"no shape, log-concave",974.0,0.9632120558828557,False,1.0,0.0,0.9984594818528864,1.698467230883653,2000
1000,0.9,bimodal,mixed symmetric unimodal,"no shape, median-zero",962.0,0.95,True,1.0,0.0,0.9962317505215524,1.5762842713122314,2000
1000,0.9,bimodal,mixed symmetric unimodal,symmetric unimodal,918.0,0.9017873124108069,True,1.0,0.0,0.9804205623175446,1.322574167941223,2000
1000,0.9,bimodal,mixed symmetric unimodal,usual,916.0,0.9,False,1.0,0.0,0.9794432252183253,1.3142676111085365,2000
1000,0.9,bimodal,t3,Gaussian,917.0,0.9008034694464981,False,1.0,0.0,0.9720315908924723,1.260402983882011,2000
1000,0.9,bimodal,t3,log-concave,922.0,0.906,False,1.0,0.0,0.9751288800870572,1.2813186198764666,2000
1000,0.9,bimodal,t3,"no shape, log-concave",974.0,0.9632120558828557,False,1.0,0.0,0.9978774471218678,1.6619810383003217,2000
1000,0.9,bimodal,t3,"no shape, median-zero",962.0,0.95,True,1.0,0.0,0.9945481192634433,1.525832459657995,2000
1000,0.9,bimodal,t3,symmetric unimodal,918.0,0.9017873124108069,True,1.0,0.0,0.9726643007712111,1.2645113323854027,2000
1000,0.9,bimodal,t3,usual,916.0,0.9,False,1.0,0.0,0.9713980972082183,1.2563979338721853,2000
1000,0.9,bimodal,uniform,Gaussian,917.0,0.9008034694464981,False,1.0,0.0,0.9832855969764719,1.3485451369209223,2000
1000,0.9,bimodal,uniform,log-concave,922.0,0.906,True,1.0,0.0,0.985196368812232,1.3685344384420146,2000
1000,0.9,bimodal,uniform,"no shape, log-concave",974.0,0.9632120558828557,True,1.0,0.0,0.9983419148434328,1.685701043429904,2000
1000,0.9,bimodal,uniform,"no shape, median-zero",962.0,0.95,True,1.0,0.0,0.9964444478380471,1.5828645049112948,2000
1000,0.9,bimodal,uniform,symmetric unimodal,918.0,0.9017873124108069,True,1.0,0.0,0.9836665307871433,1.3523916626592192,2000
1000,0.9,bimodal,uniform,usual,916.0,0.9,False,1.0,0.0,0.9828859273900429,1.344618906835036,2000
1000,0.9,centred gamma,Gaussian,Gaussian,917.0,0.9008034694464981,True,1.0,0.0,0.9590316318843214,1.553069410219026,2000
1000,0.9,centred gamma,Gaussian,log-concave,922.0,0.906,True,1.0,0.0,0.9611091422562132,1.5857350559037673,2000
1000,0.9,centred gamma,Gaussian,"no shape, log-concave",974.0,0.9632120558828557,True,1.0,0.0,0.9850278919180195,2.1776695383134492,2000
1000,0.9,centred gamma,Gaussian,"no shape, median-zero",962.0,0.95,True,1.0,0.0,0.9790067221688401,1.9688861558545785,2000
1000,0.9,centred gamma,Gaussian,symmetric unimodal,918.0,0.9017873124108069,True,1.0,0.0,0.9594440394149626,1.559412638686575,2000
1000,0.9,centred gamma,Gaussian,usual,916.0,0.9,False,1.0,0.0,0.958615709216162,1.5467196626827708,2000
1000,0.9,centred gamma,Laplace,Gaussian,917.0,0.9008034694464981,False,1.0,0.0,0.9590765244159271,1.5543665379289633,2000
1000,0.9,centred gamma,Laplace,log-concave,922.0,0.906,True,1.0,0.0,0.9614059065696569,1.59118333580055,2000
1000,0.9,centred gamma,Laplace,"no shape, log-concave",974.0,0.9632120558828557,True,1.0,0.0,0.986770446380776,2.253850247457277,2000
1000,0.9,centred gamma,Laplace,"no shape, median-zero",962.0,0.95,True,1.0,0.0,0.9807464573643467,2.0229609608957175,2000
1000,0.9,centred gamma,Laplace,symmetric unimodal,918.0,0.9017873124108069,True,1.0,0.0,0.959531631032213,1.5614144739290496,2000
1000,0.9,centred gamma,Laplace,usual,916.0,0.9,False,1.0,0.0,0.9586254448911835,1.5474514869702929,2000
1000,0.9,centred gamma,centred exp,Gaussian,917.0,0.9008034694464981,False,1.0,0.0,0.9507716084888407,1.4379721765703262,2000
1000,0.9,centred gamma,centred exp,log-concave,922.0,0.906,True,1.0,0.0,0.9532801564668824,1.4711719312387925,2000
1000,0.9,centred gamma,centred exp,"no shape, log-concave",974.0,0.9632120558828557,True,1.0,0.0,0.9855597996955846,2.2058615883784323,2000
1000,0.9,centred gamma,centred exp,"no shape, median-zero",962.0,0.95,False,1.0,0.0,0.9777318489894156,1.9374883594369003,2000
1000,0.9,centred gamma,centred exp,symmetric unimodal,918.0,0.9017873124108069,False,1.0,0.0,0.9512531661367339,1.444200484762325,2000
1000,0.9,centred gamma,centred exp,usual,916.0,0.9,False,1.0,0.0,0.9502785030950816,1.431618021391342,2000
1000,0.9,centred gamma,mixed across classes,Gaussian,917.0,0.9008034694464981,False,1.0,0.0,0.9572303949031452,1.5265386783337254,2000
1000,0.9,centred gamma,mixed across classes,log-concave,922.0,0.906,False,1.0,0.0,0.9595466887830542,1.5615867015248368,2000
1000,0.9,centred gamma,mixed across classes,"no shape, log-concave",974.0,0.9632120558828557,False,1.0,0.0,0.9857538512662848,2.2094707558397966,2000
1000,0.9,centred gamma,mixed across classes,"no shape, median-zero",962.0,0.95,False,1.0,0.0,0.9793086518324591,1.978892238972649,2000
1000,0.9,centred gamma,mixed across classes,symmetric unimodal,918.0,0.9017873124108069,False,1.0,0.0,0.9576787083853485,1.5331688939289965,2000
1000,0.9,centred gamma,mixed across classes,usual,916.0,0.9,False,1.0,0.0,0.956781257997375,1.519923104001906,2000
1000,0.9,centred gamma,mixed log-concave,Gaussian,917.0,0.9008034694464981,False,1.0,0.0,0.9580037730457568,1.537672506773801,2000
1000,0.9,centred gamma,mixed log-concave,log-concave,922.0,0.906,True,1.0,0.0,0.9602104867367846,1.5715975759369867,2000
1000,0.9,centred gamma,mixed log-concave,"no shape, log-concave",974.0,0.9632120558828557,True,1.0,0.0,0.9859086887912131,2.2154155660812758,2000
1000,0.9,centred gamma,mixed log-concave,"no shape, median-zero",962.0,0.95,False,1.0,0.0,0.9795921322614898,1.9870753507218386,2000
1000,0.9,centred gamma,mixed log-concave,symmetric unimodal,918.0,0.9017873124108069,False,1.0,0.0,0.9584419837147712,1.54425676278623,2000
1000,0.9,centred gamma,mixed log-concave,usual,916.0,0.9,False,1.0,0.0,0.9575797737825696,1.5313714943694872,2000
1000,0.9,centred gamma,mixed symmetric unimodal,Gaussian,917.0,0.9008034694464981,False,1.0,0.0,0.9576496390337743,1.532268622683284,2000
1000,0.9,centred gamma,mixed symmetric unimodal,log-concave,922.0,0.906,False,1.0,0.0,0.9598391519820348,1.5656265928946291,2000
1000,0.9,centred gamma,mixed symmetric unimodal,"no shape, log-concave",974.0,0.9632120558828557,False,1.0,0.0,0.9853530667096625,2.1919603028540338,2000
1000,0.9,centred gamma,mixed symmetric unimodal,"no shape, median-zero",962.0,0.95,True,1.0,0.0,0.9789827769180449,1.968928802746007,2000
1000,0.9,centred gamma,mixed symmetric unimodal,symmetric unimodal,918.0,0.9017873124108069,True,1.0,0.0,0.958090271012695,1.5388253938226668,2000
1000,0.9,centred gamma,mixed symmetric unimodal,usual,916.0,0.9,False,1.0,0.0,0.9571992978697279,1.5256341239976894,2000
1000,0.9,centred gamma,t3,Gaussian,917.0,0.9008034694464981,False,1.0,0.0,0.9540231857819359,1.4813700703676358,2000
1000,0.9,centred gamma,t3,log-concave,922.0,0.906,False,1.0,0.0,0.9566565656024557,1.5186381014418089,2000
1000,0.9,centred gamma,t3,"no shape, log-concave",974.0,0.9632120558828557,False,1.0,0.0,0.9858971096760705,2.216988597539013,2000
1000,0.9,centred gamma,t3,"no shape, median-zero",962.0,0.95,True,1.0,0.0,0.9788874060086095,1.968062040707843,2000
1000,0.9,centred gamma,t3,symmetric unimodal,918.0,0.9017873124108069,True,1.0,0.0,0.9545617930945193,1.488838269553854,2000
1000,0.9,centred gamma,t3,usual,916.0,0.9,False,1.0,0.0,0.9535189548392812,1.4744970997142637,2000
1000,0.9,centred gamma,uniform,Gaussian,917.0,0.9008034694464981,False,1.0,0.0,0.9581403386859003,1.5390298131647369,2000
1000,0.9,centred gamma,uniform,log-concave,922.0,0.906,True,1.0,0.0,0.9600412273977162,1.5681695798039408,2000
1000,0.9,centred gamma,uniform,"no shape, log-concave",974.0,0.9632120558828557,True,1.0,0.0,0.9834001324240922,2.114447938096995,2000
1000,0.9,centred gamma,uniform,"no shape, median-zero",962.0,0.95,True,1.0,0.0,0.9770824644206403,1.9144784571864435,2000
1000,0.9,centred gamma,uniform,symmetric unimodal,918.0,0.9017873124108069,True,1.0,0.0,0.9585207492242834,1.5447493716405938,2000
1000,0.9,centred gamma,uniform,usual,916.0,0.9,False,1.0,0.0,0.9577853011527652,1.5337215082115772,2000
1000,0.9,normal,Gaussian,Gaussian,917.0,0.9008034694464981,True,1.0,0.0,0.9694930624296999,1.3180589090147334,2000
1000,0.9,normal,Gaussian,log-concave,922.0,0.906,True,1.0,0.0,0.9722476584773407,1.3409461821878128,2000
1000,0.9,normal,Gaussian,"no shape, log-concave",974.0,0.9632120558828557,True,1.0,0.0,0.9949921766833123,1.7155931652844225,2000
1000,0.9,normal,Gaussian,"no shape, median-zero",962.0,0.95,True,1.0,0.0,0.9909108207886574,1.592194791607782,2000
1000,0.9,normal,Gaussian,symmetric unimodal,918.0,0.9017873124108069,True,1.0,0.0,0.9700563814504285,1.3225957723852912,2000
1000,0.9,normal,Gaussian,usual,916.0,0.9,False,1.0,0.0,0.9689265647145269,1.313560501676695,2000
1000,0.9,normal,Laplace,Gaussian,917.0,0.9008034694464981,False,1.0,0.0,0.967791639524335,1.3051810178084158,2000
1000,0.9,normal,Laplace,log-concave,922.0,0.906,True,1.0,0.0,0.9708641922963921,1.3296247467731326,2000
1000,0.9,normal,Laplace,"no shape, log-concave",974.0,0.9632120558828557,True,1.0,0.0,0.9955601077015092,1.7414199677700095,2000
1000,0.9,normal,Laplace,"no shape, median-zero",962.0,0.95,True,1.0,0.0,0.9911685421831842,1.599381653784074,2000
1000,0.9,normal,Laplace,symmetric unimodal,918.0,0.9017873124108069,True,1.0,0.0,0.9684144853850405,1.309967640680832,2000
1000,0.9,normal,Laplace,usual,916.0,0.9,False,1.0,0.0,0.9672162530426575,1.3008206392573298,2000
1000,0.9,normal,centred exp,Gaussian,917.0,0.9008034694464981,False,1.0,0.0,0.9657190398135523,1.289547914820586,2000
1000,0.9,normal,centred exp,log-concave,922.0,0.906,True,1.0,0.0,0.9688955443421939,1.3134478301600083,2000
1000,0.9,normal,centred exp,"no shape, log-concave",974.0,0.9632120558828557,True,1.0,0.0,0.9952208144730393,1.727274852300144,2000
1000,0.9,normal,centred exp,"no shape, median-zero",962.0,0.95,False,1.0,0.0,0.9905064866103999,1.5840611161989557,2000
1000,0.9,normal,centred exp,symmetric unimodal,918.0,0.9017873124108069,False,1.0,0.0,0.96632822276377,1.293978180745355,2000
1000,0.9,normal,centred exp,usual,916.0,0.9,False,1.0,0.0,0.9650529626723319,1.2847548679191108,2000
1000,0.9,normal,mixed across classes,Gaussian,917.0,0.9008034694464981,False,1.0,0.0,0.9666269827917291,1.2962133569812264,2000
1000,0.9,normal,mixed across classes,log-concave,922.0,0.906,False,1.0,0.0,0.9696274545587551,1.319276864909388,2000
1000,0.9,normal,mixed across classes,"no shape, log-concave",974.0,0.9632120558828557,False,1.0,0.0,0.9948795235624267,1.712767750343214,2000
1000,0.9,normal,mixed across classes,"no shape, median-zero",962.0,0.95,False,1.0,0.0,0.9902503274972496,1.578412884019799,2000
1000,0.9,normal,mixed across classes,symmetric unimodal,918.0,0.9017873124108069,False,1.0,0.0,0.967228333787489,1.300679015944987,2000
1000,0.9,normal,mixed across classes,usual,916.0,0.9,False,1.0,0.0,0.9660157422149896,1.2917426805746401,2000
1000,0.9,normal,mixed log-concave,Gaussian,917.0,0.9008034694464981,False,1.0,0.0,0.9678739984699134,1.305582688320631,2000
1000,0.9,normal,mixed log-concave,log-concave,922.0,0.906,True,1.0,0.0,0.970760156544687,1.3285878751879607,2000
1000,0.9,normal,mixed log-concave,"no shape, log-concave",974.0,0.9632120558828557,True,1.0,0.0,0.995068533368544,1.7195961290482191,2000
1000,0.9,normal,mixed log-concave,"no shape, median-zero",962.0,0.95,False,1.0,0.0,0.9906440634147057,1.5865923606469696,2000
1000,0.9,normal,mixed log-concave,symmetric unimodal,918.0,0.9017873124108069,False,1.0,0.0,0.9684679467464016,1.3101482775551059,2000
1000,0.9,normal,mixed log-concave,usual,916.0,0.9,False,1.0,0.0,0.96729187915581,1.3011823678921122,2000
1000,0.9,normal,mixed symmetric unimodal,Gaussian,917.0,0.9008034694464981,False,1.0,0.0,0.9676188240540405,1.3034817664259017,2000
1000,0.9,normal,mixed symmetric unimodal,log-concave,922.0,0.906,False,1.0,0.0,0.9705587906104813,1.326699408828487,2000
1000,0.9,normal,mixed symmetric unimodal,"no shape, log-concave",974.0,0.9632120558828557,False,1.0,0.0,0.9949337984351637,1.7138959165268957,2000
1000,0.9,normal,mixed symmetric unimodal,"no shape, median-zero",962.0,0.95,True,1.0,0.0,0.990515522330038,1.5836476927752003,2000
1000,0.9,normal,mixed symmetric unimodal,symmetric unimodal,918.0,0.9017873124108069,True,1.0,0.0,0.9682219774438956,1.3080787345489302,2000
1000,0.9,normal,mixed symmetric unimodal,usual,916.0,0.9,False,1.0,0.0,0.9670238038499521,1.299017727420392,2000
1000,0.9,normal,t3,Gaussian,917.0,0.9008034694464981,False,1.0,0.0,0.9610943280358258,1.2581836870851333,2000
1000,0.9,normal,t3,log-concave,922.0,0.906,False,1.0,0.0,0.9644837181745859,1.2811049367998044,2000
1000,0.9,normal,t3,"no shape, log-concave",974.0,0.9632120558828557,False,1.0,0.0,0.9942122009400048,1.6899241550045971,2000
1000,0.9,normal,t3,"no shape, median-zero",962.0,0.95,True,1.0,0.0,0.9887279512486827,1.5477556304532345,2000
1000,0.9,normal,t3,symmetric unimodal,918.0,0.9017873124108069,True,1.0,0.0,0.961783863693862,1.262679852953217,2000
1000,0.9,normal,t3,usual,916.0,0.9,False,1.0,0.0,0.9604083716489376,1.2537950789953907,2000
1000,0.9,normal,uniform,Gaussian,917.0,0.9008034694464981,False,1.0,0.0,0.9696761323127909,1.3191685268070932,2000
1000,0.9,normal,uniform,log-concave,922.0,0.906,True,1.0,0.0,0.972279985164648,1.340829078620385,2000
1000,0.9,normal,uniform,"no shape, log-concave",974.0,0.9632120558828557,True,1.0,0.0,0.994348174023118,1.689533799297258,2000
1000,0.9,normal,uniform,"no shape, median-zero",962.0,0.95,True,1.0,0.0,0.9902730229043024,1.5768394317938932,2000
1000,0.9,normal,uniform,symmetric unimodal,918.0,0.9017873124108069,True,1.0,0.0,0.9701703848618843,1.3231634960645327,2000
1000,0.9,normal,uniform,usual,916.0,0.9,False,1.0,0.0,0.9691609470506988,1.3150690491153876,2000
1000,0.9,t3,Gaussian,Gaussian,917.0,0.9008034694464981,False,1.0,0.0,0.9594781461671813,1.475503161401896,2000
1000,0.9,t3,Gaussian,log-concave,922.0,0.906,False,1.0,0.0,0.9616859952913177,1.508798786839348,2000
1000,0.9,t3,Gaussian,"no shape, log-concave",974.0,0.9632120558828557,True,1.0,0.0,0.9844382860204476,2.1282022329402595,2000
1000,0.9,t3,Gaussian,"no shape, median-zero",962.0,0.95,True,1.0,0.0,0.9790636342460843,1.9050363063137643,2000
1000,0.9,t3,Gaussian,symmetric unimodal,918.0,0.9017873124108069,False,1.0,0.0,0.9599122656990994,1.4818802736057624,2000
1000,0.9,t3,Gaussian,usual,916.0,0.9,False,1.0,0.0,0.9590312200257037,1.469052573067115,2000
1000,0.9,t3,Laplace,Gaussian,917.0,0.9008034694464981,False,1.0,0.0,0.9596834924198969,1.4792215119124912,2000
1000,0.9,t3,Laplace,log-concave,922.0,0.906,False,1.0,0.0,0.9621033983389512,1.5161173148214695,2000
1000,0.9,t3,Laplace,"no shape, log-concave",974.0,0.9632120558828557,True,1.0,0.0,0.985976141399324,2.212403662553599,2000
1000,0.9,t3,Laplace,"no shape, median-zero",962.0,0.95,True,1.0,0.0,0.980580750085593,1.960647342108177,2000
1000,0.9,t3,Laplace,symmetric unimodal,918.0,0.9017873124108069,False,1.0,0.0,0.9601648728841398,1.4863623392810275,2000
1000,0.9,t3,Laplace,usual,916.0,0.9,False,1.0,0.0,0.9591969151972732,1.472150933989279,2000
1000,0.9,t3,centred exp,Gaussian,917.0,0.9008034694464981,False,1.0,0.0,0.9575800935606263,1.4497000641523,2000
1000,0.9,t3,centred exp,log-concave,922.0,0.906,False,1.0,0.0,0.9602203048115797,1.4875386871968774,2000
1000,0.9,t3,centred exp,"no shape, log-concave",974.0,0.9632120558828557,True,1.0,0.0,0.9861851904197712,2.226161280893432,2000
1000,0.9,t3,centred exp,"no shape, median-zero",962.0,0.95,False,1.0,0.0,0.9803970973408884,1.9548327163767871,2000
1000,0.9,t3,centred exp,symmetric unimodal,918.0,0.9017873124108069,False,1.0,0.0,0.9580956950987907,1.456811392143945,2000
1000,0.9,t3,centred exp,usual,916.0,0.9,False,1.0,0.0,0.9570766937553452,1.4427830680364648,2000
1000,0.9,t3,mixed across classes,Gaussian,917.0,0.9008034694464981,False,1.0,0.0,0.9582385581864054,1.45829952283278,2000
1000,0.9,t3,mixed across classes,log-concave,922.0,0.906,False,1.0,0.0,0.9606532463185272,1.4934879168311463,2000
1000,0.9,t3,mixed across classes,"no shape, log-concave",974.0,0.9632120558828557,False,1.0,0.0,0.9853496405618842,2.1786277985315476,2000
1000,0.9,t3,mixed across classes,"no shape, median-zero",962.0,0.95,False,1.0,0.0,0.9796498108770991,1.9265163399296206,2000
1000,0.9,t3,mixed across classes,symmetric unimodal,918.0,0.9017873124108069,False,1.0,0.0,0.9587159204469861,1.4650341896146188,2000
1000,0.9,t3,mixed across classes,usual,916.0,0.9,False,1.0,0.0,0.9577535099376469,1.4515194812224022,2000
1000,0.9,t3,mixed log-concave,Gaussian,917.0,0.9008034694464981,False,1.0,0.0,0.9584583042777947,1.4611255028453218,2000
1000,0.9,t3,mixed log-concave,log-concave,922.0,0.906,False,1.0,0.0,0.9608525043420532,1.496123688460267,2000
1000,0.9,t3,mixed log-concave,"no shape, log-concave",974.0,0.9632120558828557,True,1.0,0.0,0.9852492566238654,2.1713066344435172,2000
1000,0.9,t3,mixed log-concave,"no shape, median-zero",962.0,0.95,False,1.0,0.0,0.9795738571472951,1.923095577942433,2000
1000,0.9,t3,mixed log-concave,symmetric unimodal,918.0,0.9017873124108069,False,1.0,0.0,0.9589453472352211,1.468011768444734,2000
1000,0.9,t3,mixed log-concave,usual,916.0,0.9,False,1.0,0.0,0.9579757104931662,1.4543636781213103,2000
1000,0.9,t3,mixed symmetric unimodal,Gaussian,917.0,0.9008034694464981,False,1.0,0.0,0.9580118737046958,1.4549627414345745,2000
1000,0.9,t3,mixed symmetric unimodal,log-concave,922.0,0.906,False,1.0,0.0,0.9603124342430959,1.4880702304649585,2000
1000,0.9,t3,mixed symmetric unimodal,"no shape, log-concave",974.0,0.9632120558828557,False,1.0,0.0,0.9847108992462429,2.143827933992517,2000
1000,0.9,t3,mixed symmetric unimodal,"no shape, median-zero",962.0,0.95,True,1.0,0.0,0.9789630928426819,1.9022232492285749,2000
1000,0.9,t3,mixed symmetric unimodal,symmetric unimodal,918.0,0.9017873124108069,False,1.0,0.0,0.9584728643439421,1.4614007706677352,2000
1000,0.9,t3,mixed symmetric unimodal,usual,916.0,0.9,False,1.0,0.0,0.9575307979528698,1.4483299595405306,2000
1000,0.9,t3,t3,Gaussian,917.0,0.9008034694464981,False,1.0,0.0,0.9546371332005037,1.411200361409229,2000
1000,0.9,t3,t3,log-concave,922.0,0.906,False,1.0,0.0,0.9574843317214659,1.448684864939914,2000
1000,0.9,t3,t3,"no shape, log-concave",974.0,0.9632120558828557,False,1.0,0.0,0.9853431047176573,2.1805417828067437,2000
1000,0.9,t3,t3,"no shape, median-zero",962.0,0.95,True,1.0,0.0,0.9790638519726593,1.9079278684215948,2000
1000,0.9,t3,t3,symmetric unimodal,918.0,0.9017873124108069,False,1.0,0.0,0.9552102024384872,1.418477100775201,2000
1000,0.9,t3,t3,usual,916.0,0.9,False,1.0,0.0,0.9540734629879589,1.4041635622426833,2000
1000,0.9,t3,uniform,Gaussian,917.0,0.9008034694464981,False,1.0,0.0,0.9578816891152726,1.4522821490791769,2000
1000,0.9,t3,uniform,log-concave,922.0,0.906,False,1.0,0.0,0.9599739356552166,1.4821892357136814,2000
1000,0.9,t3,uniform,"no shape, log-concave",974.0,0.9632120558828557,True,1.0,0.0,0.9830412324656533,2.0613866167380843,2000
1000,0.9,t3,uniform,"no shape, median-zero",962.0,0.95,True,1.0,0.0,0.9773722747686563,1.8492603095088815,2000
1000,0.9,t3,uniform,symmetric unimodal,918.0,0.9017873124108069,False,1.0,0.0,0.9583152623410142,1.4583383944151211,2000
1000,0.9,t3,uniform,usual,916.0,0.9,False,1.0,0.0,0.9574428264285124,1.4462552441060306,2000
1000,0.9,truncated exponential,Gaussian,Gaussian,917.0,0.9008034694464981,True,1.0,0.0,0.952290293859387,1.4761974195730347,2000
1000,0.9,truncated exponential,Gaussian,log-concave,922.0,0.906,True,1.0,0.0,0.9548149574033116,1.5080192509594408,2000
1000,0.9,truncated exponential,Gaussian,"no shape, log-concave",974.0,0.9632120558828557,True,1.0,0.0,0.985371479864053,2.0427373268214275,2000
1000,0.9,truncated exponential,Gaussian,"no shape, median-zero",962.0,0.95,True,1.0,0.0,0.9773730143054986,1.8657865930939266,2000
1000,0.9,truncated exponential,Gaussian,symmetric unimodal,918.0,0.9017873124108069,True,1.0,0.0,0.9527747257629032,1.4822111867982863,2000
1000,0.9,truncated exponential,Gaussian,usual,916.0,0.9,False,1.0,0.0,0.9517870667237531,1.4700016576272903,2000
1000,0.9,truncated exponential,Laplace,Gaussian,917.0,0.9008034694464981,False,1.0,0.0,0.9529270650191133,1.4844395522056417,2000
1000,0.9,truncated exponential,Laplace,log-concave,922.0,0.906,True,1.0,0.0,0.9557254257960808,1.5200896947238312,2000
1000,0.9,truncated exponential,Laplace,"no shape, log-concave",974.0,0.9632120558828557,True,1.0,0.0,0.9873669924040548,2.093212557407875,2000
1000,0.9,truncated exponential,Laplace,"no shape, median-zero",962.0,0.95,True,1.0,0.0,0.9795017867397328,1.909317400730657,2000
1000,0.9,truncated exponential,Laplace,symmetric unimodal,918.0,0.9017873124108069,True,1.0,0.0,0.9534870457431737,1.4914413660212413,2000
1000,0.9,truncated exponential,Laplace,usual,916.0,0.9,False,1.0,0.0,0.952387661238077,1.4777330213069275,2000
1000,0.9,truncated exponential,centred exp,Gaussian,917.0,0.9008034694464981,False,1.0,0.0,0.9560306510552096,1.5241396980605446,2000
1000,0.9,truncated exponential,centred exp,log-concave,922.0,0.906,True,1.0,0.0,0.9587466899590008,1.560480224652865,2000
1000,0.9,truncated exponential,centred exp,"no shape, log-concave",974.0,0.9632120558828557,True,1.0,0.0,0.9891817749516474,2.142201280498825,2000
1000,0.9,truncated exponential,centred exp,"no shape, median-zero",962.0,0.95,False,1.0,0.0,0.9816694102273105,1.9558948729441323,2000
1000,0.9,truncated exponential,centred exp,symmetric unimodal,918.0,0.9017873124108069,False,1.0,0.0,0.956563704565036,1.531142268869219,2000
1000,0.9,truncated exponential,centred exp,usual,916.0,0.9,False,1.0,0.0,0.9554731265737506,1.5168817448858094,2000
1000,0.9,truncated exponential,mixed across classes,Gaussian,917.0,0.9008034694464981,False,1.0,0.0,0.9506438388864863,1.4564033305962842,2000
1000,0.9,truncated exponential,mixed across classes,log-concave,922.0,0.906,False,1.0,0.0,0.9533730258104108,1.4900443251780175,2000
1000,0.9,truncated exponential,mixed across classes,"no shape, log-concave",974.0,0.9632120558828557,False,1.0,0.0,0.9862783588896511,2.065671337499204,2000
1000,0.9,truncated exponential,mixed across classes,"no shape, median-zero",962.0,0.95,False,1.0,0.0,0.9779746044892577,1.8781290694660786,2000
1000,0.9,truncated exponential,mixed across classes,symmetric unimodal,918.0,0.9017873124108069,False,1.0,0.0,0.9511873337391566,1.4630036131209068,2000
1000,0.9,truncated exponential,mixed across classes,usual,916.0,0.9,False,1.0,0.0,0.9500979066954398,1.4498581866528488,2000
1000,0.9,truncated exponential,mixed log-concave,Gaussian,917.0,0.9008034694464981,False,1.0,0.0,0.9512858584639484,1.464170292807433,2000
1000,0.9,truncated exponential,mixed log-concave,log-concave,922.0,0.906,True,1.0,0.0,0.9539829327704238,1.4977355313192244,2000
1000,0.9,truncated exponential,mixed log-concave,"no shape, log-concave",974.0,0.9632120558828557,True,1.0,0.0,0.9863174153658646,2.066804135605522,2000
1000,0.9,truncated exponential,mixed log-concave,"no shape, median-zero",962.0,0.95,False,1.0,0.0,0.9780464055122929,1.8796770745005316,2000
1000,0.9,truncated exponential,mixed log-concave,symmetric unimodal,918.0,0.9017873124108069,False,1.0,0.0,0.951817094249812,1.4706701768744412,2000
1000,0.9,truncated exponential,mixed log-concave,usual,916.0,0.9,False,1.0,0.0,0.9507311460430453,1.4574717549137108,2000
1000,0.9,truncated exponential,mixed symmetric unimodal,Gaussian,917.0,0.9008034694464981,False,1.0,0.0,0.9508366116920053,1.458750176198865,2000
1000,0.9,truncated exponential,mixed symmetric unimodal,log-concave,922.0,0.906,False,1.0,0.0,0.9534523226971167,1.4909812652470629,2000
1000,0.9,truncated exponential,mixed symmetric unimodal,"no shape, log-concave",974.0,0.9632120558828557,False,1.0,0.0,0.9854847796321219,2.0459114315162137,2000
1000,0.9,truncated exponential,mixed symmetric unimodal,"no shape, median-zero",962.0,0.95,True,1.0,0.0,0.9771609908837849,1.8618137062783455,2000
1000,0.9,truncated exponential,mixed symmetric unimodal,symmetric unimodal,918.0,0.9017873124108069,True,1.0,0.0,0.951356300101256,1.4650611722410067,2000
1000,0.9,truncated exponential,mixed symmetric unimodal,usual,916.0,0.9,False,1.0,0.0,0.9503135768680627,1.4524470582943239,2000
1000,0.9,truncated exponential,t3,Gaussian,917.0,0.9008034694464981,False,1.0,0.0,0.9478693054512777,1.4240212518657982,2000
1000,0.9,truncated exponential,t3,log-concave,922.0,0.906,False,1.0,0.0,0.9508932429308736,1.459802018530841,2000
1000,0.9,truncated exponential,t3,"no shape, log-concave",974.0,0.9632120558828557,False,1.0,0.0,0.9861205771326631,2.0619208583235653,2000
1000,0.9,truncated exponential,t3,"no shape, median-zero",962.0,0.95,True,1.0,0.0,0.9773696554778196,1.8663395460719145,2000
1000,0.9,truncated exponential,t3,symmetric unimodal,918.0,0.9017873124108069,True,1.0,0.0,0.9484761990092563,1.431060046755184,2000
1000,0.9,truncated exponential,t3,usual,916.0,0.9,False,1.0,0.0,0.9472744121820961,1.4171526806966945,2000
1000,0.9,truncated exponential,uniform,Gaussian,917.0,0.9008034694464981,False,1.0,0.0,0.950369738490041,1.4525698512989165,2000
1000,0.9,truncated exponential,uniform,log-concave,922.0,0.906,True,1.0,0.0,0.9526600386302603,1.480524566600577,2000
1000,0.9,truncated exponential,uniform,"no shape, log-concave",974.0,0.9632120558828557,True,1.0,0.0,0.9832959717804688,1.9932457501475267,2000
1000,0.9,truncated exponential,uniform,"no shape, median-zero",962.0,0.95,True,1.0,0.0,0.9748819412869885,1.8175850350132516,2000
1000,0.9,truncated exponential,uniform,symmetric unimodal,918.0,0.9017873124108069,True,1.0,0.0,0.9508297305420677,1.4581181756408332,2000
1000,0.9,truncated exponential,uniform,usual,916.0,0.9,False,1.0,0.0,0.9499389696562406,1.4474273774840762,2000
1000,0.95,Laplace,Gaussian,Gaussian,962.0,0.9501589751489206,True,1.0,0.0,0.9794490237892074,1.3012277780196868,2000
1000,0.95,Laplace,Gaussian,"no shape, log-concave",989.0,0.9816060279414278,True,1.0,0.0,0.9939382215063401,1.719417012672475,2000
1000,0.95,Laplace,Gaussian,"no shape, median-zero",984.0,0.975,True,1.0,0.0,0.9913132637916939,1.594637029606956,2000
1000,0.95,Laplace,Gaussian,symmetric unimodal,962.0,0.950431124223492,True,1.0,0.0,0.9794490237892074,1.3012277780196868,2000
1000,0.95,Laplace,Gaussian,usual,962.0,0.95,False,1.0,0.0,0.9794490237892074,1.3012277780196868,2000
1000,0.95,Laplace,Laplace,Gaussian,962.0,0.9501589751489206,False,1.0,0.0,0.9807958064428001,1.3246199348918077,2000
1000,0.95,Laplace,Laplace,"no shape, log-concave",989.0,0.9816060279414278,True,1.0,0.0,0.9948973320915736,1.7786572337030566,2000
1000,0.95,Laplace,Laplace,"no shape, median-zero",984.0,0.975,True,1.0,0.0,0.9924934662047472,1.64486305320028,2000
1000,0.95,Laplace,Laplace,symmetric unimodal,962.0,0.950431124223492,True,1.0,0.0,0.9807958064428001,1.3246199348918077,2000
1000,0.95,Laplace,Laplace,usual,962.0,0.95,False,1.0,0.0,0.9807958064428001,1.3246199348918077,2000
1000,0.95,Laplace,centred exp,Gaussian,962.0,0.9501589751489206,False,1.0,0.0,0.9806271580036386,1.3227578752373463,2000
1000,0.95,Laplace,centred exp,"no shape, log-concave",989.0,0.9816060279414278,True,1.0,0.0,0.9953197352862354,1.8132971016883161,2000
1000,0.95,Laplace,centred exp,"no shape, median-zero",984.0,0.975,False,1.0,0.0,0.9928514703731552,1.6643807339532037,2000
1000,0.95,Laplace,centred exp,symmetric unimodal,962.0,0.950431124223492,False,1.0,0.0,0.9806271580036386,1.3227578752373463,2000
1000,0.95,Laplace,centred exp,usual,962.0,0.95,False,1.0,0.0,0.9806271580036386,1.3227578752373463,2000
1000,0.95,Laplace,mixed across classes,Gaussian,962.0,0.9501589751489206,False,1.0,0.0,0.9796730720686453,1.3054783215352277,2000
1000,0.95,Laplace,mixed across classes,"no shape, log-concave",989.0,0.9816060279414278,False,1.0,0.0,0.9945806717090625,1.7592911647873295,2000
1000,0.95,Laplace,mixed across classes,"no shape, median-zero",984.0,0.975,False,1.0,0.0,0.9919443925922221,1.6213079224812474,2000
1000,0.95,Laplace,mixed across classes,symmetric unimodal,962.0,0.950431124223492,False,1.0,0.0,0.9796730720686453,1.3054783215352277,2000
1000,0.95,Laplace,mixed across classes,usual,962.0,0.95,False,1.0,0.0,0.9796730720686453,1.3054783215352277,2000
1000,0.95,Laplace,mixed log-concave,Gaussian,962.0,0.9501589751489206,False,1.0,0.0,0.9800646162190638,1.3119738795659068,2000
1000,0.95,Laplace,mixed log-concave,"no shape, log-concave",989.0,0.9816060279414278,True,1.0,0.0,0.9946465103745158,1.764012535704209,2000
1000,0.95,Laplace,mixed log-concave,"no shape, median-zero",984.0,0.975,False,1.0,0.0,0.9920838555514001,1.6278033766545181,2000
1000,0.95,Laplace,mixed log-concave,symmetric unimodal,962.0,0.950431124223492,False,1.0,0.0,0.9800646162190638,1.3119738795659068,2000
1000,0.95,Laplace,mixed log-concave,usual,962.0,0.95,False,1.0,0.0,0.9800646162190638,1.3119738795659068,2000
1000,0.95,Laplace,mixed symmetric unimodal,Gaussian,962.0,0.9501589751489206,False,1.0,0.0,0.9792947513278215,1.2991409921529007,2000
1000,0.95,Laplace,mixed symmetric unimodal,"no shape, log-concave",989.0,0.9816060279414278,False,1.0,0.0,0.994279863550649,1.7409599819352384,2000
1000,0.95,Laplace,mixed symmetric unimodal,"no shape, median-zero",984.0,0.975,True,1.0,0.0,0.9916456004166748,1.6096898653783174,2000
1000,0.95,Laplace,mixed symmetric unimodal,symmetric unimodal,962.0,0.950431124223492,True,1.0,0.0,0.9792947513278215,1.2991409921529007,2000
1000,0.95,Laplace,mixed symmetric unimodal,usual,962.0,0.95,False,1.0,0.0,0.9792947513278215,1.2991409921529007,2000
1000,0.95,Laplace,t3,Gaussian,962.0,0.9501589751489206,False,1.0,0.0,0.9791222046188008,1.2972219888844347,2000
1000,0.95,Laplace,t3,"no shape, log-concave",989.0,0.9816060279414278,False,1.0,0.0,0.9950118328752423,1.7915732360427037,2000
1000,0.95,Laplace,t3,"no shape, median-zero",984.0,0.975,True,1.0,0.0,0.9922999403783719,1.6393945490802861,2000
1000,0.95,Laplace,t3,symmetric unimodal,962.0,0.950431124223492,True,1.0,0.0,0.9791222046188008,1.2972219888844347,2000
1000,0.95,Laplace,t3,usual,962.0,0.95,False,1.0,0.0,0.9791222046188008,1.2972219888844347,2000
1000,0.95,Laplace,uniform,Gaussian,962.0,0.9501589751489206,False,1.0,0.0,0.978083181184268,1.2795040628326597,2000
1000,0.95,Laplace,uniform,"no shape, log-concave",989.0,0.9816060279414278,True,1.0,0.0,0.9932603062389724,1.6827922267898794,2000
1000,0.95,Laplace,uniform,"no shape, median-zero",984.0,0.975,True,1.0,0.0,0.9904693693048005,1.5628329575740472,2000
1000,0.95,Laplace,uniform,symmetric unimodal,962.0,0.950431124223492,True,1.0,0.0,0.978083181184268,1.2795040628326597,2000
1000,0.95,Laplace,uniform,usual,962.0,0.95,False,1.0,0.0,0.978083181184268,1.2795040628326597,2000
1000,0.95,bimodal,Gaussian,Gaussian,962.0,0.9501589751489206,True,1.0,0.0,0.9967303787848585,1.3891794446097256,2000
1000,0.95,bimodal,Gaussian,"no shape, log-concave",989.0,0.9816060279414278,True,1.0,0.0,0.9998210093029657,1.7126976067859683,2000
1000,0.95,bimodal,Gaussian,"no shape, median-zero",984.0,0.975,True,1.0,0.0,0.9995697297322501,1.6183596906993494,2000
1000,0.95,bimodal,Gaussian,symmetric unimodal,962.0,0.950431124223492,True,1.0,0.0,0.9967303787848585,1.3891794446097256,2000
1000,0.95,bimodal,Gaussian,usual,962.0,0.95,False,1.0,0.0,0.9967303787848585,1.3891794446097256,2000
1000,0.95,bimodal,Laplace,Gaussian,962.0,0.9501589751489206,False,1.0,0.0,0.9965969009912823,1.3872338730852996,2000
1000,0.95,bimodal,Laplace,"no shape, log-concave",989.0,0.9816060279414278,True,1.0,0.0,0.999904618088671,1.7926671289416731,2000
1000,0.95,bimodal,Laplace,"no shape, median-zero",984.0,0.975,True,1.0,0.0,0.999698666871949,1.6664881413032309,2000
1000,0.95,bimodal,Laplace,symmetric unimodal,962.0,0.950431124223492,True,1.0,0.0,0.9965969009912823,1.3872338730852996,2000
1000,0.95,bimodal,Laplace,usual,962.0,0.95,False,1.0,0.0,0.9965969009912823,1.3872338730852996,2000
1000,0.95,bimodal,centred exp,Gaussian,962.0,0.9501589751489206,False,1.0,0.0,0.9963095871854605,1.3762038639046792,2000
1000,0.95,bimodal,centred exp,"no shape, log-concave",989.0,0.9816060279414278,True,1.0,0.0,0.999896927895867,1.7935178670855414,2000
1000,0.95,bimodal,centred exp,"no shape, median-zero",984.0,0.975,False,1.0,0.0,0.999645641444545,1.652755227835794,2000
1000,0.95,bimodal,centred exp,symmetric unimodal,962.0,0.950431124223492,False,1.0,0.0,0.9963095871854605,1.3762038639046792,2000
1000,0.95,bimodal,centred exp,usual,962.0,0.95,False,1.0,0.0,0.9963095871854605,1.3762038639046792,2000
1000,0.95,bimodal,mixed across classes,Gaussian,962.0,0.9501589751489206,False,1.0,0.0,0.9961748222040134,1.3714099771700703,2000
1000,0.95,bimodal,mixed across classes,"no shape, log-concave",989.0,0.9816060279414278,False,1.0,0.0,0.9998557680998283,1.7470291249463459,2000
1000,0.95,bimodal,mixed across classes,"no shape, median-zero",984.0,0.975,False,1.0,0.0,0.9995866432005832,1.629085862178004,2000
1000,0.95,bimodal,mixed across classes,symmetric unimodal,962.0,0.950431124223492,False,1.0,0.0,0.9961748222040134,1.3714099771700703,2000
1000,0.95,bimodal,mixed across classes,usual,962.0,0.95,False,1.0,0.0,0.9961748222040134,1.3714099771700703,2000
1000,0.95,bimodal,mixed log-concave,Gaussian,962.0,0.9501589751489206,False,1.0,0.0,0.9963955593414233,1.3787464064728088,2000
1000,0.95,bimodal,mixed log-concave,"no shape, log-concave",989.0,0.9816060279414278,True,1.0,0.0,0.9998584674553804,1.7452382635425079,2000
1000,0.95,bimodal,mixed log-concave,"no shape, median-zero",984.0,0.975,False,1.0,0.0,0.9995963482555182,1.630861475956073,2000
1000,0.95,bimodal,mixed log-concave,symmetric unimodal,962.0,0.950431124223492,False,1.0,0.0,0.9963955593414233,1.3787464064728088,2000
1000,0.95,bimodal,mixed log-concave,usual,962.0,0.95,False,1.0,0.0,0.9963955593414233,1.3787464064728088,2000
1000,0.95,bimodal,mixed symmetric unimodal,Gaussian,962.0,0.9501589751489206,False,1.0,0.0,0.9962317505215524,1.3725722416145862,2000
1000,0.95,bimodal,mixed symmetric unimodal,"no shape, log-concave",989.0,0.9816060279414278,False,1.0,0.0,0.9998274157133509,1.7211532812857129,2000
1000,0.95,bimodal,mixed symmetric unimodal,"no shape, median-zero",984.0,0.975,True,1.0,0.0,0.999539029700628,1.6139010221494454,2000
1000,0.95,bimodal,mixed symmetric unimodal,symmetric unimodal,962.0,0.950431124223492,True,1.0,0.0,0.9962317505215524,1.3725722416145862,2000
1000,0.95,bimodal,mixed symmetric unimodal,usual,962.0,0.95,False,1.0,0.0,0.9962317505215524,1.3725722416145862,2000
1000,0.95,bimodal,t3,Gaussian,962.0,0.9501589751489206,False,1.0,0.0,0.9945481192634433,1.328640599666447,2000
1000,0.95,bimodal,t3,"no shape, log-concave",989.0,0.9816060279414278,False,1.0,0.0,0.999838870354508,1.7582948394023106,2000
1000,0.95,bimodal,t3,"no shape, median-zero",984.0,0.975,True,1.0,0.0,0.999474138873255,1.6142013604547996,2000
1000,0.95,bimodal,t3,symmetric unimodal,962.0,0.950431124223492,True,1.0,0.0,0.9945481192634433,1.328640599666447,2000
1000,0.95,bimodal,t3,usual,962.0,0.95,False,1.0,0.0,0.9945481192634433,1.328640599666447,2000
1000,0.95,bimodal,uniform,Gaussian,962.0,0.9501589751489206,False,1.0,0.0,0.9964444478380471,1.37830207483426,2000
1000,0.95,bimodal,uniform,"no shape, log-concave",989.0,0.9816060279414278,True,1.0,0.0,0.9996911750340334,1.650047292781267,2000
1000,0.95,bimodal,uniform,"no shape, median-zero",984.0,0.975,True,1.0,0.0,0.9993617332997164,1.5735434581110377,2000
1000,0.95,bimodal,uniform,symmetric unimodal,962.0,0.950431124223492,True,1.0,0.0,0.9964444478380471,1.37830207483426,2000
1000,0.95,bimodal,uniform,usual,962.0,0.95,False,1.0,0.0,0.9964444478380471,1.37830207483426,2000
1000,0.95,centred gamma,Gaussian,Gaussian,962.0,0.9501589751489206,True,1.0,0.0,0.9790067221688401,1.380843298661436,2000
1000,0.95,centred gamma,Gaussian,"no shape, log-concave",989.0,0.9816060279414278,True,1.0,0.0,0.9931344890511988,1.863989998092641,2000
1000,0.95,centred gamma,Gaussian,"no shape, median-zero",984.0,0.975,True,1.0,0.0,0.9903859966555715,1.7186365027218544,2000
1000,0.95,centred gamma,Gaussian,symmetric unimodal,962.0,0.950431124223492,True,1.0,0.0,0.9790067221688401,1.380843298661436,2000
1000,0.95,centred gamma,Gaussian,usual,962.0,0.95,False,1.0,0.0,0.9790067221688401,1.380843298661436,2000
1000,0.95,centred gamma,Laplace,Gaussian,962.0,0.9501589751489206,False,1.0,0.0,0.9807464573643467,1.4187677017283424,2000
1000,0.95,centred gamma,Laplace,"no shape, log-concave",989.0,0.9816060279414278,True,1.0,0.0,0.9943276523686898,1.9456905507063467,2000
1000,0.95,centred gamma,Laplace,"no shape, median-zero",984.0,0.975,True,1.0,0.0,0.9917994369608969,1.7866764563811388,2000
1000,0.95,centred gamma,Laplace,symmetric unimodal,962.0,0.950431124223492,True,1.0,0.0,0.9807464573643467,1.4187677017283424,2000
1000,0.95,centred gamma,Laplace,usual,962.0,0.95,False,1.0,0.0,0.9807464573643467,1.4187677017283424,2000
1000,0.95,centred gamma,centred exp,Gaussian,962.0,0.9501589751489206,False,1.0,0.0,0.9777318489894156,1.3588230123959413,2000
1000,0.95,centred gamma,centred exp,"no shape, log-concave",989.0,0.9816060279414278,True,1.0,0.0,0.9945708651474859,1.9711963124174696,2000
1000,0.95,centred gamma,centred exp,"no shape, median-zero",984.0,0.975,False,1.0,0.0,0.9917227094348273,1.7870768497920293,2000
1000,0.95,centred gamma,centred exp,symmetric unimodal,962.0,0.950431124223492,False,1.0,0.0,0.9777318489894156,1.3588230123959413,2000
1000,0.95,centred gamma,centred exp,usual,962.0,0.95,False,1.0,0.0,0.9777318489894156,1.3588230123959413,2000
1000,0.95,centred gamma,mixed across classes,Gaussian,962.0,0.9501589751489206,False,1.0,0.0,0.9793086518324591,1.3878608871483844,2000
1000,0.95,centred gamma,mixed across classes,"no shape, log-concave",989.0,0.9816060279414278,False,1.0,0.0,0.9939888887240943,1.9232786259183074,2000
1000,0.95,centred gamma,mixed across classes,"no shape, median-zero",984.0,0.975,False,1.0,0.0,0.9912518434362448,1.7606007014628704,2000
1000,0.95,centred gamma,mixed across classes,symmetric unimodal,962.0,0.950431124223492,False,1.0,0.0,0.9793086518324591,1.3878608871483844,2000
1000,0.95,centred gamma,mixed across classes,usual,962.0,0.95,False,1.0,0.0,0.9793086518324591,1.3878608871483844,2000
1000,0.95,centred gamma,mixed log-concave,Gaussian,962.0,0.9501589751489206,False,1.0,0.0,0.9795921322614898,1.3935999670781538,2000
1000,0.95,centred gamma,mixed log-concave,"no shape, log-concave",989.0,0.9816060279414278,True,1.0,0.0,0.9939540830092257,1.9193193216686908,2000
1000,0.95,centred gamma,mixed log-concave,"no shape, median-zero",984.0,0.975,False,1.0,0.0,0.991249665019196,1.7593521159311922,2000
1000,0.95,centred gamma,mixed log-concave,symmetric unimodal,962.0,0.950431124223492,False,1.0,0.0,0.9795921322614898,1.3935999670781538,2000
1000,0.95,centred gamma,mixed log-concave,usual,962.0,0.95,False,1.0,0.0,0.9795921322614898,1.3935999670781538,2000
1000,0.95,centred gamma,mixed symmetric unimodal,Gaussian,962.0,0.9501589751489206,False,1.0,0.0,0.9789827769180449,1.3808732083004789,2000
1000,0.95,centred gamma,mixed symmetric unimodal,"no shape, log-concave",989.0,0.9816060279414278,False,1.0,0.0,0.9935884082151992,1.8963457022600747,2000
1000,0.95,centred gamma,mixed symmetric unimodal,"no shape, median-zero",984.0,0.975,True,1.0,0.0,0.9908112927264101,1.7389852049171763,2000
1000,0.95,centred gamma,mixed symmetric unimodal,symmetric unimodal,962.0,0.950431124223492,True,1.0,0.0,0.9789827769180449,1.3808732083004789,2000
1000,0.95,centred gamma,mixed symmetric unimodal,usual,962.0,0.95,False,1.0,0.0,0.9789827769180449,1.3808732083004789,2000
1000,0.95,centred gamma,t3,Gaussian,962.0,0.9501589751489206,False,1.0,0.0,0.9788874060086095,1.3802653201560204,2000
1000,0.95,centred gamma,t3,"no shape, log-concave",989.0,0.9816060279414278,False,1.0,0.0,0.994461529073027,1.9602261467576945,2000
1000,0.95,centred gamma,t3,"no shape, median-zero",984.0,0.975,True,1.0,0.0,0.9916710060996696,1.782109927952005,2000
1000,0.95,centred gamma,t3,symmetric unimodal,962.0,0.950431124223492,True,1.0,0.0,0.9788874060086095,1.3802653201560204,2000
1000,0.95,centred gamma,t3,usual,962.0,0.95,False,1.0,0.0,0.9788874060086095,1.3802653201560204,2000
1000,0.95,centred gamma,uniform,Gaussian,962.0,0.9501589751489206,False,1.0,0.0,0.9770824644206403,1.3426854265680768,2000
1000,0.95,centred gamma,uniform,"no shape, log-concave",989.0,0.9816060279414278,True,1.0,0.0,0.9922870316877473,1.8161871142342938,2000
1000,0.95,centred gamma,uniform,"no shape, median-zero",984.0,0.975,True,1.0,0.0,0.9892257284568962,1.670799237290046,2000
1000,0.95,centred gamma,uniform,symmetric unimodal,962.0,0.950431124223492,True,1.0,0.0,0.9770824644206403,1.3426854265680768,2000
1000,0.95,centred gamma,uniform,usual,962.0,0.95,False,1.0,0.0,0.9770824644206403,1.3426854265680768,2000
1000,0.95,normal,Gaussian,Gaussian,962.0,0.9501589751489206,True,1.0,0.0,0.9909108207886574,1.336211990856502,2000
1000,0.95,normal,Gaussian,"no shape, log-concave",989.0,0.9816060279414278,True,1.0,0.0,0.9987660315743261,1.6650618060639681,2000
1000,0.95,normal,Gaussian,"no shape, median-zero",984.0,0.975,True,1.0,0.0,0.9977267060831303,1.569104748976495,2000
1000,0.95,normal,Gaussian,symmetric unimodal,962.0,0.950431124223492,True,1.0,0.0,0.9909108207886574,1.336211990856502,2000
1000,0.95,normal,Gaussian,usual,962.0,0.95,False,1.0,0.0,0.9909108207886574,1.336211990856502,2000
1000,0.95,normal,Laplace,Gaussian,962.0,0.9501589751489206,False,1.0,0.0,0.9911685421831842,1.3422433957243052,2000
1000,0.95,normal,Laplace,"no shape, log-concave",989.0,0.9816060279414278,True,1.0,0.0,0.9991577230530957,1.731567947594571,2000
1000,0.95,normal,Laplace,"no shape, median-zero",984.0,0.975,True,1.0,0.0,0.9982385412538093,1.6137613461620754,2000
1000,0.95,normal,Laplace,symmetric unimodal,962.0,0.950431124223492,True,1.0,0.0,0.9911685421831842,1.3422433957243052,2000
1000,0.95,normal,Laplace,usual,962.0,0.95,False,1.0,0.0,0.9911685421831842,1.3422433957243052,2000
1000,0.95,normal,centred exp,Gaussian,962.0,0.9501589751489206,False,1.0,0.0,0.9905064866103999,1.3293859952758773,2000
1000,0.95,normal,centred exp,"no shape, log-concave",989.0,0.9816060279414278,True,1.0,0.0,0.9991712111829963,1.7396961785772729,2000
1000,0.95,normal,centred exp,"no shape, median-zero",984.0,0.975,False,1.0,0.0,0.9981686810632002,1.6102888574180514,2000
1000,0.95,normal,centred exp,symmetric unimodal,962.0,0.950431124223492,False,1.0,0.0,0.9905064866103999,1.3293859952758773,2000
1000,0.95,normal,centred exp,usual,962.0,0.95,False,1.0,0.0,0.9905064866103999,1.3293859952758773,2000
1000,0.95,normal,mixed across classes,Gaussian,962.0,0.9501589751489206,False,1.0,0.0,0.9902503274972496,1.3246458494063449,2000
1000,0.95,normal,mixed across classes,"no shape, log-concave",989.0,0.9816060279414278,False,1.0,0.0,0.9989154291606671,1.6923998319725566,2000
1000,0.95,normal,mixed across classes,"no shape, median-zero",984.0,0.975,False,1.0,0.0,0.9978316156375103,1.5808041497588396,2000
1000,0.95,normal,mixed across classes,symmetric unimodal,962.0,0.950431124223492,False,1.0,0.0,0.9902503274972496,1.3246458494063449,2000
1000,0.95,normal,mixed across classes,usual,962.0,0.95,False,1.0,0.0,0.9902503274972496,1.3246458494063449,2000
1000,0.95,normal,mixed log-concave,Gaussian,962.0,0.9501589751489206,False,1.0,0.0,0.9906440634147057,1.3315102825810818,2000
1000,0.95,normal,mixed log-concave,"no shape, log-concave",989.0,0.9816060279414278,True,1.0,0.0,0.9989429783134055,1.6942857423500255,2000
1000,0.95,normal,mixed log-concave,"no shape, median-zero",984.0,0.975,False,1.0,0.0,0.9979146806016284,1.585760450332607,2000
1000,0.95,normal,mixed log-concave,symmetric unimodal,962.0,0.950431124223492,False,1.0,0.0,0.9906440634147057,1.3315102825810818,2000
1000,0.95,normal,mixed log-concave,usual,962.0,0.95,False,1.0,0.0,0.9906440634147057,1.3315102825810818,2000
1000,0.95,normal,mixed symmetric unimodal,Gaussian,962.0,0.9501589751489206,False,1.0,0.0,0.990515522330038,1.3290390394014864,2000
1000,0.95,normal,mixed symmetric unimodal,"no shape, log-concave",989.0,0.9816060279414278,False,1.0,0.0,0.9988150836718055,1.6768425258829434,2000
1000,0.95,normal,mixed symmetric unimodal,"no shape, median-zero",984.0,0.975,True,1.0,0.0,0.997730127503794,1.5720018036540602,2000
1000,0.95,normal,mixed symmetric unimodal,symmetric unimodal,962.0,0.950431124223492,True,1.0,0.0,0.990515522330038,1.3290390394014864,2000
1000,0.95,normal,mixed symmetric unimodal,usual,962.0,0.95,False,1.0,0.0,0.990515522330038,1.3290390394014864,2000
1000,0.95,normal,t3,Gaussian,962.0,0.9501589751489206,False,1.0,0.0,0.9887279512486827,1.2989174711712885,2000
1000,0.95,normal,t3,"no shape, log-concave",989.0,0.9816060279414278,False,1.0,0.0,0.9989472159067115,1.7067549153288328,2000
1000,0.95,normal,t3,"no shape, median-zero",984.0,0.975,True,1.0,0.0,0.9977105389770975,1.5764339604778634,2000
1000,0.95,normal,t3,symmetric unimodal,962.0,0.950431124223492,True,1.0,0.0,0.9887279512486827,1.2989174711712885,2000
1000,0.95,normal,t3,usual,962.0,0.95,False,1.0,0.0,0.9887279512486827,1.2989174711712885,2000
1000,0.95,normal,uniform,Gaussian,962.0,0.9501589751489206,False,1.0,0.0,0.9902730229043024,1.3233253666724627,2000
1000,0.95,normal,uniform,"no shape, log-concave",989.0,0.9816060279414278,True,1.0,0.0,0.9982837462724679,1.6122712774768033,2000
1000,0.95,normal,uniform,"no shape, median-zero",984.0,0.975,True,1.0,0.0,0.9971448743635786,1.5308326063580233,2000
1000,0.95,normal,uniform,symmetric unimodal,962.0,0.950431124223492,True,1.0,0.0,0.9902730229043024,1.3233253666724627,2000
1000,0.95,normal,uniform,usual,962.0,0.95,False,1.0,0.0,0.9902730229043024,1.3233253666724627,2000
1000,0.95,t3,Gaussian,Gaussian,962.0,0.9501589751489206,False,1.0,0.0,0.9790636342460843,1.4087410611784277,2000
1000,0.95,t3,Gaussian,"no shape, log-concave",989.0,0.9816060279414278,True,1.0,0.0,0.9918622288995567,1.999613816195173,2000
1000,0.95,t3,Gaussian,"no shape, median-zero",984.0,0.975,True,1.0,0.0,0.9892308549802115,1.8028043958953772,2000
1000,0.95,t3,Gaussian,symmetric unimodal,962.0,0.950431124223492,False,1.0,0.0,0.9790636342460843,1.4087410611784277,2000
1000,0.95,t3,Gaussian,usual,962.0,0.95,False,1.0,0.0,0.9790636342460843,1.4087410611784277,2000
1000,0.95,t3,Laplace,Gaussian,962.0,0.9501589751489206,False,1.0,0.0,0.980580750085593,1.4498644504380491,2000
1000,0.95,t3,Laplace,"no shape, log-concave",989.0,0.9816060279414278,True,1.0,0.0,0.9929607434644481,2.10674084817376,2000
1000,0.95,t3,Laplace,"no shape, median-zero",984.0,0.975,True,1.0,0.0,0.9905388795980038,1.8899641886335354,2000
1000,0.95,t3,Laplace,symmetric unimodal,962.0,0.950431124223492,False,1.0,0.0,0.980580750085593,1.4498644504380491,2000
1000,0.95,t3,Laplace,usual,962.0,0.95,False,1.0,0.0,0.980580750085593,1.4498644504380491,2000
1000,0.95,t3,centred exp,Gaussian,962.0,0.9501589751489206,False,1.0,0.0,0.9803970973408884,1.445564636310599,2000
1000,0.95,t3,centred exp,"no shape, log-concave",989.0,0.9816060279414278,True,1.0,0.0,0.9933780106205546,2.1540595321629543,2000
1000,0.95,t3,centred exp,"no shape, median-zero",984.0,0.975,False,1.0,0.0,0.9909776421824682,1.9241658354033488,2000
1000,0.95,t3,centred exp,symmetric unimodal,962.0,0.950431124223492,False,1.0,0.0,0.9803970973408884,1.445564636310599,2000
1000,0.95,t3,centred exp,usual,962.0,0.95,False,1.0,0.0,0.9803970973408884,1.445564636310599,2000
1000,0.95,t3,mixed across classes,Gaussian,962.0,0.9501589751489206,False,1.0,0.0,0.9796498108770991,1.4246251707094957,2000
1000,0.95,t3,mixed across classes,"no shape, log-concave",989.0,0.9816060279414278,False,1.0,0.0,0.9927694213920172,2.0887437905773028,2000
1000,0.95,t3,mixed across classes,"no shape, median-zero",984.0,0.975,False,1.0,0.0,0.9902177534666625,1.8687629051652714,2000
1000,0.95,t3,mixed across classes,symmetric unimodal,962.0,0.950431124223492,False,1.0,0.0,0.9796498108770991,1.4246251707094957,2000
1000,0.95,t3,mixed across classes,usual,962.0,0.95,False,1.0,0.0,0.9796498108770991,1.4246251707094957,2000
1000,0.95,t3,mixed log-concave,Gaussian,962.0,0.9501589751489206,False,1.0,0.0,0.9795738571472951,1.4220955769920962,2000
1000,0.95,t3,mixed log-concave,"no shape, log-concave",989.0,0.9816060279414278,True,1.0,0.0,0.9926717741633782,2.07853026813702,2000
1000,0.95,t3,mixed log-concave,"no shape, median-zero",984.0,0.975,False,1.0,0.0,0.9900858085069472,1.8599096343369288,2000
1000,0.95,t3,mixed log-concave,symmetric unimodal,962.0,0.950431124223492,False,1.0,0.0,0.9795738571472951,1.4220955769920962,2000
1000,0.95,t3,mixed log-concave,usual,962.0,0.95,False,1.0,0.0,0.9795738571472951,1.4220955769920962,2000
1000,0.95,t3,mixed symmetric unimodal,Gaussian,962.0,0.9501589751489206,False,1.0,0.0,0.9789630928426819,1.406660854617423,2000
1000,0.95,t3,mixed symmetric unimodal,"no shape, log-concave",989.0,0.9816060279414278,False,1.0,0.0,0.9923725497046542,2.0485165257935005,2000
1000,0.95,t3,mixed symmetric unimodal,"no shape, median-zero",984.0,0.975,True,1.0,0.0,0.9897265108397023,1.8357400409007483,2000
1000,0.95,t3,mixed symmetric unimodal,symmetric unimodal,962.0,0.950431124223492,False,1.0,0.0,0.9789630928426819,1.406660854617423,2000
1000,0.95,t3,mixed symmetric unimodal,usual,962.0,0.95,False,1.0,0.0,0.9789630928426819,1.406660854617423,2000
1000,0.95,t3,t3,Gaussian,962.0,0.9501589751489206,False,1.0,0.0,0.9790638519726593,1.4108793208319304,2000
1000,0.95,t3,t3,"no shape, log-concave",989.0,0.9816060279414278,False,1.0,0.0,0.9932701440861056,2.149102989521546,2000
1000,0.95,t3,t3,"no shape, median-zero",984.0,0.975,True,1.0,0.0,0.9906136619276746,1.9013351208593012,2000
1000,0.95,t3,t3,symmetric unimodal,962.0,0.950431124223492,False,1.0,0.0,0.9790638519726593,1.4108793208319304,2000
1000,0.95,t3,t3,usual,962.0,0.95,False,1.0,0.0,0.9790638519726593,1.4108793208319304,2000
1000,0.95,t3,uniform,Gaussian,962.0,0.9501589751489206,False,1.0,0.0,0.9773722747686563,1.3674956861339826,2000
1000,0.95,t3,uniform,"no shape, log-concave",989.0,0.9816060279414278,True,1.0,0.0,0.9911723973040223,1.9420029538236496,2000
1000,0.95,t3,uniform,"no shape, median-zero",984.0,0.975,True,1.0,0.0,0.9882770039133335,1.7487756230817262,2000
1000,0.95,t3,uniform,symmetric unimodal,962.0,0.950431124223492,False,1.0,0.0,0.9773722747686563,1.3674956861339826,2000
1000,0.95,t3,uniform,usual,962.0,0.95,False,1.0,0.0,0.9773722747686563,1.3674956861339826,2000
1000,0.95,truncated exponential,Gaussian,Gaussian,962.0,0.9501589751489206,True,1.0,0.0,0.9773730143054986,1.2896340126706785,2000
1000,0.95,truncated exponential,Gaussian,"no shape, log-concave",989.0,0.9816060279414278,True,1.0,0.0,0.9966808841347945,1.6537993441304564,2000
1000,0.95,truncated exponential,Gaussian,"no shape, median-zero",984.0,0.975,True,1.0,0.0,0.9927514228077203,1.5545186073653685,2000
1000,0.95,truncated exponential,Gaussian,symmetric unimodal,962.0,0.950431124223492,True,1.0,0.0,0.9773730143054986,1.2896340126706785,2000
1000,0.95,truncated exponential,Gaussian,usual,962.0,0.95,False,1.0,0.0,0.9773730143054986,1.2896340126706785,2000
1000,0.95,truncated exponential,Laplace,Gaussian,962.0,0.9501589751489206,False,1.0,0.0,0.9795017867397328,1.3197225610261794,2000
1000,0.95,truncated exponential,Laplace,"no shape, log-concave",989.0,0.9816060279414278,True,1.0,0.0,0.9979953935297392,1.69731384205372,2000
1000,0.95,truncated exponential,Laplace,"no shape, median-zero",984.0,0.975,True,1.0,0.0,0.9944346082286181,1.5928411883613138,2000
1000,0.95,truncated exponential,Laplace,symmetric unimodal,962.0,0.950431124223492,True,1.0,0.0,0.9795017867397328,1.3197225610261794,2000
1000,0.95,truncated exponential,Laplace,usual,962.0,0.95,False,1.0,0.0,0.9795017867397328,1.3197225610261794,2000
1000,0.95,truncated exponential,centred exp,Gaussian,962.0,0.9501589751489206,False,1.0,0.0,0.9816694102273105,1.3519169677247045,2000
1000,0.95,truncated exponential,centred exp,"no shape, log-concave",989.0,0.9816060279414278,True,1.0,0.0,0.9987454414219749,1.7262221678477112,2000
1000,0.95,truncated exponential,centred exp,"no shape, median-zero",984.0,0.975,False,1.0,0.0,0.9958530324422739,1.6277043850962836,2000
1000,0.95,truncated exponential,centred exp,symmetric unimodal,962.0,0.950431124223492,False,1.0,0.0,0.9816694102273105,1.3519169677247045,2000
1000,0.95,truncated exponential,centred exp,usual,962.0,0.95,False,1.0,0.0,0.9816694102273105,1.3519169677247045,2000
1000,0.95,truncated exponential,mixed across classes,Gaussian,962.0,0.9501589751489206,False,1.0,0.0,0.9779746044892577,1.2981651476831328,2000
1000,0.95,truncated exponential,mixed across classes,"no shape, log-concave",989.0,0.9816060279414278,False,1.0,0.0,0.9975719267983831,1.6853991295042952,2000
1000,0.95,truncated exponential,mixed across classes,"no shape, median-zero",984.0,0.975,False,1.0,0.0,0.9937226241653675,1.5768371450776613,2000
1000,0.95,truncated exponential,mixed across classes,symmetric unimodal,962.0,0.950431124223492,False,1.0,0.0,0.9779746044892577,1.2981651476831328,2000
1000,0.95,truncated exponential,mixed across classes,usual,962.0,0.95,False,1.0,0.0,0.9779746044892577,1.2981651476831328,2000
1000,0.95,truncated exponential,mixed log-concave,Gaussian,962.0,0.9501589751489206,False,1.0,0.0,0.9780464055122929,1.2992351306874084,2000
1000,0.95,truncated exponential,mixed log-concave,"no shape, log-concave",989.0,0.9816060279414278,True,1.0,0.0,0.9975266280496043,1.6820365417536365,2000
1000,0.95,truncated exponential,mixed log-concave,"no shape, median-zero",984.0,0.975,False,1.0,0.0,0.9937684130525092,1.578140600705621,2000
1000,0.95,truncated exponential,mixed log-concave,symmetric unimodal,962.0,0.950431124223492,False,1.0,0.0,0.9780464055122929,1.2992351306874084,2000
1000,0.95,truncated exponential,mixed log-concave,usual,962.0,0.95,False,1.0,0.0,0.9780464055122929,1.2992351306874084,2000
1000,0.95,truncated exponential,mixed symmetric unimodal,Gaussian,962.0,0.9501589751489206,False,1.0,0.0,0.9771609908837849,1.2868879483647024,2000
1000,0.95,truncated exponential,mixed symmetric unimodal,"no shape, log-concave",989.0,0.9816060279414278,False,1.0,0.0,0.9970511452234412,1.6673938746128543,2000
1000,0.95,truncated exponential,mixed symmetric unimodal,"no shape, median-zero",984.0,0.975,True,1.0,0.0,0.9930644712424294,1.5620750449841347,2000
1000,0.95,truncated exponential,mixed symmetric unimodal,symmetric unimodal,962.0,0.950431124223492,True,1.0,0.0,0.9771609908837849,1.2868879483647024,2000
1000,0.95,truncated exponential,mixed symmetric unimodal,usual,962.0,0.95,False,1.0,0.0,0.9771609908837849,1.2868879483647024,2000
1000,0.95,truncated exponential,t3,Gaussian,962.0,0.9501589751489206,False,1.0,0.0,0.9773696554778196,1.2900162144564884,2000
1000,0.95,truncated exponential,t3,"no shape, log-concave",989.0,0.9816060279414278,False,1.0,0.0,0.997592751334992,1.688250156173976,2000
1000,0.95,truncated exponential,t3,"no shape, median-zero",984.0,0.975,True,1.0,0.0,0.9937731988241201,1.578257437868652,2000
1000,0.95,truncated exponential,t3,symmetric unimodal,962.0,0.950431124223492,True,1.0,0.0,0.9773696554778196,1.2900162144564884,2000
1000,0.95,truncated exponential,t3,usual,962.0,0.95,False,1.0,0.0,0.9773696554778196,1.2900162144564884,2000
1000,0.95,truncated exponential,uniform,Gaussian,962.0,0.9501589751489206,False,1.0,0.0,0.9748819412869885,1.2563170358017006,2000
1000,0.95,truncated exponential,uniform,"no shape, log-concave",989.0,0.9816060279414278,True,1.0,0.0,0.995807714290039,1.6289393149690568,2000
1000,0.95,truncated exponential,uniform,"no shape, median-zero",984.0,0.975,True,1.0,0.0,0.9913003253747793,1.5238389779803867,2000
1000,0.95,truncated exponential,uniform,symmetric unimodal,962.0,0.950431124223492,True,1.0,0.0,0.9748819412869885,1.2563170358017006,2000
1000,0.95,truncated exponential,uniform,usual,962.0,0.95,False,1.0,0.0,0.9748819412869885,1.2563170358017006,2000
